date,temperature_2m_mean,relative_humidity_2m_mean,pressure_msl_mean,precipitation_sum,snowfall_sum,shortwave_radiation_sum,cloudcover_mean,wind_u,wind_v
2020-01-01,2.2,87,1032.9,0.0,0.0,2.75,36,-13.675158010271407,4.180915377535135
2020-01-02,-1.4,67,1028.8,0.0,0.0,4.44,9,-2.770363160937916,-7.611510228365858
2020-01-03,0.4,79,1021.9,0.0,0.0,3.03,42,-10.182337649086284,-10.182337649086287
2020-01-04,4.0,86,1018.1,3.6,0.0,1.63,86,-24.954755332287572,3.5071621441936496
2020-01-05,0.1,83,1030.4,0.2,0.14,4.32,14,-15.26486573081567,9.538546756197684
2020-01-06,0.4,81,1030.4,0.4,0.28,1.17,81,-5.970137163813614,-6.867857180027226
2020-01-07,0.8,85,1025.8,0.0,0.0,4.13,48,-8.900965003841158,-3.596223296792758
2020-01-08,3.5,86,1026.6,1.2,0.0,1.21,84,-7.761915033762755,-8.620479975537773
2020-01-09,6.3,91,1020.9,4.4,0.0,1.35,100,-3.2965380220600258,-8.15921792018773
2020-01-10,7.3,80,1016.4,0.0,0.0,1.72,73,-10.874548399772767,-8.496128359494081
2020-01-11,5.2,84,1028.1,0.3,0.0,0.69,97,-17.41102729306174,3.7008280965561178
2020-01-12,2.7,79,1025.3,0.0,0.0,4.4,84,-6.077449283938639,-10.114574148284927
2020-01-13,3.6,79,1022.6,0.0,0.0,2.12,70,-9.512253766110648,-8.564871761393384
2020-01-14,2.6,80,1018.5,0.0,0.0,3.87,60,4.382897142966173,-10.84805109843141
2020-01-15,5.4,55,1019.9,0.0,0.0,4.07,59,1.592040838891559e-15,-13.0
2020-01-16,4.6,80,1028.5,0.0,0.0,4.82,31,-6.728454054896368,-6.274384912574987
2020-01-17,1.8,89,1025.5,0.1,0.0,4.99,27,7.823595300976626,-10.382261630614808
2020-01-18,3.0,87,1023.4,1.5,0.0,0.8,99,-9.334970206477497,-4.352968095929202
2020-01-19,2.3,92,1031.8,0.4,0.0,1.94,98,-7.1497428454041305,5.789747597658504
2020-01-20,1.8,87,1044.9,0.0,0.0,2.51,74,-7.6504380477042835,2.3389736377818937
2020-01-21,0.6,77,1041.0,0.0,0.0,5.48,16,-10.912944725594633,-2.5194518086512905
2020-01-22,1.1,77,1031.4,0.0,0.0,1.13,63,-19.405914525519933,4.838437911993348
2020-01-23,1.8,87,1033.5,0.0,0.0,3.93,60,-10.635923732531847,-1.8754003188028476
2020-01-24,-1.5,80,1024.8,0.0,0.0,5.35,18,-5.933385732543735,-6.362777204086783
2020-01-25,-1.4,83,1022.7,0.0,0.0,4.77,33,-8.56727440358901,-0.7495393876298609
2020-01-26,-2.3,85,1021.0,0.0,0.0,4.42,87,0.8161464350345723,-4.628596439157378
2020-01-27,1.4,85,1014.9,0.0,0.0,5.01,76,-1.5646337620876665,-8.049342904270844
2020-01-28,3.3,82,1000.5,3.7,0.0,3.01,93,-4.906344933542583,-17.110458187702076
2020-01-29,3.2,68,1002.2,0.5,0.14,4.13,81,-22.020763464146317,-5.083893828171355
2020-01-30,4.1,79,1009.9,2.9,0.0,1.56,97,-18.64236844737902,-4.995207570478648
2020-01-31,8.6,77,1004.0,2.4,0.0,2.98,98,-22.46916453197791,-1.177559015466247
2020-02-01,11.1,78,1005.3,4.7,0.0,5.16,95,-14.25944624794672,-9.618117939696841
2020-02-02,8.0,76,1006.3,5.1,0.0,3.21,82,-21.41818600897253,-1.8738484690746524
2020-02-03,6.6,87,1007.3,5.8,0.0,3.44,91,-16.178502271753548,1.9864702975039072
2020-02-04,4.8,88,1003.4,9.1,0.0,2.67,75,-14.508157519713228,9.785875810738073
2020-02-05,2.0,76,1022.1,1.0,0.0,5.11,65,-7.633237325314907,19.88526308439039
2020-02-06,2.2,80,1027.2,0.5,0.0,2.92,94,-21.43613581942451,6.146713034719086
2020-02-07,3.7,90,1028.6,0.9,0.0,1.16,95,-8.593179336787477,9.215056640401551
2020-02-08,1.1,81,1027.6,0.0,0.0,7.89,12,3.3682852386869278,-10.366516027617173
2020-02-09,3.5,72,1019.0,0.0,0.0,8.02,34,-1.7549185450341214,-14.29266458363504
2020-02-10,7.9,61,995.7,8.4,0.0,3.27,76,-25.99878760630815,-16.883810085465836
2020-02-11,4.6,65,997.5,4.4,0.07,7.07,76,-28.64296187725899,-4.5365994861667
2020-02-12,3.6,58,1008.5,0.4,0.21,6.52,44,-28.045517449385308,-2.947702664147825
2020-02-13,3.5,63,1014.3,0.4,0.0,8.4,43,-12.981004779831679,-11.284215298636724
2020-02-14,4.9,86,1013.8,3.1,0.0,4.9,91,-13.644617849922527,2.6522450357339773
2020-02-15,5.0,83,1025.5,0.0,0.0,6.33,82,0.17626930501656274,-10.098461721079552
2020-02-16,8.7,58,1016.3,0.0,0.0,5.56,94,-1.0938214854775203,-20.871357276370592
2020-02-17,10.8,57,1013.9,0.0,0.0,4.0,95,-11.055946886608474,-13.175964421646421
2020-02-18,7.0,66,1019.1,0.9,0.0,7.1,46,-19.259922641605183,-3.0504720682845052
2020-02-19,4.6,74,1016.4,1.7,0.0,6.59,57,-17.582371068511012,-8.198794277769563
2020-02-20,4.5,75,1020.3,1.6,0.07,9.93,59,-13.738617913471815,-3.1718098662485
2020-02-21,4.9,77,1018.8,4.6,0.0,7.53,56,-22.1459219157681,1.5485937171195798
2020-02-22,6.8,58,1020.8,0.0,0.0,6.24,89,-14.867778730388608,-12.924362871112994
2020-02-23,8.8,81,1010.2,19.7,0.0,1.22,99,-23.609814344774367,-2.0655911031195004
2020-02-24,5.5,68,1014.6,0.4,0.0,4.36,83,-25.13874767145907,5.803737202071715
2020-02-25,8.5,82,1000.3,5.8,0.0,3.72,97,-13.753288904374104,-9.992349288972045
2020-02-26,4.6,81,995.1,3.0,0.0,6.37,74,-14.166317603629548,-3.5320596757551495
2020-02-27,2.6,80,1002.2,0.9,0.07,6.25,78,-14.979443021318607,-0.7850393436441646
2020-02-28,2.1,85,1009.7,2.8,0.91,8.1,71,-14.742223287611921,5.956244835313
2020-02-29,3.8,69,1006.4,0.2,0.0,6.23,90,0.8844776605057503,-16.876839137352295
2020-03-01,8.1,67,1001.0,0.0,0.0,8.75,72,-9.065939898606501,-16.3553885235067
2020-03-02,5.7,82,996.5,2.4,0.0,4.13,88,-3.899029633912623,-10.712495876959357
2020-03-03,5.9,86,997.1,5.2,0.0,3.51,100,-8.31685832709017,-11.87770464219038
2020-03-04,4.1,75,1010.1,0.4,0.0,11.71,40,-12.444873091498735,1.9710742595069064
2020-03-05,3.9,71,1007.3,0.2,0.0,10.32,32,2.6319273358232227,-11.40012975798725
2020-03-06,6.0,73,996.4,1.0,0.0,3.52,98,10.286241915118282,-14.157797401561579
2020-03-07,5.1,85,1008.5,2.3,0.0,4.64,88,-18.46135842052859,2.2667697873357473
2020-03-08,5.0,71,1019.1,0.0,0.0,12.29,32,-9.976613913920751,-4.865919729358763
2020-03-09,6.3,71,1013.0,0.4,0.0,6.24,95,-2.6575461516245467,-8.179086040138321
2020-03-10,6.7,75,1011.5,0.1,0.0,11.16,62,-11.384419177103416,-11.38441917710342
2020-03-11,9.8,73,1008.1,4.2,0.0,6.55,83,-21.38222075041788,-2.247361960254547
2020-03-12,11.5,69,1008.6,1.5,0.0,10.04,64,-21.026340659250284,-9.80474367238422
2020-03-13,7.1,58,1012.1,0.6,0.0,12.06,50,-22.1778382667125,-2.33098473086867
2020-03-14,3.7,60,1023.0,0.2,0.0,14.51,36,-10.366375072949973,11.116576264611394
2020-03-15,2.6,55,1026.7,0.0,0.0,15.96,26,8.464107633011615,-11.649844718999242
2020-03-16,6.4,44,1022.1,0.0,0.0,14.78,72,-3.0147195168575127,-14.18314021064018
2020-03-17,8.4,73,1027.0,0.0,0.0,14.14,12,-7.969557584733964,0.6972459419812631
2020-03-18,10.3,76,1027.7,0.0,0.0,15.03,38,-8.30888721782426,-4.6056913923402
2020-03-19,10.6,75,1024.7,0.0,0.0,10.68,52,-8.066139304626184,3.7613025294922267
2020-03-20,7.9,89,1023.7,2.6,0.0,6.88,77,3.708605274817529,9.179120160211196
2020-03-21,4.2,67,1027.0,2.0,0.0,8.3,84,8.356593817588857,15.716467152888901
2020-03-22,0.1,58,1033.8,0.4,0.28,14.79,34,7.887122254802966,14.833519560029973
2020-03-23,-0.4,50,1038.4,0.0,0.0,16.78,25,9.586285512334163,9.926889244673387
2020-03-24,0.2,50,1037.8,0.0,0.0,17.98,0,12.374499822772487,2.8568783901670844
2020-03-25,1.7,46,1033.8,0.0,0.0,18.1,0,16.37752436997501,-0.858309682384279
2020-03-26,3.8,52,1028.7,0.0,0.0,15.27,43,12.083417370530343,0.633265070539622
2020-03-27,7.8,62,1023.0,0.0,0.0,17.03,48,8.834644651028976,1.7172809583889042
2020-03-28,8.7,61,1016.8,0.0,0.0,18.16,19,3.1999999999999997,5.542562584220408
2020-03-29,4.6,74,1017.1,2.2,0.0,6.38,84,-11.183858069414931,16.580751451100838
2020-03-30,1.4,54,1025.4,0.4,0.28,16.44,44,-8.495825279172811,10.491470479669102
2020-03-31,0.9,67,1027.1,1.7,1.19,9.63,75,-4.158133186916627,10.291740785691339
2020-04-01,1.3,56,1022.1,0.0,0.0,19.38,2,-9.508898117504765,-2.3708345768767445
2020-04-02,4.1,56,1012.5,0.0,0.0,15.73,26,-9.46607309763287,-2.5364266420047024
2020-04-03,5.7,58,1012.0,0.3,0.0,8.83,61,-16.497486970080455,0.2879647062151717
2020-04-04,6.3,62,1024.9,0.0,0.0,16.08,47,-4.563792028774431,5.4389155461447425
2020-04-05,7.6,58,1031.4,0.0,0.0,19.91,6,10.755332712974734,-4.34543648362458
2020-04-06,11.5,46,1028.3,0.0,0.0,20.35,0,8.786499338019903,-11.660078446690477
2020-04-07,13.7,44,1029.8,0.0,0.0,20.29,1,-2.266237429913579,-10.661808847998481
2020-04-08,13.1,57,1028.4,0.0,0.0,20.61,0,7.128052193506943,-3.631923997916374
2020-04-09,13.1,46,1021.4,0.0,0.0,18.68,18,-12.325785903698437,5.747608359673515
2020-04-10,10.2,52,1025.2,0.0,0.0,20.56,63,-4.719902932873784,5.8285947109272795
2020-04-11,9.7,55,1025.2,0.0,0.0,19.67,48,4.808417920819242,3.2433188401303314
2020-04-12,12.9,50,1018.0,0.0,0.0,21.09,10,-2.540179903796509,-10.188105125897962
2020-04-13,11.2,50,1010.8,1.1,0.0,14.89,62,-14.90856720605965,10.439091141589037
2020-04-14,5.4,45,1019.1,0.5,0.14,15.66,51,-13.910912710079776,11.26483499979209
2020-04-15,8.2,48,1021.2,0.0,0.0,17.24,54,-19.255395341841645,2.364265262059865
2020-04-16,13.2,44,1016.3,0.0,0.0,20.35,59,-14.619471861913619,1.5365684100344987
2020-04-17,10.9,50,1016.5,0.0,0.0,20.31,67,0.1570716579355516,8.998629256407522
2020-04-18,10.9,41,1017.5,0.0,0.0,22.74,8,9.177589262390383,0.6417595584459521
2020-04-19,9.2,35,1019.8,0.0,0.0,20.3,43,9.873274971858802,9.206977860843729
2020-04-20,8.5,48,1025.2,0.0,0.0,22.83,6,10.13249722427793,5.8500000000000005
2020-04-21,10.6,43,1025.4,0.0,0.0,23.24,0,15.01889590674926,2.9193776292611373
2020-04-22,11.1,45,1025.5,0.0,0.0,20.04,31,10.559663799772503,0.9238508731251762
2020-04-23,12.6,50,1022.6,0.0,0.0,23.52,15,4.51052457977236,-1.6416966879632098
2020-04-24,14.7,47,1009.5,0.0,0.0,17.75,85,-12.795137193021665,-5.16957098913959
2020-04-25,11.2,52,1006.9,2.0,0.0,11.81,62,-14.268380649165975,12.847307642090069
2020-04-26,11.0,48,1011.4,0.0,0.0,16.15,65,-8.06621865147766,6.078331733835684
2020-04-27,13.4,47,1010.5,0.0,0.0,21.24,38,-1.8406706832694628,-10.438962181929405
2020-04-28,17.2,45,1005.2,0.0,0.0,18.13,50,-7.111320418863166,-8.78174936446377
2020-04-29,14.0,76,1004.0,4.0,0.0,10.31,93,-11.046058241429286,4.6887735418712815
2020-04-30,14.2,71,1007.0,0.1,0.0,19.14,71,2.3097364673096195,-7.554807572107981
2020-05-01,13.2,77,1004.1,6.4,0.0,10.74,86,-2.8045651752704828,-7.705479490444448
2020-05-02,11.6,71,1005.7,2.9,0.0,19.94,50,-11.784190018024686,-1.6561599014247834
2020-05-03,10.9,73,1014.5,3.0,0.0,18.65,68,-13.907450787631443,5.061898121219901
2020-05-04,11.2,75,1016.8,6.2,0.0,17.5,71,-5.936336673094981,-3.709434849632435
2020-05-05,9.3,71,1015.8,6.7,0.0,22.04,43,-12.716337755775038,10.670274320796553
2020-05-06,9.9,64,1018.1,0.6,0.0,12.21,77,-17.113676617888586,15.958761625462467
2020-05-07,9.9,62,1020.8,0.0,0.0,12.98,80,-13.098793646369659,8.835247874837803
2020-05-08,12.2,68,1018.8,0.0,0.0,21.61,84,-5.2845925379073995,-4.279378659138898
2020-05-09,15.3,58,1015.0,0.0,0.0,24.03,77,5.91574887215481,3.145459470665469
2020-05-10,17.8,62,1007.9,0.1,0.0,12.98,96,7.6758906391889345,-8.830102088606433
2020-05-11,13.3,87,1001.3,25.5,0.91,12.65,74,-8.531700154154601,13.653574348118457
2020-05-12,6.7,66,1014.9,2.8,0.0,18.09,62,-13.775878362957076,6.423797578458633
2020-05-13,9.3,63,1013.6,0.0,0.0,19.08,77,-6.253523730552884,2.9160660060108277
2020-05-14,10.3,74,1014.9,4.2,0.0,14.92,89,3.5999999999999996,6.235382907247959
2020-05-15,10.3,60,1017.2,0.0,0.0,20.92,73,-1.717280958388902,8.834644651028976
2020-05-16,11.1,59,1021.2,0.0,0.0,17.43,53,-13.071538507388729,1.837084932672864
2020-05-17,12.2,61,1020.5,0.2,0.0,20.43,53,-11.150635672884498,3.197393327477193
2020-05-18,14.9,56,1021.3,0.0,0.0,21.47,63,-13.666627488559591,-0.9556636902945204
2020-05-19,16.3,62,1018.5,0.0,0.0,18.09,48,-12.942634266708005,6.312544513762715
2020-05-20,13.7,61,1020.7,0.0,0.0,24.96,31,-2.5962512141923888e-15,10.6
2020-05-21,12.2,52,1024.1,0.0,0.0,18.89,57,7.151043415996529,8.226334424428215
2020-05-22,12.7,48,1024.4,0.0,0.0,23.98,76,7.7862197371003825,-2.232662582117692
2020-05-23,12.6,77,1021.2,15.5,0.0,5.34,100,5.874393838195723,-12.597678239809435
2020-05-24,13.1,76,1023.8,3.0,0.0,22.68,69,-17.77574922126716,6.120681303794539
2020-05-25,11.6,84,1025.4,11.5,0.0,15.1,74,-13.543243351093375,8.137601583578856
2020-05-26,12.3,80,1031.7,4.8,0.0,18.12,71,-3.986319227436825,12.26862906020748
2020-05-27,14.0,67,1031.2,0.0,0.0,22.39,42,-4.583838866699485,7.628788976248798
2020-05-28,12.4,79,1026.5,3.5,0.0,9.62,96,-5.447885996874564,10.692078290260413
2020-05-29,12.7,57,1025.9,0.5,0.0,20.29,57,0.26178609655925267,14.997715427345868
2020-05-30,12.2,59,1021.3,0.5,0.0,17.25,64,-2.4484393051037183,13.885789317472133
2020-05-31,13.9,72,1017.1,4.9,0.0,6.03,94,-5.8813235166298234,14.55678651669856
2020-06-01,15.9,58,1020.3,0.0,0.0,28.14,13,1.185318101368151,13.548247894047739
2020-06-02,14.1,75,1015.4,5.8,0.0,14.72,64,-7.464872704114411,10.27451582856183
2020-06-03,15.1,68,1006.5,0.0,0.0,26.51,34,-1.4621818532351247,6.333405421104028
2020-06-04,16.6,63,998.8,0.1,0.0,24.56,66,9.14068135337195,-8.230306458213956
2020-06-05,15.1,88,996.1,9.9,0.0,8.43,93,-6.751783764618734,-7.240401646029789
2020-06-06,16.1,74,1004.4,1.6,0.0,13.06,78,-9.881973316234815,-8.29196016495636
2020-06-07,16.5,89,1007.1,24.4,0.0,10.9,98,2.772088791277749,6.8611605237942275
2020-06-08,14.9,81,1012.0,3.2,0.0,11.16,96,-9.167089307116356,10.1810841090403
2020-06-09,15.2,73,1015.1,0.0,0.0,17.13,79,6.356740760409153,7.059875842035245
2020-06-10,15.5,81,1012.3,2.8,0.0,10.62,96,3.6728726077991736,8.65274562245294
2020-06-11,18.5,83,1009.7,7.1,0.0,19.9,87,4.938441702975689,-0.7821723252011541
2020-06-12,21.2,80,1009.9,1.1,0.0,22.11,70,3.0543006075519235,5.510104154978193
2020-06-13,22.9,82,1010.4,0.9,0.0,23.28,73,6.771649583831595,3.4503277980205556
2020-06-14,20.5,70,1010.8,1.5,0.0,19.59,49,13.536884276675096,5.469256263872315
2020-06-15,18.4,64,1013.2,0.0,0.0,20.27,59,4.617461064942437,5.910080652050414
2020-06-16,18.7,64,1014.3,0.0,0.0,22.05,79,3.2687315981247367,6.415246974156249
2020-06-17,20.6,63,1010.9,0.0,0.0,21.58,71,3.901503206422789,7.999267012062587
2020-06-18,19.5,88,1007.8,28.0,0.0,14.87,92,-5.510895843520262,6.339560473871284
2020-06-19,17.7,93,1010.5,10.4,0.0,9.31,98,-13.722321047588455,5.5441775825554975
2020-06-20,16.6,92,1012.7,28.3,0.0,5.34,100,-16.53693787505031,10.333425652547492
2020-06-21,16.6,93,1014.7,7.3,0.0,8.71,100,-17.057629283972034,10.249257690710078
2020-06-22,19.0,80,1018.1,3.7,0.0,15.92,66,-11.759134178720073,15.051005393888392
2020-06-23,17.4,70,1022.6,0.0,0.0,23.84,35,-5.860966927339108,13.807572801786604
2020-06-24,15.5,90,1022.5,22.2,0.0,9.12,77,-7.95890861142789,6.218180900789151
2020-06-25,19.0,81,1022.1,0.8,0.0,23.54,50,10.241277993514146,-4.775586357669903
2020-06-26,20.0,85,1017.0,5.8,0.0,19.16,73,9.257406847582814,-5.562411209028586
2020-06-27,21.4,76,1012.0,0.1,0.0,25.84,23,-4.996174644486021,-6.876644452187053
2020-06-28,23.5,73,1012.7,1.6,0.0,24.82,64,-10.469496410308459,-1.658205329426449
2020-06-29,18.2,89,1011.8,24.8,0.0,5.77,86,-8.404618210311929,3.7419771162973574
2020-06-30,18.6,67,1010.1,0.0,0.0,24.49,30,-11.317572543912327,-3.677302233061876
2020-07-01,21.3,67,1009.2,0.0,0.0,26.31,18,-7.807102444987034,-8.981044004650988
2020-07-02,21.1,80,1009.8,3.5,0.0,21.04,50,-8.13887844345884,0.9993286159222109
2020-07-03,18.6,80,1013.9,0.5,0.0,15.13,69,-10.778911761832214,3.711476960811582
2020-07-04,19.6,67,1016.8,0.0,0.0,23.96,37,-6.58798221082321,-5.527973443304239
2020-07-05,22.3,67,1012.7,0.0,0.0,21.68,35,-9.465498834186883,-6.877087451821937
2020-07-06,20.2,61,1010.2,0.6,0.0,14.91,43,-15.063217158923345,-1.0533227535362963
2020-07-07,15.7,58,1017.3,0.0,0.0,19.26,52,-15.668565643794597,4.49288889981709
2020-07-08,14.8,74,1016.4,1.7,0.0,9.18,93,-9.131424595100162,-1.1211979593273538
2020-07-09,16.5,81,1016.4,0.6,0.0,14.37,77,-3.521301978109573,-8.715528232927802
2020-07-10,22.7,69,1011.0,1.2,0.0,21.61,72,-7.7573345891032925,-9.928935495444698
2020-07-11,15.9,69,1020.7,1.1,0.0,9.72,99,-7.1596974880397815,7.951649632608118
2020-07-12,15.6,66,1025.0,0.3,0.0,21.38,34,-7.580077219869424,6.825132184860349
2020-07-13,16.3,63,1023.9,0.1,0.0,18.57,61,-5.590448570331051,4.212705162064336
2020-07-14,18.0,62,1017.5,0.0,0.0,25.68,27,3.07818128993102,-8.457233587073175
2020-07-15,19.4,62,1011.9,1.2,0.0,20.4,73,-2.2454462608318027,-10.563994087925101
2020-07-16,16.1,82,1014.0,7.7,0.0,14.89,65,-10.860255392164804,5.774500222266452
2020-07-17,16.0,75,1017.5,0.8,0.0,19.16,53,-7.813653319813576,6.5564336188027
2020-07-18,19.6,71,1018.0,0.8,0.0,20.81,78,3.090169943749474,9.510565162951535
2020-07-19,21.0,74,1016.1,3.2,0.0,20.47,78,7.14633229181752,-0.877459272517061
2020-07-20,21.0,77,1014.9,2.2,0.0,19.77,67,-7.788344378361014,-3.1466953846936634
2020-07-21,19.0,66,1019.9,0.4,0.0,20.33,50,-5.704558872629528,5.319587208487489
2020-07-22,17.7,56,1020.7,0.0,0.0,19.8,44,-7.1697410121163365,6.232560775409817
2020-07-23,17.4,61,1016.9,0.0,0.0,18.4,73,2.8471565015306015,6.394818203498206
2020-07-24,19.2,68,1011.8,0.7,0.0,22.58,38,1.0994674975845162,-7.823117743058406
2020-07-25,21.2,60,1012.5,0.1,0.0,22.75,20,-5.737828535778212,1.7542302283364202
2020-07-26,22.2,63,1012.8,1.0,0.0,18.83,65,-2.0034944514537196,-10.307085426200471
2020-07-27,21.2,67,1016.8,0.1,0.0,20.56,67,-5.53068563977318,1.3789548049181044
2020-07-28,24.4,60,1010.8,0.2,0.0,21.42,68,-5.084208038447502,-11.41931822053251
2020-07-29,22.0,55,1015.9,0.5,0.0,21.5,36,-11.238216559254457,5.2404664455846754
2020-07-30,20.2,49,1019.3,0.0,0.0,25.51,44,-9.364556931124552,3.7835265935007105
2020-07-31,20.8,44,1017.6,0.0,0.0,25.32,39,-5.882103832988576,9.413333867336327
2020-08-01,19.6,62,1017.2,0.0,0.0,25.5,20,5.9567670262756955,2.0510793730800874
2020-08-02,21.7,60,1012.9,0.1,0.0,19.03,80,4.557210430315569,-8.22142524711032
2020-08-03,18.1,92,1009.7,31.8,0.0,3.17,100,-3.2039952536120455,7.548139798310009
2020-08-04,15.9,92,1011.0,14.5,0.0,4.69,100,-7.931586353614839,13.200376430812527
2020-08-05,18.0,69,1019.7,0.0,0.0,24.84,30,3.087135398228918,6.058844364480901
2020-08-06,20.3,71,1021.9,0.0,0.0,18.22,55,8.049342904270844,1.5646337620876682
2020-08-07,23.9,70,1022.0,0.0,0.0,22.24,30,8.09904439288013,-1.2827626133298926
2020-08-08,24.6,67,1021.0,0.0,0.0,20.75,17,5.67830977912295,0.4967877336616514
2020-08-09,24.7,72,1018.4,0.0,0.0,21.25,34,4.902434649285426,1.4057505146666955
2020-08-10,23.7,73,1017.5,3.8,0.0,16.58,80,5.772490067120011,3.199743493625825
2020-08-11,23.3,68,1018.8,0.1,0.0,20.55,31,6.70853828439726,5.055246194477206
2020-08-12,22.9,58,1019.5,0.0,0.0,23.1,17,8.932807369373743,1.7363618579265587
2020-08-13,23.2,53,1015.5,0.0,0.0,20.64,30,7.988874736879291,-2.595742752749558
2020-08-14,22.8,70,1012.6,0.0,0.0,17.16,55,3.9210044190878905,-4.672871103025765
2020-08-15,21.8,72,1014.1,2.1,0.0,15.16,73,9.325458242752807,1.8126854560771768
2020-08-16,21.6,58,1015.1,0.0,0.0,20.8,24,9.585846487191297,-2.0375345700140417
2020-08-17,21.8,72,1011.1,3.1,0.0,21.0,36,5.828594710927282,-4.719902932873779
2020-08-18,20.7,79,1008.5,3.1,0.0,11.84,96,-11.107818738551682,2.5644420195200603
2020-08-19,19.5,84,1009.3,7.6,0.0,9.19,86,-10.932746339242446,6.060120253079216
2020-08-20,21.3,70,1012.4,0.0,0.0,21.5,41,-5.959822514817578,-1.708951606065393
2020-08-21,23.7,62,1014.2,0.0,0.0,21.72,34,3.0699028995887345,-10.041199937611873
2020-08-22,23.2,74,1014.1,7.0,0.0,14.48,55,-9.862327511108282,0.8628418532018132
2020-08-23,20.7,68,1014.7,0.0,0.0,15.14,70,-10.298431260110831,-0.17975978630402004
2020-08-24,19.7,61,1014.8,0.1,0.0,16.11,63,-11.098309416235942,0.19372171145384273
2020-08-25,19.1,57,1013.6,0.0,0.0,19.43,50,-11.898187572361056,0.20768363660366926
2020-08-26,20.7,55,1007.0,1.9,0.0,14.8,71,-17.641929178929683,-8.98901189484303
2020-08-27,18.5,58,1011.6,0.0,0.0,12.79,80,-26.69949147915156,3.2782853375984726
2020-08-28,17.9,65,1008.7,0.8,0.0,16.77,71,2.9246552096584875,-10.914961837066471
2020-08-29,18.7,77,1006.1,3.3,0.0,8.24,96,-4.605691392340201,-8.30888721782426
2020-08-30,17.5,88,1006.8,18.5,0.0,7.8,99,6.9165990569670415,5.600951480343554
2020-08-31,16.5,83,1011.4,2.5,0.0,9.55,83,-12.779819642688352,4.651473949229098
2020-09-01,13.7,91,1014.5,19.5,0.0,2.29,100,1.6515497196289248,15.71344594681872
2020-09-02,14.4,74,1015.8,2.2,0.0,16.08,74,-14.942554184650348,3.7255971922348783
2020-09-03,15.0,74,1020.4,0.1,0.0,13.66,76,-8.628422844472,-4.208363009175146
2020-09-04,17.7,76,1021.6,0.2,0.0,8.25,85,-7.660444431189779,-6.427876096865395
2020-09-05,19.8,81,1016.3,16.1,0.0,11.82,81,-8.290375725550419,-5.591929034707466
2020-09-06,15.7,79,1018.3,1.7,0.0,14.53,63,-6.528026076238555,5.286291284818636
2020-09-07,14.3,76,1022.5,0.4,0.0,13.44,56,-5.597566125692133,3.1027815695765586
2020-09-08,16.0,70,1025.5,0.0,0.0,17.44,59,-8.82947592858927,-4.6947156278589075
2020-09-09,18.6,66,1021.6,0.0,0.0,17.99,9,-7.094130905705953,-6.615384092606236
2020-09-10,17.0,69,1019.2,0.7,0.0,15.1,63,-9.546400533624382,6.935865977051181
2020-09-11,14.8,74,1019.5,0.0,0.0,18.12,16,5.258610463437158,-3.8206041399010746
2020-09-12,18.0,77,1019.3,0.0,0.0,16.88,9,-0.7630577818538705,-7.260009836188395
2020-09-13,18.3,77,1025.3,0.0,0.0,16.44,76,-7.2988881746416565,-0.12740256699216954
2020-09-14,19.8,78,1028.2,0.0,0.0,17.15,75,3.1873995497832572,-4.725514163563737
2020-09-15,21.1,72,1024.1,0.0,0.0,17.01,38,8.656481839811937,-6.289302199529461
2020-09-16,21.9,72,1017.2,0.0,0.0,16.01,63,-3.213776741499452,-9.890987769469598
2020-09-17,16.2,66,1023.5,0.5,0.0,9.75,58,-1.246327121291514,14.245584182711962
2020-09-18,11.4,71,1029.2,0.0,0.0,16.89,19,3.712990307194041,4.585161172596129
2020-09-19,12.6,67,1024.6,0.0,0.0,15.04,73,8.592888563177699,-1.360979845850008
2020-09-20,14.1,67,1020.2,0.1,0.0,9.71,76,9.993908270190957,-0.34899496702500954
2020-09-21,15.6,74,1018.5,0.0,0.0,15.83,9,6.682548931412759,-3.4049287480466006
2020-09-22,17.8,66,1013.8,0.0,0.0,15.07,14,4.986895488540254,-10.69443188703247
2020-09-23,18.7,68,1007.6,0.0,0.0,13.85,47,4.646734155964219,-9.52721689077117
2020-09-24,18.5,76,1006.4,0.2,0.0,12.16,74,-4.326319829244455,-7.200205325897744
2020-09-25,15.2,89,999.0,15.3,0.0,2.47,80,6.766234131996037,-10.031354627916004
2020-09-26,12.3,87,993.5,20.0,0.0,3.28,99,-13.068089058403697,-0.9138098060480451
2020-09-27,10.4,73,1004.9,0.0,0.0,5.15,92,-7.460601229986917,-6.041475754078443
2020-09-28,9.5,88,1012.6,7.0,0.0,4.67,78,8.197813226939644,-1.2984060598339158
2020-09-29,12.3,93,1013.3,15.9,0.0,2.68,100,-4.057135312710712,8.70055475555184
2020-09-30,14.0,85,1013.9,0.3,0.0,7.35,97,-6.971379648192346,10.734983269701429
2020-10-01,13.5,90,1006.8,7.9,0.0,3.92,99,-1.1211979593273544,9.131424595100162
2020-10-02,14.5,85,1003.3,3.7,0.0,6.0,94,10.384459171148018,-4.195593846258215
2020-10-03,18.9,68,997.6,0.0,0.0,12.93,44,14.91961551303108,-13.912766545274966
2020-10-04,16.4,80,999.8,6.2,0.0,7.78,66,2.2515461454432306,-11.583200764682436
2020-10-05,13.9,83,1005.8,10.0,0.0,7.45,71,3.986319227436823,-12.26862906020748
2020-10-06,12.9,75,1008.0,0.1,0.0,8.93,57,-4.037577103599324,-15.068442890109464
2020-10-07,12.9,78,1009.6,0.3,0.0,9.37,56,-7.825484607325123,-7.297382452668734
2020-10-08,12.4,74,1018.7,0.0,0.0,9.99,51,-11.504563792629336,-5.611150678900195
2020-10-09,14.3,77,1018.4,0.0,0.0,4.4,83,-7.141673113777634,-9.140924741837974
2020-10-10,13.1,89,1017.6,4.5,0.0,5.32,87,-10.93136605843551,-1.9274947721029265
2020-10-11,9.3,79,1019.4,0.3,0.0,9.47,79,-4.588794631195191,0.320879779222976
2020-10-12,8.3,85,1017.6,10.4,0.0,4.07,99,-2.36720419266102,4.853487850015501
2020-10-13,7.3,89,1011.6,15.7,0.0,2.81,95,-1.5252254980840205,17.43340721660555
2020-10-14,8.4,90,1000.2,29.2,0.0,1.53,100,-1.6472435379307422,18.828079793933988
2020-10-15,8.6,89,1012.3,0.6,0.0,4.02,87,-5.1137316949445175,7.038447851062041
2020-10-16,8.5,87,1016.1,3.3,0.0,5.23,80,4.835557096694676,9.094360206446948
2020-10-17,6.9,90,1016.5,5.4,0.0,2.33,99,-1.6004906610407577,11.388082790528058
2020-10-18,8.5,78,1017.6,0.5,0.0,6.49,79,-19.39704528603399,0.3385766848832927
2020-10-19,8.8,80,1022.9,1.1,0.0,5.85,68,-11.970768603117891,0.8370776849295026
2020-10-20,9.2,75,1020.8,0.0,0.0,8.64,87,4.19982919249732,-12.197189625231188
2020-10-21,11.8,68,1013.9,0.0,0.0,7.71,91,-0.211174117891132,-12.098157111392334
2020-10-22,14.6,68,1015.2,0.0,0.0,6.96,57,-10.677312395916866,-10.67731239591687
2020-10-23,13.3,84,1013.9,3.7,0.0,2.01,93,-4.738350289172498,-7.8859391664594325
2020-10-24,13.1,88,1014.2,2.3,0.0,5.95,57,-10.230885680244969,-2.3619860706105853
2020-10-25,10.2,90,1013.0,0.0,0.0,8.99,3,6.759530401363443,-9.303695435311894
2020-10-26,12.2,85,1006.0,0.3,0.0,4.76,70,2.6094322303888364,-11.302692751508728
2020-10-27,9.9,87,1011.0,0.9,0.0,1.64,84,-6.105946292326267,-3.815418702479076
2020-10-28,9.1,79,1014.1,0.0,0.0,7.9,50,-1.1577587623488994,-9.42918844059256
2020-10-29,9.8,82,1014.7,2.5,0.0,2.44,74,-13.413355248142423,-6.2547502737623475
2020-10-30,9.2,87,1017.8,8.1,0.0,1.8,89,-13.50500253139118,-4.388041320124255
2020-10-31,10.8,92,1021.9,6.1,0.0,1.87,96,10.966324223143465,-5.113680967062462
2020-11-01,10.9,88,1018.6,3.0,0.0,4.07,81,3.099140070061008,-10.136830413208177
2020-11-02,13.8,91,1014.3,3.2,0.0,2.02,99,-4.734408385322037,-9.706975700031004
2020-11-03,13.9,85,1020.3,0.3,0.0,3.22,76,-8.829691109111568,2.2014892499569734
2020-11-04,9.7,86,1028.6,10.0,0.0,3.51,76,-6.971004432382701,5.849367248147507
2020-11-05,6.1,85,1036.3,0.0,0.0,6.92,16,-10.537442957230626,1.8580355010361504
2020-11-06,7.6,84,1034.2,0.0,0.0,4.1,66,-12.310096912652602,2.1706022208366247
2020-11-07,8.3,90,1030.6,0.0,0.0,6.54,37,4.699999999999999,-8.140638795573723
2020-11-08,5.3,86,1026.5,0.0,0.0,6.81,1,-0.6794350112397477,-6.4643923198937765
2020-11-09,4.9,96,1029.3,0.0,0.0,2.38,100,8.770036393368969,-3.9046717735276824
2020-11-10,6.0,89,1030.6,0.0,0.0,2.59,100,7.813653319813575,-6.556433618802701
2020-11-11,6.1,85,1029.0,0.0,0.0,2.63,94,2.975575246933319,-8.175325800837403
2020-11-12,5.7,81,1024.3,0.0,0.0,3.46,61,-1.0557374790033003,-10.04467114321956
2020-11-13,7.2,85,1022.2,0.0,0.0,5.36,71,-3.3595296980726452,-6.593448278993923
2020-11-14,9.2,87,1021.1,0.8,0.0,3.59,88,-4.738359604630736,-7.296433941125189
2020-11-15,8.4,81,1018.5,0.0,0.0,5.49,63,3.566934797617386,-11.666918022749034
2020-11-16,8.3,83,1015.5,1.2,0.0,2.02,75,-5.246902695677822,-11.784736403589552
2020-11-17,8.7,84,1025.0,0.6,0.0,3.61,72,-8.037709686788565,-6.2797470483217115
2020-11-18,9.6,87,1027.1,0.6,0.0,4.68,63,-4.7886099404160865,-9.006065447161054
2020-11-19,8.6,77,1018.4,0.8,0.0,3.55,64,-12.214166680904192,-9.5427528675477
2020-11-20,3.8,83,1028.6,0.3,0.0,4.67,38,-14.919981168566174,7.276961036698686
2020-11-21,1.3,86,1034.3,0.0,0.0,5.06,35,-6.23503981395943,-7.430631098254086
2020-11-22,4.6,67,1025.8,0.0,0.0,3.02,74,-12.79294220008693,-10.734553081765208
2020-11-23,6.1,79,1025.2,1.3,0.0,2.47,68,-15.582974580768756,-1.9133486914608104
2020-11-24,3.1,86,1028.1,0.0,0.0,4.45,40,-6.892045245496241,-7.654391702417161
2020-11-25,2.1,81,1023.3,0.0,0.0,3.92,56,-2.6605825129769043,-8.702373279263622
2020-11-26,1.6,82,1022.7,0.0,0.0,4.39,62,-4.129750341727532,-5.897894718880741
2020-11-27,4.4,93,1022.4,1.4,0.0,0.74,99,-6.847033205136639,1.455381835724316
2020-11-28,2.7,92,1023.5,0.3,0.0,1.72,82,-5.609782060654778,8.638306849837868
2020-11-29,2.4,94,1023.3,3.3,0.0,0.59,97,-5.819930246483616,9.685990497933867
2020-11-30,0.8,94,1025.4,0.7,0.0,1.17,77,-6.321985447626401,-3.650000000000003
2020-12-01,0.4,82,1020.4,0.0,0.0,3.4,36,4.037045115268742,-11.72443033743153
2020-12-02,-2.2,87,1022.3,0.0,0.0,3.65,39,7.382886633841225,-5.978543714973454
2020-12-03,-1.4,83,1012.1,1.6,1.05,0.95,94,8.909545442950499,-8.909545442950497
2020-12-04,4.1,79,1000.9,0.0,0.0,1.88,95,11.322931438481653,-11.725238745520016
2020-12-05,8.7,71,1003.5,0.0,0.0,1.88,98,10.471887797320884,-18.89178567421095
2020-12-06,9.9,72,1006.4,0.0,0.0,4.0,47,20.715163028251972,-13.452584164871169
2020-12-07,7.4,78,1005.6,0.4,0.0,2.11,76,14.937210992095626,-13.449525187813052
2020-12-08,5.4,83,1009.4,0.0,0.0,2.16,81,11.501760229563171,-9.313941787537592
2020-12-09,1.0,90,1012.9,0.0,0.0,2.97,82,14.182778633989752,-4.883522316857349
2020-12-10,-1.6,84,1010.6,0.0,0.0,1.53,91,9.230679210264297,-1.1333848936678705
2020-12-11,0.6,86,1006.7,0.0,0.0,3.43,72,9.303695435311896,-6.75953040136344
2020-12-12,2.5,88,1004.1,0.0,0.0,1.29,92,8.752695467783363,-9.063681484267006
2020-12-13,2.0,90,1011.6,0.0,0.0,2.04,82,2.4987155366977407,-5.123126063905253
2020-12-14,4.2,89,1017.4,0.0,0.0,2.81,87,4.349999999999999,-7.534421012924616
2020-12-15,3.5,79,1017.2,0.0,0.0,2.48,95,1.5261155637077446,-14.52001967237679
2020-12-16,4.4,88,1021.6,0.5,0.0,0.87,100,-0.36273366346945146,-5.187333061351086
2020-12-17,3.2,89,1024.1,0.0,0.0,3.62,40,3.1580110982344185,-9.171530183313372
2020-12-18,2.8,92,1027.1,0.0,0.0,3.78,46,-3.8627855618254063,-6.428754755265842
2020-12-19,2.6,90,1025.2,0.0,0.0,2.88,59,1.9844135519160677,-10.208922707855706
2020-12-20,3.0,84,1025.2,0.0,0.0,3.23,65,0.659433048661092,-12.58273213790763
2020-12-21,3.2,85,1025.2,0.3,0.0,2.21,77,-0.8366951303775162,-9.563469101680758
2020-12-22,6.1,85,1015.4,6.8,0.0,0.92,84,-7.199238582441663,-16.169754600274036
2020-12-23,8.3,96,1014.2,3.5,0.0,2.07,98,-0.63478391107154,-9.0778328573644
2020-12-24,8.5,83,1005.6,3.4,0.0,1.67,88,-15.832683479381972,-6.72057541001551
2020-12-25,3.1,91,1014.2,2.3,0.0,1.41,91,-9.85495526463952,9.516819675288263
2020-12-26,0.8,77,1021.3,0.1,0.07,2.15,78,-15.197684966377146,-0.26527657784670916
2020-12-27,0.4,67,1009.3,0.0,0.0,4.2,38,6.955014087109073,-16.384986391453438
2020-12-28,3.7,74,989.7,0.6,0.0,1.35,98,11.070025221575188,-15.809634454777544
2020-12-29,4.8,79,990.9,3.9,0.0,3.14,60,-2.0875965144009827,-14.854021031123553
2020-12-30,0.5,89,1003.8,0.1,0.0,3.0,68,-1.708205697676637,-6.37511045350785
2020-12-31,-0.6,90,1009.0,0.0,0.0,4.19,27,1.0577155672964964,-7.5260373224359345
2021-01-01,-1.6,91,1009.8,0.3,0.14,2.85,75,7.121464023352646,-6.877117867544074
2021-01-02,-0.5,91,1015.2,0.2,0.14,1.39,92,3.8125009417948506,-3.6816893634326857
2021-01-03,1.1,95,1014.1,9.1,0.0,1.27,99,9.488031727117914,2.0167434009322665
2021-01-04,1.6,96,1015.5,3.1,0.0,1.29,99,4.849742261192856,2.8000000000000003
2021-01-05,1.4,98,1013.2,7.4,2.73,0.59,100,-2.7821017993961803,11.15840085217396
2021-01-06,1.0,95,1011.1,1.9,0.84,2.88,96,-5.880643059643227,-2.9963372982810097
2021-01-07,0.2,88,1011.6,2.1,1.4,1.76,94,-11.784190018024686,-1.6561599014247834
2021-01-08,-0.5,83,1013.6,1.1,0.77,4.02,73,-7.124213321006495,-5.977924770084818
2021-01-09,-0.3,85,1019.4,0.4,0.21,2.46,81,-9.762708041299106,0.8541262789270474
2021-01-10,0.3,90,1023.9,0.6,0.35,1.93,93,-6.774123947023869,0.5926590506840737
2021-01-11,-1.5,82,1021.7,0.0,0.0,4.75,43,-3.10923472535207,-7.695625992904336
2021-01-12,0.0,75,1008.0,2.8,1.33,0.98,98,-12.300710585790936,-11.878658134848854
2021-01-13,1.0,84,1007.3,3.4,2.31,2.42,82,-20.487151044586433,2.1532863433136518
2021-01-14,-0.2,87,1009.9,3.6,2.52,2.66,87,-12.900622960185716,10.446718491427303
2021-01-15,-2.1,89,1019.9,1.3,0.91,2.07,88,-5.479387130398358,7.013295707099826
2021-01-16,-3.6,87,1021.0,2.6,1.82,2.39,98,-16.967622318504272,9.405306632778943
2021-01-17,-9.4,85,1020.6,0.9,0.7,5.64,35,3.3175953902589863,9.115018421623311
2021-01-18,-9.1,86,1022.1,1.9,1.33,3.76,76,4.753799060524608,-4.432989340406239
2021-01-19,1.6,89,1013.5,5.0,2.38,2.92,100,-12.903778516388133,-7.450000000000006
2021-01-20,3.9,80,1008.0,2.3,0.0,5.1,76,-8.05265795640688,-11.08353282293678
2021-01-21,4.9,74,1004.4,0.3,0.0,4.19,69,3.284285393420432,-14.225802945864432
2021-01-22,6.3,75,997.9,0.3,0.0,3.74,81,2.8621349306481747,-14.72440775171496
2021-01-23,4.7,87,995.5,1.6,0.0,2.07,95,-6.29701209993642,-13.503986026846086
2021-01-24,1.1,91,996.9,1.5,0.42,2.51,80,-3.889087296526011,-3.889087296526012
2021-01-25,0.4,90,1002.2,0.2,0.14,2.08,88,-11.483039245915583,4.407925779407195
2021-01-26,0.0,81,1010.6,0.3,0.21,5.64,55,-15.55254685166751,3.305795884002375
2021-01-27,0.6,79,1014.0,0.2,0.14,2.7,85,-13.89912306130996,4.785851870520197
2021-01-28,0.3,86,1006.0,3.2,0.77,1.56,84,-7.82662799846347,-5.897787226890073
2021-01-29,-1.3,83,1000.1,3.3,2.31,4.39,89,-0.8989447841018193,8.55288830016715
2021-01-30,-2.1,87,999.4,6.6,4.62,2.89,91,-1.4746190552022813,12.009808434859996
2021-01-31,-6.6,83,1007.5,0.0,0.0,6.53,51,-1.574657380407055,-6.820590453496647
2021-02-01,-7.4,81,1004.1,0.0,0.0,6.54,67,11.96326278888378,-5.57856105497723
2021-02-02,0.1,85,1004.5,1.2,0.0,2.52,91,-0.16928834244165125,-9.698522643016995
2021-02-03,5.5,89,1002.3,3.6,0.0,4.66,95,-5.523476449542376,-11.324804983369503
2021-02-04,3.1,87,1009.1,2.5,0.84,1.18,93,-15.68339799779378,4.794895957452882
2021-02-05,-0.1,81,1020.1,0.7,0.49,2.75,98,11.8,7.225416114969384e-16
2021-02-06,-1.3,64,1019.5,0.4,0.28,4.01,99,16.834557168606697,2.365942716321113
2021-02-07,-6.3,62,1013.3,5.2,3.57,1.69,100,21.370328240364913,3.76816545537239
2021-02-08,-8.7,82,1002.4,11.1,7.84,3.69,95,11.982289987809722,6.641891797374818
2021-02-09,-10.8,88,1005.7,2.0,1.4,5.85,94,-3.2908965343808667,1.9000000000000004
2021-02-10,-9.6,86,1010.5,0.7,0.49,6.54,98,-4.658019105832603,5.35843801958168
2021-02-11,-9.5,84,1023.0,0.2,0.21,5.66,76,-6.753524034186334,10.399515042523259
2021-02-12,-11.0,86,1032.8,0.2,0.14,7.59,42,-9.068785900077712,8.456779664774983
2021-02-13,-5.7,89,1037.1,0.6,0.35,5.4,65,-13.915092303249098,10.109906339430534
2021-02-14,-7.1,87,1040.4,0.0,0.0,9.55,14,-15.895690962981257,7.0772175895189156
2021-02-15,-10.6,81,1037.1,0.0,0.0,10.27,38,-1.21080597835257,-8.61533219805166
2021-02-16,-1.9,87,1022.6,2.9,1.89,2.62,99,2.1370350162667195,-9.256515615459733
2021-02-17,2.6,92,1015.1,2.3,0.0,2.64,100,-15.190740570690254,0.5304723498780195
2021-02-18,3.3,93,1020.5,0.1,0.0,5.02,84,-1.6843873233692255,-9.552635204218417
2021-02-19,3.4,86,1018.7,1.5,0.0,5.75,72,-9.728764427611019,-8.163402643019051
2021-02-20,2.8,80,1023.8,0.0,0.0,8.4,62,3.3533519909087133,-9.738841328672963
2021-02-21,5.3,80,1023.2,0.0,0.0,9.39,44,1.5675479029086122e-15,-12.8
2021-02-22,4.9,84,1024.5,0.0,0.0,8.67,18,-4.013721034907364,-10.45610077676866
2021-02-23,5.1,81,1032.3,0.0,0.0,10.07,26,-7.364038827619522,-3.1258490279141906
2021-02-24,7.9,80,1033.6,0.0,0.0,10.66,26,-5.34922332392362,-6.605740672384251
2021-02-25,8.6,75,1029.0,0.0,0.0,11.04,0,-2.930483463669552,-6.903786400893303
2021-02-26,6.7,82,1027.2,0.8,0.0,8.04,59,-11.782001231476448,5.494037402629095
2021-02-27,5.1,84,1033.6,0.2,0.0,4.23,76,-16.617774435648517,9.211382784680408
2021-02-28,4.5,81,1036.0,0.0,0.0,11.09,54,-13.597392930027478,7.2298620669027125
2021-03-01,3.7,86,1036.4,0.0,0.0,4.83,96,-6.696692720483015,1.1808076081351238
2021-03-02,3.7,86,1034.8,0.0,0.0,12.32,8,-6.407241864952337,-1.9588904216423386
2021-03-03,3.9,84,1028.6,0.0,0.0,12.66,14,-5.983281547440861,-2.53975233518028
2021-03-04,5.9,76,1017.3,0.6,0.0,9.55,68,-14.434305691851561,7.354646095780655
2021-03-05,1.2,74,1021.7,1.9,0.7,9.93,61,-1.79533300238485,12.774458086766257
2021-03-06,0.8,62,1030.7,0.0,0.0,12.14,23,-13.619554150675864,3.649348535945536
2021-03-07,2.8,67,1022.6,0.0,0.0,5.72,91,-18.488730299853273,0.6456406889962737
2021-03-08,1.5,67,1020.5,1.3,0.84,12.03,71,-6.710844305307243,9.5840789181812
2021-03-09,-0.7,64,1021.8,0.0,0.0,11.99,73,0.3976119003415155,-5.686115086480998
2021-03-10,-0.7,58,1020.9,0.0,0.0,14.43,7,4.692298567374695,-3.4091544632963435
2021-03-11,2.1,67,1009.5,2.3,0.0,2.88,92,1.0362519336102873,-19.772864788140563
2021-03-12,6.1,74,1005.4,4.0,0.0,10.69,49,-20.461771360489937,-4.723972141221171
2021-03-13,7.1,66,1003.2,0.9,0.0,8.14,84,-13.667684752229611,-17.49383873006923
2021-03-14,5.7,70,1003.6,0.9,0.0,11.29,62,-22.5781119673078,-3.1731467018895008
2021-03-15,3.9,79,1008.4,1.6,0.0,11.73,38,-11.091002369905587,-1.5587387307527372
2021-03-16,2.9,93,1012.6,5.8,0.0,4.03,93,-12.741393295893664,6.492064146275517
2021-03-17,2.5,87,1019.0,0.5,0.0,9.09,70,-5.742662022936919,11.774202006519085
2021-03-18,1.0,80,1020.7,1.9,0.91,13.58,51,-4.645969134443477,6.635131558740832
2021-03-19,0.3,78,1019.0,4.2,2.66,11.38,87,2.0470545945291714,8.86676758954564
2021-03-20,-2.5,65,1025.7,0.3,0.21,12.66,38,-4.180823074835231,9.84940193194111
2021-03-21,1.4,78,1014.2,6.2,0.98,2.34,92,-16.858832449391027,-1.1788844062757222
2021-03-22,2.1,72,1017.0,0.8,0.28,13.36,42,-5.567313564221288,11.414684387999419
2021-03-23,4.0,78,1022.1,0.2,0.0,3.69,90,-13.20037643081253,7.9315863536148346
2021-03-24,5.5,79,1024.0,0.0,0.0,6.72,85,-7.922144549932563,1.1133848076805237
2021-03-25,6.8,79,1020.9,0.0,0.0,15.38,67,0.37668495821827785,-5.386845871403051
2021-03-26,9.1,76,1020.4,0.4,0.0,15.55,40,0.8287115351550033,-6.74931383116099
2021-03-27,8.5,70,1018.9,1.3,0.0,9.86,64,-12.13925975271885,-9.147588351911134
2021-03-28,6.5,63,1029.3,0.0,0.0,12.32,71,-14.754994224249398,-2.0736792043049808
2021-03-29,9.4,70,1029.6,1.6,0.0,5.72,96,-6.758219124224468,-7.505762737321682
2021-03-30,13.5,65,1029.6,0.0,0.0,16.54,30,-10.82953294736754,4.157068214725484
2021-03-31,12.7,70,1024.5,0.0,0.0,17.89,39,-5.484007738476038,-1.8882952958515085
2021-04-01,11.9,71,1015.7,0.2,0.0,11.77,61,-9.624128762162306,5.117240034366206
2021-04-02,7.4,73,1017.3,2.4,0.0,17.05,58,-4.993895497135017,9.801071766072045
2021-04-03,5.0,80,1017.8,3.4,0.0,13.53,71,-8.47870822773128,13.568769538502814
2021-04-04,3.9,72,1020.8,0.0,0.0,13.21,37,-9.030970087718506,1.7554427574642149
2021-04-05,4.9,71,1003.7,4.3,0.0,9.12,72,-17.384313484539305,-6.327372651524868
2021-04-06,1.9,63,1005.8,0.3,0.21,17.28,61,-19.588060209574277,0.6840301353690251
2021-04-07,2.1,65,1009.1,0.4,0.07,15.92,54,-18.67437229991053,0.9786823817430518
2021-04-08,3.1,72,1018.3,2.6,1.33,11.49,72,-21.33974226028842,2.6201908832106753
2021-04-09,5.8,59,1019.4,0.0,0.0,18.82,54,-5.775660331676363,-12.972345498524932
2021-04-10,7.6,69,1015.4,0.0,0.0,11.23,78,-5.256413292625019,-7.792953182017393
2021-04-11,10.6,68,1013.8,0.0,0.0,17.52,58,7.630837404958151,-12.211892584652533
2021-04-12,6.0,82,1019.4,2.3,0.0,4.86,83,-13.211481344768503,10.698446647847238
2021-04-13,5.3,68,1026.5,2.3,0.0,12.75,99,-8.747553435592746,10.80232886425189
2021-04-14,4.9,69,1024.6,2.1,0.14,14.28,99,-7.6599919998921235,13.818991372802454
2021-04-15,1.9,93,1023.0,11.3,2.87,3.87,100,-11.709785611280017,13.005034445854399
2021-04-16,3.3,92,1021.0,3.5,0.0,3.47,100,-11.73490401800026,9.502737904852546
2021-04-17,4.8,89,1020.5,1.3,0.0,6.04,95,-8.396349188538197,4.654172354364838
2021-04-18,7.1,89,1019.7,3.5,0.0,10.28,90,-2.98259746902544,-4.259590630302758
2021-04-19,9.0,86,1018.2,4.4,0.0,10.83,72,-1.389185421335443,7.878462024097664
2021-04-20,9.5,83,1015.2,0.2,0.0,19.1,35,-5.831279576689742,4.555894917409873
2021-04-21,10.6,72,1013.0,0.4,0.0,19.69,27,-10.100734301164017,1.4195656297926678
2021-04-22,7.3,61,1017.4,0.4,0.0,19.42,63,-19.26369872611112,7.011412938176214
2021-04-23,6.2,70,1023.5,0.9,0.0,13.26,62,-17.853441363478336,4.45136287903388
2021-04-24,7.4,67,1023.5,0.0,0.0,11.26,82,-9.866290942540092,4.392755745218638
2021-04-25,5.8,57,1022.3,0.3,0.0,19.22,54,-7.818900736635858,10.007736570805369
2021-04-26,4.4,57,1020.9,0.0,0.0,16.33,50,-5.2959722037380255,7.027992488416177
2021-04-27,4.9,59,1016.7,0.0,0.0,23.59,14,8.866132813016536,-0.7756861104541584
2021-04-28,9.0,55,1010.7,0.0,0.0,15.57,51,10.701715834633722,-8.064321310237448
2021-04-29,11.6,72,1005.3,0.5,0.0,14.23,86,-0.8021994480574407,-11.471986577987979
2021-04-30,10.8,67,1010.5,0.0,0.0,23.17,58,-14.470496610706627,5.554703217952156
2021-05-01,9.4,79,1013.5,9.8,0.0,9.28,99,6.161630814881531,2.3652284669989823
2021-05-02,7.4,89,1007.7,36.8,0.0,4.16,94,-9.17060809473885,17.99833178860503
2021-05-03,7.2,69,1017.5,1.0,0.0,17.25,66,-21.587843898566234,3.033973600929427
2021-05-04,10.8,58,1009.2,0.2,0.0,16.71,93,-8.08103089536393,-15.85991613055295
2021-05-05,11.0,63,1002.7,0.3,0.0,14.43,70,-15.452224592561496,-11.226698318786239
2021-05-06,8.4,63,1008.4,0.5,0.0,21.41,49,-15.438918234159955,-6.873849267981021
2021-05-07,8.0,77,1008.1,5.4,0.0,16.79,73,-13.89912306130996,4.785851870520197
2021-05-08,8.4,64,1019.0,0.6,0.0,21.6,28,-15.079305974794064,-0.790272939268459
2021-05-09,14.1,59,1015.5,0.0,0.0,25.65,51,4.560998593674691,-14.918354193023355
2021-05-10,17.5,57,1011.2,0.0,0.0,25.38,45,6.381535752284562,-13.685247584253414
2021-05-11,20.6,57,1007.6,0.0,0.0,26.31,14,11.218609395737674,-12.905533821809403
2021-05-12,19.0,70,1005.3,12.6,0.0,21.21,57,-10.92289099001726,4.192905009680014
2021-05-13,15.1,85,1001.6,1.5,0.0,16.78,79,-10.840827724624297,7.876322380719137
2021-05-14,12.6,83,1004.6,1.2,0.0,10.89,91,-16.300968201436742,4.0642878460744125
2021-05-15,13.1,73,1008.4,1.5,0.0,19.18,70,-3.2945668089139817,-7.399718206905066
2021-05-16,13.1,79,1004.8,4.9,0.0,17.65,54,-3.2877836009180808,-6.740955347243752
2021-05-17,12.7,78,1004.1,0.4,0.0,16.28,77,-2.3590725298396413,-5.298563654327085
2021-05-18,13.0,74,1008.7,2.3,0.0,19.2,86,-15.073500051102918,6.711154610750696
2021-05-19,11.4,81,1013.2,3.1,0.0,20.79,58,-9.801071766072049,4.993895497135013
2021-05-20,11.8,76,1017.0,0.6,0.0,23.27,50,-10.875693444439797,5.071419140888395
2021-05-21,13.6,67,1011.5,0.0,0.0,22.45,83,-8.603646545265692,-12.287280664334878
2021-05-22,12.9,73,1007.5,5.1,0.0,17.31,71,-10.781579385638453,-8.124502812552652
2021-05-23,12.0,72,1013.9,0.8,0.0,19.67,55,-10.914961837066473,-2.9246552096584835
2021-05-24,13.5,70,1018.0,0.1,0.0,21.42,61,3.52815815445759,-12.304149708010483
2021-05-25,12.8,73,1013.6,1.3,0.0,10.68,86,-13.098793646369662,-8.835247874837796
2021-05-26,12.3,66,1015.3,0.4,0.0,18.9,70,-10.050310886639208,-13.33721301778979
2021-05-27,13.1,67,1014.8,0.2,0.0,19.91,54,-13.31479122813215,-4.326237921249266
2021-05-28,12.1,79,1019.2,1.2,0.0,19.59,57,-13.101375156693585,4.0054923547014925
2021-05-29,11.5,82,1021.3,4.3,0.0,19.61,65,-11.189752701215449,8.742392949624351
2021-05-30,11.6,76,1023.9,2.0,0.0,15.95,59,-2.3469506431314997,12.074014356406268
2021-05-31,12.9,67,1022.5,0.1,0.0,22.04,45,2.3552533104329387,8.789925019230521
2021-06-01,14.5,68,1018.9,0.0,0.0,20.72,72,-6.2097999206897105,-3.4421483037489913
2021-06-02,16.7,59,1020.7,0.0,0.0,24.09,63,10.513876985422742,-5.357087896926652
2021-06-03,17.2,56,1024.8,0.0,0.0,28.37,5,7.329602442130086,-2.6677571179402157
2021-06-04,18.6,56,1023.3,0.1,0.0,24.79,54,8.009268244311981,-5.819073997695483
2021-06-05,20.0,63,1019.4,1.0,0.0,26.03,55,10.758902739390853,0.941282021674708
2021-06-06,19.6,63,1019.3,0.1,0.0,22.96,29,5.743020914704153,3.450755101897363
2021-06-07,20.6,57,1019.3,0.0,0.0,20.67,61,-5.284947971030689,2.135257582470698
2021-06-08,21.2,53,1019.0,0.0,0.0,27.45,13,-2.4917955246765793,9.994045980642765
2021-06-09,20.4,49,1019.5,0.0,0.0,27.84,28,-4.104241719908023,11.276311449430901
2021-06-10,19.3,64,1019.1,0.9,0.0,20.41,37,-6.0219201102044195,2.9370866834868186
2021-06-11,20.2,65,1016.6,0.3,0.0,21.71,52,-7.282819289678468,6.557479942316807
2021-06-12,18.9,77,1014.1,10.1,0.0,11.19,85,-14.91409394298658,2.362160422107483
2021-06-13,14.7,62,1020.8,0.3,0.0,14.39,71,-16.7058279764625,13.05202327690396
2021-06-14,16.2,61,1022.7,0.0,0.0,27.23,27,-6.344327193192903,1.8192065483921958
2021-06-15,19.3,63,1018.4,0.0,0.0,24.56,78,-0.5971597826852219,-4.863476143042479
2021-06-16,21.0,72,1018.4,0.2,0.0,21.96,40,5.557266963671978,5.7547184027092095
2021-06-17,24.3,55,1017.8,0.0,0.0,28.76,3,8.426488874308758,-7.070663706551933
2021-06-18,25.7,49,1017.0,0.0,0.0,27.32,10,8.127502934370266,-8.41627566396222
2021-06-19,26.2,53,1014.9,0.0,0.0,28.42,3,5.970520342810804,-5.765664474809679
2021-06-20,27.0,52,1011.1,0.0,0.0,26.04,39,7.641242075048969,-7.9127378037251646
2021-06-21,25.4,65,1007.2,1.0,0.0,20.92,70,6.208884999171311,-9.560844474577832
2021-06-22,21.5,84,1010.1,11.9,0.0,11.75,85,-10.231780928934176,6.6445962271833245
2021-06-23,19.9,81,1017.9,2.7,0.0,17.86,71,-1.6218764607006297,8.343831059305144
2021-06-24,20.7,80,1016.3,5.8,0.0,20.33,75,-6.041079612258537,9.667748296183255
2021-06-25,18.4,81,1016.7,2.6,0.0,18.33,87,-4.200000000000004,7.274613391789282
2021-06-26,19.1,80,1018.3,1.2,0.0,22.88,50,-3.193236064442338,5.314437264353095
2021-06-27,20.3,70,1017.6,0.7,0.0,23.27,42,-4.325045290397773,2.7025882475893437
2021-06-28,21.5,63,1016.7,0.0,0.0,25.26,48,1.4235047480638656,-5.312592044589875
2021-06-29,23.0,62,1011.8,0.0,0.0,22.67,72,8.74685657822283,-5.049999999999997
2021-06-30,20.7,74,1007.7,6.2,0.0,19.92,64,-12.778771890908269,-8.947792407076323
2021-07-01,19.2,70,1010.8,0.0,0.0,19.83,54,-11.437001796735144,-1.2020773275780137
2021-07-02,17.4,81,1014.2,3.0,0.0,13.71,64,-11.789877783901346,2.7219077575607655
2021-07-03,18.9,73,1014.6,0.2,0.0,19.36,68,-12.210958193360584,7.050000000000002
2021-07-04,19.5,72,1012.0,0.2,0.0,20.23,41,-2.378314155840197,2.834364439540218
2021-07-05,20.5,71,1010.4,0.6,0.0,21.37,56,-5.78819864428265,-2.2218812871808646
2021-07-06,22.7,65,1012.3,0.0,0.0,24.43,34,2.355253310432941,-8.78992501923052
2021-07-07,21.2,72,1015.7,0.0,0.0,20.05,44,-7.740640809913006,9.558895325920739
2021-07-08,19.8,83,1019.9,26.1,0.0,11.15,87,3.868410628902396,6.19075110194191
2021-07-09,20.9,82,1015.0,3.6,0.0,14.39,74,-3.945345437835262,-8.861390939133228
2021-07-10,19.6,66,1018.0,0.0,0.0,21.85,45,-11.612789974203467,-1.4258713178402218
2021-07-11,20.7,74,1017.0,1.0,0.0,21.54,71,8.88919506535624,-1.4079101853620772
2021-07-12,20.6,84,1013.9,9.8,0.0,16.6,74,5.735792809693068,-4.986048620327854
2021-07-13,23.1,76,1009.7,0.0,0.0,23.27,43,11.302692751508728,-2.609432230388834
2021-07-14,23.4,78,1009.6,4.5,0.0,15.36,87,5.850829612953365,-5.455986880499987
2021-07-15,21.3,79,1011.8,0.5,0.0,20.13,59,-2.060344389908664,-4.224332017606085
2021-07-16,21.7,83,1015.1,12.4,0.0,15.14,74,-4.986048620327856,5.735792809693066
2021-07-17,22.3,83,1015.5,3.9,0.0,18.64,70,-6.137985240562484,6.582183314572536
2021-07-18,22.5,75,1015.7,1.9,0.0,20.76,67,-6.446665096301567,12.652292643474821
2021-07-19,19.2,74,1016.7,3.6,0.0,16.49,42,-8.769108940633256,7.895741155034522
2021-07-20,17.7,66,1017.8,0.2,0.0,17.94,49,-9.692532269362678,7.5726361465056
2021-07-21,17.9,69,1021.1,0.4,0.0,17.91,57,-9.257406847582814,5.5624112090285855
2021-07-22,19.1,72,1021.4,0.3,0.0,18.37,72,-3.6122235263867877,3.7405669617609845
2021-07-23,20.3,69,1017.4,0.0,0.0,19.59,55,2.5276230972386022,-3.3542691421986306
2021-07-24,21.2,66,1014.4,0.0,0.0,24.47,17,6.824958041162064,-1.957025226300693
2021-07-25,21.3,72,1011.8,0.3,0.0,13.21,81,10.900434401116538,-3.967433662577757
2021-07-26,22.5,74,1011.0,0.4,0.0,21.2,69,-5.932040705574501,-2.8932495688079127
2021-07-27,23.4,71,1013.0,0.0,0.0,21.81,60,-7.9229955659438245,-1.6840846956238542
2021-07-28,22.5,73,1011.9,1.2,0.0,19.43,61,-8.588213998889335,0.4500892236893179
2021-07-29,21.0,68,1012.3,0.9,0.0,19.97,30,-10.503410862890004,-2.041656250529027
2021-07-30,21.7,59,1010.3,0.0,0.0,21.84,41,-10.293725518296688,-0.35946481603575786
2021-07-31,21.5,64,1007.4,0.1,0.0,19.17,55,-8.746197071393958,-4.848096202463369
2021-08-01,16.8,80,1008.3,14.3,0.0,5.27,94,-5.600951480343557,6.916599056967038
2021-08-02,17.8,74,1011.0,2.5,0.0,18.94,72,-14.464678728767453,1.0114688692898157
2021-08-03,18.0,74,1014.5,0.2,0.0,20.6,50,-3.4732918522949863,-3.5966990016932554
2021-08-04,17.1,85,1013.6,6.5,0.0,14.82,76,1.5450849718747375,-4.755282581475767
2021-08-05,16.7,87,1009.4,5.1,0.0,7.84,100,6.9465837045899725,7.193398003386512
2021-08-06,17.7,74,1005.9,2.5,0.0,20.3,75,-9.616652224137049,9.616652224137043
2021-08-07,20.0,69,1007.2,0.0,0.0,20.26,45,-7.124213321006495,-5.977924770084818
2021-08-08,20.4,69,1010.6,4.2,0.0,19.23,72,-10.785062665736136,-5.02915731471432
2021-08-09,19.1,65,1019.1,0.1,0.0,22.29,32,-7.956175162946187,-0.8362277061412269
2021-08-10,19.6,74,1017.9,1.9,0.0,17.87,56,-0.7921507321334575,-6.451549985668594
2021-08-11,18.6,73,1018.6,0.4,0.0,19.38,37,-11.09313516917121,3.391511774783746
2021-08-12,18.8,67,1022.3,0.0,0.0,21.81,40,-4.247059864559092,-0.6726681996729934
2021-08-13,21.6,65,1021.1,0.0,0.0,23.04,55,1.1634427903684328,-6.598211945181794
2021-08-14,23.0,67,1019.0,0.0,0.0,21.51,31,-9.862327511108282,0.8628418532018132
2021-08-15,22.9,65,1014.2,0.0,0.0,20.58,51,-6.913818384165964,1.0950412552816147
2021-08-16,22.4,68,1007.9,3.3,0.0,17.78,75,-8.07539250838366,-7.019831610198428
2021-08-17,16.8,61,1012.6,1.3,0.0,13.29,87,-23.068342252830657,1.2089605892120052
2021-08-18,17.3,60,1013.7,0.1,0.0,15.56,65,-17.50884205313512,-3.7216192656378997
2021-08-19,18.8,66,1013.2,0.0,0.0,13.14,68,-15.411546780128324,-2.9957012274117503
2021-08-20,18.4,79,1016.1,6.4,0.0,12.06,69,-6.1458707413955596,-2.116193003971518
2021-08-21,18.4,75,1019.5,0.1,0.0,17.6,27,-6.240422598955492,2.1487498194172314
2021-08-22,19.9,75,1017.0,1.9,0.0,14.46,77,4.525946442652044,-6.229430856687094
2021-08-23,18.1,88,1015.6,17.7,0.0,11.74,86,-10.305702305034819,5.950000000000001
2021-08-24,16.4,75,1021.2,11.0,0.0,12.59,89,7.267367912268693,17.987366778595675
2021-08-25,15.2,68,1019.2,0.0,0.0,20.29,34,-9.457275316581232,3.820987252842302
2021-08-26,15.2,81,1007.4,7.2,0.0,13.28,80,-14.519018606748524,2.299586636091391
2021-08-27,14.1,79,1010.9,0.9,0.0,13.94,75,-6.8151371134295715,-2.616086031680695
2021-08-28,14.7,81,1014.0,1.3,0.0,14.9,68,-3.8637033051562732,-1.0352761804100825
2021-08-29,14.7,87,1013.9,4.6,0.0,13.92,73,-5.702441754805555,2.9055391983330985
2021-08-30,14.1,93,1013.0,3.3,0.0,8.47,95,-6.2972618914036484,3.4906292657736286
2021-08-31,15.0,90,1013.3,14.9,0.0,4.55,99,-12.277026472301785,16.292164404964772
2021-09-01,15.9,74,1021.4,0.0,0.0,15.45,73,-11.013214923682483,14.61502983386546
2021-09-02,16.2,76,1024.7,0.2,0.0,16.89,40,-9.01489315290086,7.300116536178114
2021-09-03,16.8,77,1020.4,0.0,0.0,18.52,14,-10.955253128218622,2.3286109371589054
2021-09-04,16.0,76,1018.3,0.2,0.0,15.66,41,4.452786523314355,3.8707482710439933
2021-09-05,15.5,59,1024.0,0.0,0.0,19.21,45,12.400275877604313,-3.5557218900392877
2021-09-06,14.3,65,1025.7,0.0,0.0,18.92,50,8.225945753487116,-6.198694738466099
2021-09-07,16.2,75,1023.6,0.0,0.0,9.29,70,-6.954665949281292,-1.8634971247381487
2021-09-08,17.8,71,1022.3,0.0,0.0,18.5,16,3.4979351304518835,-7.856490935726367
2021-09-09,18.7,57,1016.9,0.0,0.0,19.04,0,5.50930891169876,-12.979118433679409
2021-09-10,19.9,54,1015.5,0.0,0.0,18.39,0,2.114539910832333,-9.159078608981211
2021-09-11,18.6,74,1016.4,0.8,0.0,13.55,51,-6.771649583831595,-3.4503277980205564
2021-09-12,18.8,82,1016.6,0.4,0.0,14.82,60,-7.437628862425827,1.9929066472894064
2021-09-13,18.0,81,1017.4,0.5,0.0,12.02,68,-7.609191452112741,4.217843696143134
2021-09-14,17.6,74,1018.7,0.0,0.0,14.06,35,5.286939327660754,1.5160054569934953
2021-09-15,19.4,70,1015.2,0.0,0.0,15.22,62,6.977596063284915,-6.7381861934522735
2021-09-16,18.9,85,1012.4,5.0,0.0,7.81,94,-9.0778328573644,0.6347839110715394
2021-09-17,15.4,84,1012.5,3.1,0.0,9.34,80,-13.62554300139567,4.959292078222201
2021-09-18,13.4,84,1013.6,4.2,0.0,5.69,92,-12.5385775077425,9.448495863487151
2021-09-19,11.4,76,1016.7,0.1,0.0,8.2,76,-3.225311545907707,8.402223838474814
2021-09-20,11.1,73,1019.9,0.0,0.0,7.53,73,-0.5789787320762428,8.27978161715654
2021-09-21,10.6,82,1025.5,3.0,0.0,10.31,71,-8.358784630582255,4.07685166513842
2021-09-22,11.9,82,1023.9,10.9,0.0,8.72,97,-5.3919264466487675,8.302838622659698
2021-09-23,15.7,70,1016.1,0.0,0.0,11.35,88,-15.882232055999333,-3.6667021858050037
2021-09-24,14.8,70,1011.9,1.4,0.0,9.17,93,-24.768293179442615,7.57242715231888
2021-09-25,17.9,73,1016.4,0.0,0.0,10.01,80,-13.002354586501319,-1.5964883986074279
2021-09-26,17.9,79,1019.6,0.0,0.0,13.86,34,7.491072752669327,-3.3352404732215617
2021-09-27,16.9,85,1018.4,0.0,0.0,10.79,76,10.422539550921476,-4.860110010018042
2021-09-28,15.3,90,1021.1,1.2,0.0,6.92,78,6.1194134401407965,-2.4724035165450196
2021-09-29,12.6,79,1020.4,1.0,0.0,10.07,98,9.865547113404997,-6.654395551301886
2021-09-30,12.6,71,1025.8,0.1,0.0,12.78,38,-10.199761108038176,1.4334829398886744
2021-10-01,10.5,72,1025.5,0.0,0.0,13.69,48,8.202438661763951,-8.202438661763951
2021-10-02,14.3,71,1017.5,0.0,0.0,12.58,43,2.0962218315390952,-13.235023763974844
2021-10-03,14.6,68,1013.7,0.0,0.0,12.93,63,7.799999999999999,-13.509996299037244
2021-10-04,15.4,82,1016.4,0.0,0.0,11.84,55,-7.780999592026629,0.5441004952041767
2021-10-05,17.7,72,1012.2,0.0,0.0,12.59,35,10.759368075444318,-12.37723711565346
2021-10-06,14.8,88,1016.8,5.3,0.0,3.8,99,-5.342703005785484,3.3384913646691894
2021-10-07,13.4,85,1026.0,0.4,0.0,5.43,93,0.9674287444990056,11.057761148818376
2021-10-08,9.5,66,1031.8,0.0,0.0,12.76,18,12.033714933956107,1.264794405538607
2021-10-09,7.6,59,1033.7,0.0,0.0,12.68,0,12.498096189454891,0.21815508046604498
2021-10-10,6.2,67,1029.9,0.0,0.0,12.5,1,8.238133058622974,-1.011515550262723
2021-10-11,6.9,78,1022.3,0.2,0.0,8.47,48,-9.09445652587377,0.31758541999276163
2021-10-12,8.1,89,1015.5,5.2,0.0,5.48,62,-14.122210914229482,1.4843041784006723
2021-10-13,5.7,87,1019.2,2.8,0.0,7.7,44,-12.610916492298434,5.353016460303047
2021-10-14,7.5,84,1022.2,1.1,0.0,3.51,94,-8.274112912870581,-6.46444549091941
2021-10-15,11.6,79,1016.4,1.6,0.0,9.59,85,-15.337195092268274,-10.34506871420881
2021-10-16,8.2,81,1021.1,0.0,0.0,8.75,46,-10.914961837066475,2.9246552096584795
2021-10-17,7.6,73,1021.4,0.0,0.0,7.06,85,-8.551202849151766,-3.1123833042635836
2021-10-18,9.8,83,1024.5,1.5,0.0,4.4,100,-9.986295347545738,-0.523359562429443
2021-10-19,11.7,70,1022.8,0.0,0.0,8.76,97,-2.8360055358105463,-9.276156132841443
2021-10-20,16.7,62,1012.1,0.0,0.0,8.12,91,-10.184749954781006,-15.683139620579428
2021-10-21,14.7,57,1001.7,0.2,0.0,4.08,76,-22.291893294762257,-18.7051194418783
2021-10-22,9.5,57,1011.3,0.1,0.0,7.89,56,-24.846436652023495,-5.736251885768564
2021-10-23,7.3,75,1022.8,0.3,0.0,8.47,16,-21.173366689762474,3.7334358198389945
2021-10-24,6.1,81,1031.3,0.0,0.0,8.94,45,2.0375345700140413,-9.585846487191297
2021-10-25,7.3,64,1024.1,0.0,0.0,9.31,42,3.07240807411578,-12.322755723705155
2021-10-26,8.5,73,1021.7,0.0,0.0,7.44,76,-5.849367248147507,-6.9710044323827
2021-10-27,9.5,81,1025.2,0.0,0.0,7.49,93,-8.051237452276071,-5.228534736144259
2021-10-28,8.8,84,1024.1,0.0,0.0,8.5,10,4.8752572309454845,-7.802042484639118
2021-10-29,9.6,63,1018.3,0.0,0.0,8.67,38,4.733324531495834,-10.150647214810478
2021-10-30,10.6,59,1013.9,0.0,0.0,8.57,2,6.835815645473354,-12.33213787066548
2021-10-31,11.7,65,1013.1,0.0,0.0,6.59,73,5.727553065987866,-10.771960632878908
2021-11-01,10.6,74,1005.3,0.0,0.0,7.72,31,2.795245687107227,-10.431998923921936
2021-11-02,8.2,90,1002.2,10.3,0.0,2.07,91,-6.733822867442678,-0.9463770865284475
2021-11-03,8.2,83,1005.4,0.4,0.0,7.28,57,4.539904997395468,-8.910065241883679
2021-11-04,10.4,78,1001.0,5.2,0.0,2.93,88,2.466871733116628,-23.47071673069125
2021-11-05,7.8,76,1016.6,1.1,0.0,2.3,77,-19.2113416291621,-6.24214328637394
2021-11-06,7.8,75,1026.5,0.0,0.0,6.72,38,-14.095389311788626,-5.130302149885028
2021-11-07,6.5,77,1016.4,2.0,0.0,3.01,69,-13.962127234121283,-12.137092036324384
2021-11-08,7.6,82,1018.7,0.9,0.0,1.54,90,-17.397349895721206,0.3036718720087264
2021-11-09,7.5,89,1029.5,1.5,0.0,3.76,80,-8.844825601544928,-2.8738580476870124
2021-11-10,5.6,83,1027.9,0.0,0.0,6.27,58,4.045751208891852,-10.013585629321303
2021-11-11,4.3,88,1024.8,0.0,0.0,6.24,50,-5.673165518635885,-4.5940388546638165
2021-11-12,3.2,92,1023.3,0.0,0.0,3.33,87,4.683895701129234,-7.212566884330646
2021-11-13,4.6,86,1017.5,0.0,0.0,4.38,84,3.2149893472612874,-8.833110635387538
2021-11-14,3.6,91,1023.2,0.0,0.0,4.4,78,1.6929544031772148,4.9166965931164475
2021-11-15,5.5,86,1029.5,0.0,0.0,2.07,99,10.093847352892867,-0.3524849166952596
2021-11-16,5.3,90,1025.6,0.0,0.0,5.27,62,7.433782124681233,-7.971755347648958
2021-11-17,5.5,84,1020.8,0.1,0.0,3.59,91,-5.96519493805088,-8.519181260605516
2021-11-18,7.4,78,1024.2,0.0,0.0,2.94,91,-20.272179555517848,1.062419911731762
2021-11-19,9.6,84,1022.1,3.2,0.0,1.12,100,-27.331398697267343,3.841177586497807
2021-11-20,10.3,82,1020.8,0.2,0.0,1.34,99,-21.780029508565185,2.2891733455616
2021-11-21,6.9,83,1011.5,0.1,0.0,3.54,84,-11.205255745030204,-2.5869371249544506
2021-11-22,5.3,89,1018.9,2.4,0.0,2.65,83,-5.304892171573561,8.828823197231756
2021-11-23,2.6,85,1026.5,0.0,0.0,1.3,68,-12.839948427736791,2.0336480455229986
2021-11-24,5.3,84,1024.1,0.1,0.0,1.57,93,-8.833659042107898,-4.896577164488002
2021-11-25,1.7,81,1012.4,0.0,0.0,2.75,58,-4.720043077040491,-11.682516567541521
2021-11-26,1.7,86,1001.8,4.8,2.1,1.47,100,-2.324400439573846,-4.984692828701576
2021-11-27,1.5,91,995.6,0.9,0.28,4.83,69,2.2517256923919327,-8.403554688714893
2021-11-28,-0.1,95,997.1,7.8,4.41,1.3,98,-0.7526049355271046,7.160557646651568
2021-11-29,0.5,94,1000.1,1.2,0.56,1.89,95,-16.676063281474356,7.776176016028872
2021-11-30,2.3,86,1000.9,5.1,1.47,1.34,99,-23.76738292715886,-1.2455957585820745
2021-12-01,4.1,84,998.8,1.8,0.0,1.04,100,-16.02810901735645,-10.015474094007574
2021-12-02,4.4,69,996.3,0.5,0.0,4.43,30,-19.779712315140273,-4.5665064031804645
2021-12-03,-0.2,72,1009.4,0.0,0.0,4.59,36,-16.000523090196925,-3.1101866246376773
2021-12-04,1.0,66,1004.7,0.6,0.42,1.59,95,1.1330246557195565,-12.950531075192693
2021-12-05,1.3,90,1003.6,4.1,2.24,0.73,100,-6.018150231520484,-7.986355100472928
2021-12-06,-0.1,89,1012.4,2.0,1.4,0.8,100,-1.9844135519160646,10.208922707855706
2021-12-07,-0.7,86,1014.8,0.0,0.0,2.11,95,8.415481852474713,-2.572871001560083
2021-12-08,-2.5,85,1010.6,0.0,0.0,3.23,90,16.09300261136488,-8.9204970125326
2021-12-09,-1.6,86,1007.2,3.3,2.38,1.18,98,10.585805814703063,-4.493407977626649
2021-12-10,-1.0,91,1002.7,1.1,0.77,3.3,67,4.683895701129234,-7.212566884330646
2021-12-11,-1.1,89,1012.7,0.0,0.0,3.19,82,-3.243946486239173,-6.6510759426138355
2021-12-12,-1.7,89,1025.3,0.0,0.0,3.72,73,-5.164045682200391,-1.5788072055027804
2021-12-13,0.9,95,1026.5,0.4,0.0,0.84,100,-5.999086170938348,0.10471443862369878
2021-12-14,2.5,97,1027.1,0.3,0.0,1.72,99,-6.120350438163427,-1.8711789102255176
2021-12-15,5.5,93,1029.7,0.1,0.0,0.86,100,-10.485610114923025,0.5495275405509115
2021-12-16,6.8,93,1031.4,0.8,0.0,0.52,100,-16.444620863753396,5.985352508199207
2021-12-17,4.5,88,1033.9,0.0,0.0,1.39,100,-16.85297774861752,14.141327413103863
2021-12-18,3.6,90,1033.4,0.0,0.0,0.78,100,-16.494801724067027,7.691652363680732
2021-12-19,5.4,90,1018.8,2.7,0.0,0.78,89,-23.368645203778343,11.397649816516012
2021-12-20,0.4,86,1020.7,0.9,0.49,1.22,59,-15.857119972562847,13.305703520511361
2021-12-21,-2.0,85,1026.1,0.1,0.07,1.57,85,-6.2016789194642525,3.024760912844634
2021-12-22,-2.7,83,1028.7,0.0,0.0,2.59,80,-7.395492119941309,-0.25825627559850567
2021-12-23,-2.0,71,1016.7,1.3,0.91,1.77,100,-0.3699346650465095,-10.593542766402415
2021-12-24,3.4,89,999.5,9.2,2.1,0.54,100,-19.2,-3.526982781544377e-15
2021-12-25,-3.9,80,1012.2,0.5,0.35,3.6,64,-1.6196475912758304,7.015464466453693
2021-12-26,-8.4,84,1016.9,0.0,0.0,3.46,30,6.88699122429963,-3.6618781897299493
2021-12-27,-7.0,70,1013.6,0.0,0.0,3.99,9,13.862277207885151,-7.370703535738487
2021-12-28,-2.4,82,1006.4,1.8,0.0,2.55,72,12.434335383311536,-10.069126256797396
2021-12-29,0.9,93,1005.6,5.2,0.98,2.39,87,-0.6362369220579029,-7.272221296069742
2021-12-30,5.7,93,1013.2,7.0,0.0,1.29,100,-9.328529057720685,-5.829111906565255
2021-12-31,11.8,83,1015.8,2.8,0.0,1.8,98,-21.58684186361247,-0.7538291287740165
2022-01-01,10.8,91,1020.9,2.6,0.0,0.92,100,-19.781975538939196,6.427553482998903
2022-01-02,8.6,84,1016.8,0.1,0.0,2.68,89,-9.07057818883123,-9.72700423153497
2022-01-03,8.3,73,1008.9,0.7,0.0,3.22,57,-23.012097525919323,-2.013297657470906
2022-01-04,7.1,90,998.8,6.0,0.0,0.7,100,-9.13561546430087,-8.822161304829265
2022-01-05,3.7,85,999.6,3.2,0.07,0.66,92,-13.99167377247709,-5.939113153036962
2022-01-06,1.0,73,1011.3,2.2,0.56,3.26,60,-20.990512378304835,7.22761302894887
2022-01-07,-1.4,72,1018.9,0.0,0.0,3.57,65,-2.536426642004704,-9.46607309763287
2022-01-08,-0.3,76,1012.3,0.3,0.14,4.01,84,0.439622032440728,-8.38848809193842
2022-01-09,-0.3,82,1003.5,0.0,0.0,4.56,80,7.161598775509373,-9.503762569562786
2022-01-10,-0.3,84,1018.3,0.0,0.0,3.06,83,6.628421028130132,2.5444124417716325
2022-01-11,-2.5,77,1035.2,0.0,0.0,4.45,47,5.046340541172277,4.70578868443124
2022-01-12,-3.5,84,1037.3,0.2,0.14,3.49,64,-7.18801085141084,-4.150000000000004
2022-01-13,2.2,91,1033.9,0.0,0.0,1.76,89,-19.893116610846604,3.5076931888719853
2022-01-14,3.3,89,1027.6,0.3,0.0,1.23,94,-24.959554130635226,7.630901493263429
2022-01-15,0.6,92,1029.0,0.0,0.0,3.02,61,-11.983312105318936,3.893614129124335
2022-01-16,0.0,85,1022.3,0.7,0.07,3.89,83,-10.362742734118937,-3.9778842399528376
2022-01-17,2.6,80,1018.2,2.8,0.0,0.97,67,-28.210990300909547,8.624965289320732
2022-01-18,-0.3,84,1033.5,0.0,0.0,3.35,39,-15.464481538001001,6.564282958619795
2022-01-19,1.9,82,1026.1,0.0,0.0,4.44,86,-8.754631130584155,-7.610284736289884
2022-01-20,1.2,70,1012.8,3.5,2.03,4.3,86,-27.16142936636629,4.301947788606344
2022-01-21,-1.3,69,1020.5,0.4,0.35,4.92,58,-23.83589479906389,11.1148602837804
2022-01-22,-1.7,86,1024.5,2.6,1.82,4.82,80,-9.943262178587439,12.278906191020136
2022-01-23,-0.9,92,1031.8,0.2,0.0,1.02,99,-4.176456994115625,3.26300581922599
2022-01-24,1.3,94,1034.9,0.0,0.0,1.57,100,0.25644618559042465,-4.893284720297412
2022-01-25,3.0,92,1030.9,1.0,0.0,1.44,100,-12.967758166845535,4.719877977894233
2022-01-26,2.3,92,1027.2,3.0,0.0,0.86,100,-18.317424206027074,3.229856104604898
2022-01-27,2.7,82,1018.6,1.3,0.28,0.9,100,-21.488817091692074,-3.0200562908334283
2022-01-28,3.3,74,1018.3,0.5,0.07,3.2,73,-29.324809190327496,13.056246242733174
2022-01-29,2.6,82,1020.0,5.6,0.14,1.49,100,-18.260285112866946,-5.933126291998993
2022-01-30,5.0,69,1008.6,1.3,0.0,4.05,64,-37.86429239053148,10.145706568018797
2022-01-31,1.6,75,1008.2,0.5,0.14,2.31,90,-12.688654386385807,3.6384130967843915
2022-02-01,1.0,85,1007.7,5.6,2.66,2.72,90,-18.58866938255518,-0.6491306386665142
2022-02-02,3.3,88,1004.0,6.4,0.98,3.21,92,-26.3264388087398,11.174910274793222
2022-02-03,2.8,82,1018.5,4.5,0.0,5.93,96,-11.68251656754152,-4.720043077040494
2022-02-04,5.0,86,1011.7,1.6,0.0,3.27,97,-8.995650529915798,-8.388579828768734
2022-02-05,4.0,68,1014.1,0.6,0.0,6.22,61,-23.985379848458297,-0.8375879208600183
2022-02-06,4.7,73,1007.0,2.1,0.0,2.88,100,-17.64121332507323,-14.285572876831319
2022-02-07,3.5,75,1005.6,2.9,0.63,4.91,79,-25.590274386043333,10.339141978279171
2022-02-08,4.9,77,1022.1,1.6,0.0,1.48,97,-24.02930917349788,4.237015535073091
2022-02-09,7.9,78,1024.3,1.0,0.0,4.47,99,-21.486902780910558,-0.7503391791037664
2022-02-10,8.5,73,1019.8,0.2,0.0,5.88,85,-14.560463550046501,-7.101612577983059
2022-02-11,3.5,91,1021.2,9.0,1.68,2.32,75,-11.59836115350075,4.923212218964846
2022-02-12,0.8,79,1033.1,0.0,0.0,8.18,31,-9.53393208438298,-6.430718389913586
2022-02-13,2.1,67,1022.9,0.0,0.0,9.13,48,0.7588713655226852,-14.48012825394132
2022-02-14,3.1,64,1013.1,0.0,0.0,9.36,2,3.4721252366565802,-16.335064932254554
2022-02-15,4.7,77,1011.8,2.1,0.0,6.76,81,-5.4163352083684355,-7.187719590425635
2022-02-16,6.2,74,1006.0,0.6,0.0,5.27,86,-11.328491928312564,-17.44434781326482
2022-02-17,8.9,67,992.9,13.9,0.42,6.24,88,-37.30889547971742,-2.6088921180302966
2022-02-18,6.8,64,1005.3,1.1,0.0,7.7,62,-22.381863712243725,-9.965047755357102
2022-02-19,6.8,46,1006.7,0.4,0.0,7.75,24,-31.761476852522307,-3.8998189889647095
2022-02-20,5.3,68,1009.3,2.1,0.21,4.1,100,-17.314779474182664,-10.403769113183099
2022-02-21,6.9,64,997.8,2.8,0.0,7.42,79,-23.021345532593543,-10.249763405510162
2022-02-22,4.3,74,1009.9,1.5,0.0,6.83,86,-21.86273211687102,3.854989544205845
2022-02-23,5.3,74,1019.2,3.4,0.0,7.9,54,-21.792123472538137,4.235959697359301
2022-02-24,4.7,70,1017.8,0.0,0.0,9.74,57,-1.2376115470167428,-14.145964712902787
2022-02-25,4.9,63,1017.0,0.2,0.0,10.55,50,-19.625035552407386,-1.7169681321288675
2022-02-26,2.4,81,1029.4,1.1,0.07,5.3,64,-6.877827423645973,8.196675541373061
2022-02-27,1.3,84,1036.8,0.6,0.0,9.19,45,4.557305672405562,7.2932136269452625
2022-02-28,-0.8,69,1036.7,0.0,0.0,11.21,14,10.309654358667332,4.376188639079865
2022-03-01,-1.0,71,1035.2,0.0,0.0,12.18,7,7.083158801814774,-1.7660298378775747
2022-03-02,-1.4,61,1027.2,0.0,0.0,12.53,4,5.298563654327085,2.3590725298396413
2022-03-03,-0.2,64,1020.4,0.0,0.0,12.32,29,-3.943561127401483,7.416759780014987
2022-03-04,-0.1,86,1022.0,1.4,0.63,5.07,73,-2.719056853921456,8.893634230456229
2022-03-05,0.0,79,1024.5,0.5,0.35,8.95,65,4.037455439958661,7.593349298586772
2022-03-06,-0.6,73,1024.5,0.5,0.35,5.8,87,0.954044976882724,4.90813591723832
2022-03-07,1.2,68,1023.8,0.6,0.28,8.57,78,-6.550000000000006,11.344932789576143
2022-03-08,0.9,77,1025.6,0.0,0.0,11.58,39,-1.337090968035364,7.583019698194002
2022-03-09,2.4,73,1025.8,0.0,0.0,13.68,14,-5.20188455659155,8.657389737091332
2022-03-10,1.5,63,1032.8,0.0,0.0,14.22,24,13.946725773284438,-1.2201803984672153
2022-03-11,-0.7,48,1034.5,0.0,0.0,14.66,0,15.934867429633671,-9.199999999999996
2022-03-12,0.8,46,1030.4,0.0,0.0,14.68,4,10.113108374985147,-8.791190988472795
2022-03-13,2.4,49,1026.6,0.0,0.0,14.76,0,11.894828017095783,-6.593410835350183
2022-03-14,5.1,47,1028.0,0.0,0.0,15.08,13,6.4787075664452916,-12.184676781453193
2022-03-15,7.4,71,1028.5,0.0,0.0,12.17,78,3.9999999999999996,-6.92820323027551
2022-03-16,8.2,71,1025.3,2.6,0.0,12.23,72,4.993895497135014,9.801071766072047
2022-03-17,6.2,66,1032.1,0.0,0.0,15.17,59,12.133719625038754,-5.918010481652546
2022-03-18,4.0,54,1040.1,0.0,0.0,15.54,40,9.679345737832351,1.5330577573942632
2022-03-19,2.9,54,1042.8,0.0,0.0,15.7,16,12.715918809539472,2.702851980630873
2022-03-20,4.1,47,1042.2,0.0,0.0,16.46,0,13.90775781850181,-5.619098901238681
2022-03-21,4.3,52,1039.9,0.0,0.0,16.79,0,9.584078918181202,-6.71084430530724
2022-03-22,6.4,57,1037.1,0.0,0.0,16.86,0,7.627145667506383,-5.144574711930869
2022-03-23,7.9,60,1030.9,0.0,0.0,17.32,0,5.3674916348507145,-3.4856898240961733
2022-03-24,6.6,61,1028.7,0.0,0.0,17.21,0,2.017364762586884,6.598502816144945
2022-03-25,7.1,59,1028.3,0.0,0.0,17.39,0,-6.533812187156061,3.474089564615589
2022-03-26,9.5,68,1027.1,0.1,0.0,12.84,34,-14.756036873121813,9.22059519765776
2022-03-27,6.4,57,1031.3,0.0,0.0,17.68,16,7.281152949374527,-5.290067270632258
2022-03-28,10.2,60,1020.9,0.0,0.0,17.61,0,-12.070525008143873,-0.8440533323039195
2022-03-29,8.1,70,1010.4,0.0,0.0,10.23,82,-12.053893567587444,5.620822881151305
2022-03-30,5.7,75,1005.0,7.6,0.0,11.28,96,1.6692610796377074,6.695040511304376
2022-03-31,3.0,84,1003.2,4.3,0.63,3.79,100,16.292935906108195,6.9159409742601445
2022-04-01,1.8,70,1002.7,5.8,3.5,3.53,100,12.515790027001891,12.515790027001891
2022-04-02,3.0,48,1007.8,0.4,0.28,9.44,100,2.98789828226841,18.86484730536713
2022-04-03,1.4,52,1016.6,0.0,0.0,13.14,94,-9.464011199792267,13.51600873076836
2022-04-04,4.3,53,1011.5,1.1,0.0,15.75,74,-17.990115324444407,-12.1344860053152
2022-04-05,6.2,81,1002.2,4.4,0.0,7.07,100,-21.637506105780822,-2.6567516862322083
2022-04-06,10.7,73,1002.4,3.5,0.0,9.36,96,-16.180464582078823,-8.968977974557232
2022-04-07,12.0,62,993.5,5.9,0.0,16.55,90,-16.122034611053284,-16.122034611053287
2022-04-08,9.1,55,994.9,1.4,0.0,15.31,74,-24.756701718539258,-3.4793275240016457
2022-04-09,6.3,68,1002.4,2.8,0.0,17.37,56,-16.661728107827525,3.8466630292800903
2022-04-10,4.6,72,1015.1,1.6,0.28,15.4,44,-18.469771969129077,2.9253244962523137
2022-04-11,5.5,66,1020.4,0.7,0.07,16.92,52,-12.807903586843155,3.19336902191561
2022-04-12,6.8,62,1021.0,0.0,0.0,20.93,34,8.108159370114148,-4.131313547629875
2022-04-13,10.4,57,1020.8,0.0,0.0,21.23,27,10.97174144898704,-6.592487358848695
2022-04-14,13.7,62,1018.4,0.0,0.0,19.54,89,6.505382386916237,-6.505382386916236
2022-04-15,11.1,81,1021.1,3.3,0.0,13.17,84,-12.433012927525896,11.593972121062476
2022-04-16,6.5,64,1029.7,1.4,0.0,14.95,71,1.7256837064036317,19.724655022216563
2022-04-17,6.5,55,1028.7,0.0,0.0,20.97,55,2.1414904154229215,10.0749202875582
2022-04-18,7.2,54,1019.2,0.0,0.0,20.35,74,4.183920791232925,8.972447091662834
2022-04-19,6.7,58,1014.0,1.4,0.07,13.64,91,7.3001165361781135,9.014893152900862
2022-04-20,4.7,82,1014.9,3.8,0.0,4.17,90,-10.695649150960088,5.216616646790022
2022-04-21,7.6,82,1013.3,0.6,0.0,10.05,97,0.9918797719586376,-3.978212477731585
2022-04-22,9.4,76,1010.8,0.3,0.0,9.42,85,11.871012198091908,0.8301020375550903
2022-04-23,9.4,66,1010.0,0.0,0.0,16.53,45,7.217152845925779,3.677323047890329
2022-04-24,9.4,77,1003.8,16.6,0.0,6.24,72,14.440201815041835,4.414812741313325
2022-04-25,8.8,83,1007.6,0.3,0.0,5.46,99,-2.190082510563235,13.827636768331928
2022-04-26,9.1,77,1016.5,0.6,0.0,17.86,46,-4.607497917959846,4.148609759424918
2022-04-27,10.5,67,1022.1,0.1,0.0,18.04,56,-0.4464414319624041,6.384409921662876
2022-04-28,11.0,65,1026.5,0.1,0.0,20.05,60,-7.780173749140772,8.05660576379289
2022-04-29,11.2,60,1027.6,0.0,0.0,22.72,46,-1.8386064065574756,7.3742475196975725
2022-04-30,10.9,60,1023.8,0.0,0.0,22.16,89,6.824958041162064,-1.957025226300693
2022-05-01,12.9,56,1020.6,0.1,0.0,22.08,77,5.377666356487367,-2.17271824181229
2022-05-02,13.4,58,1018.0,0.0,0.0,22.74,28,1.8711789102255154,6.1203504381634275
2022-05-03,13.7,59,1015.8,0.0,0.0,20.58,32,-1.7256670337874072,8.118625086090587
2022-05-04,14.4,57,1017.6,0.0,0.0,20.92,77,5.470384741944046,2.210178901153881
2022-05-05,14.7,68,1018.6,3.2,0.0,21.72,63,6.895796706431761,-0.2408065272472566
2022-05-06,14.5,67,1023.0,0.0,0.0,21.12,78,-3.5922552247959434,7.703616189811525
2022-05-07,14.9,57,1022.4,0.0,0.0,20.69,32,-3.149083339154434,-3.622605985069306
2022-05-08,14.6,71,1023.3,6.1,0.0,22.65,36,-5.129163345616007,4.153514580928928
2022-05-09,15.2,51,1026.8,0.0,0.0,24.04,28,7.328500008542515,5.725651720528623
2022-05-10,16.4,52,1021.8,0.0,0.0,24.26,34,3.9860191021428446,-8.952745484897488
2022-05-11,20.8,52,1013.7,0.0,0.0,21.62,77,-8.776244419430046,-8.183980320749983
2022-05-12,20.4,45,1013.3,0.0,0.0,24.91,43,-21.69669498489369,-0.37871721968905186
2022-05-13,17.3,51,1016.4,0.0,0.0,19.57,80,-11.877688919716732,2.308788844056196
2022-05-14,15.8,53,1018.7,0.0,0.0,18.44,73,-15.312009912351975,4.975173609436651
2022-05-15,15.3,57,1020.7,0.0,0.0,25.16,30,-5.510895843520262,6.339560473871284
2022-05-16,16.9,53,1019.5,0.0,0.0,26.11,59,5.885627896532963,0.4115631950903389
2022-05-17,17.1,46,1019.0,0.0,0.0,15.8,86,7.396153886183166,6.429378484106972
2022-05-18,13.9,39,1027.7,0.0,0.0,28.44,21,8.861390939133228,-3.9453454378352624
2022-05-19,17.6,44,1023.8,0.0,0.0,27.32,43,0.38040451405726244,-10.893360014508144
2022-05-20,21.6,56,1017.7,0.2,0.0,23.1,89,-13.522961568046956,-3.6234666314352886
2022-05-21,18.0,56,1014.3,5.2,0.0,22.49,61,-26.489073327334708,6.604467749870921
2022-05-22,14.7,59,1015.3,0.0,0.0,16.76,63,-13.080978509871583,10.219980490405932
2022-05-23,14.6,61,1012.1,0.0,0.0,25.21,66,10.153897317877659,-5.398922972037745
2022-05-24,18.0,68,1007.0,7.2,0.0,16.49,91,0.6541994530367976,-12.482869184432174
2022-05-25,15.0,84,1014.6,5.7,0.0,8.41,78,-7.111356052284991,-1.1263281482896634
2022-05-26,16.9,61,1017.3,0.0,0.0,19.06,55,-19.153229764988623,-1.3393242958872111
2022-05-27,15.0,69,1014.5,9.8,0.0,5.94,76,-17.33378774679637,-1.5165099238092534
2022-05-28,11.9,61,1013.1,2.7,0.0,23.75,38,-22.578111967307805,3.1731467018894928
2022-05-29,12.2,62,1012.6,0.0,0.0,20.27,58,-9.131986111414031,-2.6185548802614895
2022-05-30,12.2,70,1012.0,0.5,0.0,21.58,62,-7.180188374442374,-1.7902220274375418
2022-05-31,13.8,68,1015.4,0.1,0.0,24.22,55,2.1940206600621273,-6.75250126569559
2022-06-01,16.7,64,1013.9,0.4,0.0,26.6,41,-11.17271736291003,-0.7812725059342065
2022-06-02,15.6,60,1019.2,0.3,0.0,26.26,33,-11.380026595960121,3.479223286200567
2022-06-03,17.4,60,1021.2,0.0,0.0,25.21,42,7.293213626945264,-4.557305672405561
2022-06-04,19.5,63,1017.9,0.9,0.0,16.28,88,6.190751101941911,3.868410628902396
2022-06-05,20.3,60,1019.0,0.0,0.0,28.27,33,10.998324646720304,0.1919764708101196
2022-06-06,19.2,70,1015.4,0.6,0.0,13.89,78,2.639954260045714,-9.852443428148495
2022-06-07,18.3,82,1013.5,8.4,0.0,16.2,72,-6.2,-1.1389215232070384e-15
2022-06-08,18.3,79,1010.8,1.3,0.0,19.66,79,3.0902284494603265,-5.143003804212674
2022-06-09,17.8,84,1009.7,15.6,0.0,11.56,92,-6.079910225321092,8.68301166946331
2022-06-10,19.2,65,1019.2,0.2,0.0,20.5,66,-9.89892918917271,11.797084424032258
2022-06-11,19.8,58,1021.9,0.0,0.0,22.32,45,-3.8162164327039174,2.384636689049421
2022-06-12,21.6,58,1019.5,0.0,0.0,23.58,57,-7.210338479410741,-1.6646378021446029
2022-06-13,17.7,68,1015.8,8.5,0.0,13.05,66,-10.33567568058507,5.266289796978741
2022-06-14,15.5,57,1020.9,0.4,0.0,23.3,44,-13.721500472500868,6.991453695989018
2022-06-15,17.0,58,1020.6,0.0,0.0,27.12,64,0.2983149505847797,-5.692188348101071
2022-06-16,20.5,56,1016.6,0.5,0.0,19.77,64,-4.352082080911062,-9.774936396775828
2022-06-17,19.7,50,1021.9,0.0,0.0,20.61,87,-9.070578188831227,9.72700423153497
2022-06-18,23.9,47,1018.3,0.0,0.0,27.16,49,-8.768124086713188,-8.768124086713192
2022-06-19,27.1,44,1010.3,0.0,0.0,28.61,12,-6.967682637535964,-17.24561969494225
2022-06-20,20.7,72,1009.1,12.2,0.0,18.06,50,-9.534930118641334,7.4495038514404675
2022-06-21,16.2,62,1012.8,0.5,0.0,20.53,38,-18.012130894322112,9.577219880832164
2022-06-22,18.4,60,1013.2,0.0,0.0,28.72,43,-3.7900386099347108,-3.4125660924301764
2022-06-23,21.2,54,1014.7,0.0,0.0,28.76,0,9.659258262890683,-2.5881904510252083
2022-06-24,24.0,48,1012.2,0.0,0.0,27.36,38,11.444430312351871,-10.304611337926417
2022-06-25,23.5,60,1011.5,1.2,0.0,23.52,72,3.829995999946064,-6.909495686401226
2022-06-26,25.3,56,1014.8,0.0,0.0,25.4,18,4.951540162293215,-3.7312531435427
2022-06-27,27.2,48,1015.0,0.0,0.0,24.86,30,6.766234131996037,-10.031354627916004
2022-06-28,23.8,63,1018.2,4.1,0.0,17.73,88,-7.649172555269821,9.115928873115836
2022-06-29,22.7,69,1016.6,1.0,0.0,13.07,99,8.764789001808651,1.5454687812356807
2022-06-30,24.5,74,1012.9,1.9,0.0,23.68,75,5.35847312452571,-4.186498032214477
2022-07-01,23.8,73,1012.8,7.2,0.0,20.09,57,-11.147585780550793,5.198204619410605
2022-07-02,19.1,67,1023.3,0.2,0.0,20.09,65,-8.698697882665156,9.660882731206126
2022-07-03,20.2,65,1020.1,0.0,0.0,23.03,38,5.091168824543143,-5.091168824543142
2022-07-04,22.8,58,1016.4,0.0,0.0,23.35,60,-10.117048758912691,3.4835792526915723
2022-07-05,20.7,66,1018.3,8.3,0.0,12.02,84,1.458644692402215,8.272385125302547
2022-07-06,19.2,57,1019.3,0.2,0.0,24.25,22,-10.092681082344551,9.411577368862481
2022-07-07,17.8,58,1018.2,0.0,0.0,18.89,96,-9.7,-1.7818610927593987e-15
2022-07-08,17.8,71,1022.4,5.1,0.0,21.52,62,-14.253245570628456,9.9802299925082
2022-07-09,17.7,66,1021.5,1.5,0.0,19.31,86,-14.799436413810136,6.589133617827956
2022-07-10,15.6,65,1017.9,2.7,0.0,16.89,67,-15.94330420774081,9.962482167584248
2022-07-11,15.9,64,1018.9,9.9,0.0,18.62,42,-12.771792780461475,7.674067316159807
2022-07-12,18.6,57,1020.4,0.0,0.0,22.4,49,-13.405777754582116,11.248783169514438
2022-07-13,22.1,50,1018.2,0.0,0.0,22.26,49,-14.965658291227227,3.181048869511719
2022-07-14,22.8,54,1015.1,1.3,0.0,20.28,87,-12.814483729904675,3.917780843284672
2022-07-15,18.3,47,1017.8,0.0,0.0,23.01,47,-15.62162732568848,6.955196596596177
2022-07-16,17.2,51,1018.9,2.6,0.0,16.61,57,-16.249327924701433,2.8651949315043446
2022-07-17,17.2,54,1025.2,0.0,0.0,22.95,34,-11.600739674069118,5.409513750280955
2022-07-18,20.5,51,1024.5,0.0,0.0,24.15,66,-4.696555180494375,-3.049978596084151
2022-07-19,24.9,43,1020.5,0.0,0.0,26.39,24,-6.0916401620029,-0.31924933308196024
2022-07-20,27.8,41,1019.2,0.0,0.0,26.52,29,7.714505706319011,-4.635342674190488
2022-07-21,29.1,41,1017.0,0.0,0.0,25.31,57,7.929436927227951,-9.792039114357832
2022-07-22,26.4,50,1017.1,0.0,0.0,22.13,36,-9.678833994094857,3.522807476254391
2022-07-23,22.9,66,1015.9,9.5,0.0,15.98,71,-4.459979846465963,8.388002132159807
2022-07-24,21.4,55,1019.3,0.0,0.0,26.81,20,-7.141778489984131,7.141778489984128
2022-07-25,24.6,45,1014.0,0.0,0.0,26.22,47,5.882103832988574,-9.413333867336327
2022-07-26,23.4,50,1010.9,0.0,0.0,14.44,81,-13.454198515244357,6.855256546067154
2022-07-27,19.4,60,1016.1,0.2,0.0,16.92,40,-8.601096465034415,6.022552581685984
2022-07-28,19.3,47,1019.1,0.0,0.0,24.07,37,5.469870424525503,0.5749065479720941
2022-07-29,21.6,50,1017.8,0.1,0.0,18.57,89,12.5648279481301,-2.4423551408197737
2022-07-30,17.7,88,1014.1,30.3,0.0,4.7,98,4.944807033090038,12.238826880281593
2022-07-31,19.1,73,1014.0,7.1,0.0,20.65,62,-8.484168354310896,15.305844874939428
2022-08-01,19.5,78,1014.0,5.1,0.0,17.04,66,-9.87588409757226,-0.6905890900668432
2022-08-02,20.5,73,1018.2,0.4,0.0,22.9,49,-7.107856039420908,5.3561537060532265
2022-08-03,23.0,64,1017.7,0.0,0.0,23.84,46,5.796986060531237,-6.216506463762949
2022-08-04,24.6,57,1016.4,0.0,0.0,23.92,39,9.256418100465607,-6.481413730766822
2022-08-05,26.6,54,1013.2,0.0,0.0,24.29,28,8.870702026338947,-5.983364067136989
2022-08-06,19.8,67,1021.4,9.4,0.0,16.52,94,-8.319732448461318,13.314355109655885
2022-08-07,18.3,50,1024.6,0.0,0.0,23.65,28,7.622566760249997,6.626196192804123
2022-08-08,18.8,53,1024.0,0.0,0.0,21.17,65,7.423571704208676,2.701959132272784
2022-08-09,20.1,58,1025.8,0.1,0.0,19.35,37,4.027650502718959,4.973734153324614
2022-08-10,20.1,60,1026.2,0.0,0.0,19.89,33,6.468947631383072,4.874701687531592
2022-08-11,20.4,54,1023.8,0.0,0.0,20.2,37,8.60769888645749,1.8296228791962834
2022-08-12,20.6,64,1021.2,0.1,0.0,22.12,18,8.80332840660425,1.871205217359835
2022-08-13,21.1,77,1017.0,4.0,0.0,12.6,98,8.344654691101088,3.3714593407432076
2022-08-14,20.6,87,1011.4,13.3,0.0,10.62,85,5.594876350607726,4.371196474812174
2022-08-15,22.1,81,1006.6,10.8,0.0,18.36,67,6.8220337156872874,-3.7815150379214284
2022-08-16,23.8,71,1008.7,0.6,0.0,19.57,56,-6.428754755265841,-3.8627855618254077
2022-08-17,24.6,65,1011.1,0.2,0.0,20.4,36,-4.285636564983039,2.3755671392070528
2022-08-18,26.1,61,1010.9,0.0,0.0,19.93,84,10.1760266488195,-3.906210650043773
2022-08-19,25.9,65,1009.4,0.6,0.0,16.28,98,0.3629547657060119,-10.393664600998596
2022-08-20,22.1,85,1011.5,17.7,0.0,10.37,100,-7.522354632404194,3.507731572447807
2022-08-21,17.7,91,1013.2,24.5,0.0,3.52,100,-12.148685823075597,14.478239974948679
2022-08-22,16.7,88,1014.7,9.3,0.0,4.31,100,-3.88228567653781,14.488887394336025
2022-08-23,18.8,90,1015.3,20.1,0.0,7.59,89,-2.0607371500666827,10.601573581234772
2022-08-24,21.0,86,1019.2,6.2,0.0,13.31,74,-1.0494494745709957,5.3989495089621515
2022-08-25,21.6,88,1018.0,13.7,0.0,11.91,78,3.729903878257769,3.478191636318742
2022-08-26,23.1,75,1013.0,0.0,0.0,20.73,2,7.244443697168013,-1.9411428382689064
2022-08-27,21.1,79,1011.4,2.0,0.0,17.01,58,-1.874334019555593,-6.536579532380569
2022-08-28,19.4,90,1013.5,13.3,0.0,8.33,83,-12.29174148279112,4.232386007943032
2022-08-29,18.0,74,1018.8,0.0,0.0,19.05,28,-11.840127021902445,4.309453805903429
2022-08-30,17.5,78,1020.8,0.6,0.0,14.82,55,-4.249866066377674,6.300685551418318
2022-08-31,16.9,72,1021.6,0.4,0.0,14.89,90,6.293250352560274,6.293250352560274
2022-09-01,16.1,66,1021.8,0.1,0.0,16.64,57,6.2302718713933904,7.693745018424012
2022-09-02,14.9,68,1021.3,0.0,0.0,15.93,31,8.73648193268421,1.6982000588512498
2022-09-03,15.6,62,1019.4,0.0,0.0,16.11,57,12.605539238556263,-2.222696674136708
2022-09-04,16.9,70,1021.6,0.0,0.0,17.83,69,10.39841602962647,-0.18150502694774817
2022-09-05,17.6,63,1025.3,0.0,0.0,12.97,84,12.58273213790763,-0.6594330486610924
2022-09-06,17.1,52,1022.2,0.0,0.0,15.94,71,12.761153384819632,-2.4805169398950824
2022-09-07,17.8,60,1016.9,0.3,0.0,18.18,54,11.872632010180116,-5.536299228803161
2022-09-08,19.0,80,1011.2,11.3,0.0,11.48,95,9.948450870660501,-6.710314841648961
2022-09-09,17.8,80,1013.3,2.5,0.0,14.57,64,-4.306676984899813,-5.132497768897153
2022-09-10,16.2,86,1012.9,16.6,0.0,13.9,88,-6.268927909298381,-3.3332480957798243
2022-09-11,15.0,84,1013.5,2.6,0.0,9.99,90,-11.468128620045885,8.030070108914645
2022-09-12,14.5,79,1016.6,0.1,0.0,13.88,48,-7.666900896454013,5.77742422225966
2022-09-13,15.6,79,1011.1,0.4,0.0,12.5,79,-6.274384912574985,-6.7284540548963685
2022-09-14,16.8,86,1005.7,3.1,0.0,7.48,99,-5.699131862391431,0.09947871669251385
2022-09-15,15.7,78,1003.2,8.1,0.0,9.62,80,-11.631266520853657,3.3352120053856926
2022-09-16,13.9,68,1005.5,0.3,0.0,15.1,38,-17.476016858205043,-0.9158792342515254
2022-09-17,12.2,71,1005.2,1.5,0.0,9.68,65,-18.17505753253324,-0.9525144036215863
2022-09-18,10.1,77,1006.5,8.3,0.0,7.41,80,-17.824825237348268,2.5051158172811783
2022-09-19,9.5,85,1010.4,2.3,0.0,7.68,78,-14.278631360328527,5.768941538605044
2022-09-20,10.1,86,1017.5,0.8,0.0,8.76,69,-13.866509141660742,6.466059404632705
2022-09-21,10.1,86,1023.6,1.2,0.0,11.01,45,-10.485146166899096,7.34177838529339
2022-09-22,10.2,78,1023.8,0.4,0.0,15.03,22,-4.411576183621718,6.7932316003579345
2022-09-23,10.0,75,1020.5,0.0,0.0,12.86,58,-3.9555904883624904,-4.2418514693911895
2022-09-24,11.3,72,1015.1,0.0,0.0,10.52,73,3.901786424508992,-4.81830496103322
2022-09-25,11.4,80,1012.1,0.0,0.0,14.24,46,3.728168136181929,-4.443057770090071
2022-09-26,11.3,87,1006.3,0.9,0.0,10.91,31,-7.456089312964766,-3.164922140763118
2022-09-27,11.0,85,999.1,1.6,0.0,6.51,76,1.4014974491591967,-11.414280743875203
2022-09-28,9.0,84,998.8,5.9,0.0,7.91,45,-6.478984420593735,-6.947860165382121
2022-09-29,8.4,81,1004.3,0.1,0.0,10.99,78,-4.7280645216403325,-3.693968851953948
2022-09-30,8.5,89,1012.0,0.2,0.0,5.41,95,4.856211760724098,-2.5820935953224002
2022-10-01,10.6,82,1011.1,1.7,0.0,8.76,66,-4.948496447161059,-9.71197111365321
2022-10-02,12.1,84,1013.2,7.1,0.0,10.39,42,-19.39317695968133,2.038305033719233
2022-10-03,11.4,81,1017.6,1.2,0.0,8.16,62,-22.2751631047092,11.349762493488665
2022-10-04,11.6,81,1021.1,0.8,0.0,9.14,60,-14.25630122637215,7.902396810015298
2022-10-05,12.8,76,1021.1,0.0,0.0,8.93,90,-1.8508472551524837,-9.52178367944234
2022-10-06,13.8,78,1026.1,0.0,0.0,8.25,39,-12.715918809539472,-2.7028519806308773
2022-10-07,11.2,88,1026.6,0.0,0.0,10.92,58,4.920897550542573,-7.295530638484367
2022-10-08,14.3,82,1018.6,0.7,0.0,6.44,94,-10.642816862068099,-4.085394624816428
2022-10-09,10.4,78,1026.3,0.0,0.0,11.81,7,-8.820964589464843,4.494505947421512
2022-10-10,10.9,77,1021.3,0.0,0.0,10.52,36,8.170215006865378,-11.245336221811769
2022-10-11,11.1,77,1023.7,0.0,0.0,11.43,36,-9.857423958074293,5.9229378614656225
2022-10-12,9.0,78,1026.8,0.0,0.0,10.39,34,4.457269963650984,-2.6781979895322823
2022-10-13,9.4,83,1022.1,0.0,0.0,11.27,25,6.435912574248701,-6.001585568549986
2022-10-14,11.1,87,1016.8,0.4,0.0,10.1,45,0.5092222583321163,-7.282217566896716
2022-10-15,13.4,86,1012.5,0.6,0.0,5.91,77,2.5988961352219913,-12.226845009172571
2022-10-16,15.9,85,1018.5,0.0,0.0,8.02,95,-2.75637355816999,-9.612616959383189
2022-10-17,16.2,77,1025.5,0.0,0.0,10.18,44,2.676917546691996,-11.595003770944299
2022-10-18,14.6,83,1024.7,3.1,0.0,7.03,87,-9.580576903772835,-1.517414310890241
2022-10-19,11.4,82,1025.7,0.3,0.0,6.12,70,-12.863370210561667,9.34578551145032
2022-10-20,6.8,79,1025.9,0.0,0.0,10.31,19,10.825317547305485,-6.249999999999997
2022-10-21,10.0,78,1016.2,4.1,0.0,7.12,100,2.483168940637103,-14.082750868074575
2022-10-22,11.6,89,1014.3,5.6,0.0,3.43,76,-10.176304724358141,-3.306481839811939
2022-10-23,12.7,88,1017.9,0.0,0.0,8.43,79,-2.9386171862714634,-7.655359497277054
2022-10-24,15.4,79,1013.7,0.8,0.0,6.6,100,-5.04126818807439,-10.336131532440419
2022-10-25,13.6,82,1016.3,0.0,0.0,8.08,48,-12.049797755260679,-1.9085004734908184
2022-10-26,10.6,88,1020.8,0.0,0.0,8.61,10,-1.7640790772287938,-6.1520748540052415
2022-10-27,12.1,89,1026.3,0.0,0.0,8.18,39,-6.19075110194191,-3.8684106289023963
2022-10-28,14.0,83,1024.1,0.0,0.0,7.29,69,-0.1448549734294542,-8.298735869798048
2022-10-29,15.3,79,1021.9,0.0,0.0,6.74,100,-9.08826654672135,-4.630703097343378
2022-10-30,13.9,88,1020.0,0.0,0.0,6.38,72,-3.0515651581082905,-5.739159353583025
2022-10-31,12.8,86,1020.5,0.0,0.0,7.84,29,-7.407662554463533,1.17325848780173
2022-11-01,12.1,88,1017.8,0.4,0.0,6.7,91,-6.391234255562084,-4.643503493110539
2022-11-02,11.8,81,1021.4,0.0,0.0,7.56,50,-11.337549607198318,-1.1916244812512484
2022-11-03,8.8,80,1019.5,0.0,0.0,7.55,77,7.6758906391889345,-8.830102088606433
2022-11-04,11.3,84,1006.2,10.2,0.0,2.39,100,3.7013034519897836,-8.313263664547666
2022-11-05,8.8,88,1013.8,3.8,0.0,2.06,85,-13.73152940208851,7.611511037867495
2022-11-06,5.7,90,1019.9,0.0,0.0,7.08,30,4.120688779817327,-8.44866403521217
2022-11-07,8.0,82,1016.1,0.0,0.0,6.57,76,-4.8122992972391945,-9.4446691563967
2022-11-08,10.0,83,1016.7,0.0,0.0,6.71,52,-1.3778136995046486,-9.803653880541546
2022-11-09,9.4,83,1015.1,0.0,0.0,5.32,96,0.32456531933326066,-9.29433469127759
2022-11-10,10.4,84,1022.8,2.0,0.0,5.61,69,-13.249389484620217,-1.1591713785438549
2022-11-11,9.2,79,1031.2,0.0,0.0,4.62,95,-9.562665680261777,-2.5623085465149544
2022-11-12,7.9,83,1033.2,0.0,0.0,6.39,67,-6.069629876359427,4.573794175955564
2022-11-13,6.8,92,1030.6,0.0,0.0,4.92,60,8.92889707848867,-3.7900919463459557
2022-11-14,6.1,93,1023.2,0.0,0.0,5.95,34,9.476977417783292,-6.154421095669806
2022-11-15,6.5,91,1014.9,0.0,0.0,5.79,17,1.2514757203218478,-7.901506724761101
2022-11-16,5.3,95,1007.4,5.3,0.0,0.84,96,10.054711042409219,3.659615533584656
2022-11-17,3.4,83,1005.9,2.3,0.28,2.09,100,18.230362975078943,-1.5949500922821458
2022-11-18,0.0,71,1006.6,0.1,0.07,1.64,98,12.972345498524932,5.775660331676363
2022-11-19,-3.1,77,1013.8,0.0,0.0,5.43,37,-4.7892309116307015,-5.509379935626236
2022-11-20,-3.3,78,1012.1,0.0,0.0,5.68,10,-1.330634821233661,-6.260144644696356
2022-11-21,-0.4,88,1006.3,0.3,0.0,1.67,84,-1.7538465944359978,-9.9465583054233
2022-11-22,1.3,92,1005.0,0.0,0.0,2.79,100,9.498138676951971,-5.935095759411893
2022-11-23,1.7,94,1006.9,0.2,0.0,2.46,99,5.767663311155832,-1.9859657421886554
2022-11-24,1.2,95,1012.1,0.7,0.0,3.26,99,4.0943810924937525,-0.21457742059606974
2022-11-25,3.7,95,1018.5,0.0,0.0,3.01,89,-1.3905764746872629,-4.279754323328191
2022-11-26,4.5,95,1026.4,3.8,0.0,0.75,100,-6.760236386555248,3.0098511587609185
2022-11-27,4.5,96,1029.2,0.7,0.0,1.88,80,4.0150350544573215,-5.734064310022943
2022-11-28,2.6,88,1021.6,0.0,0.0,3.02,71,10.414992207074256,-9.053614600068999
2022-11-29,3.5,79,1021.4,0.0,0.0,2.29,95,6.729974655761702,-10.770210821186609
2022-11-30,-0.5,90,1027.3,0.0,0.0,2.35,100,10.954007756084039,-4.649700429022358
2022-12-01,0.7,84,1028.5,0.0,0.0,1.89,98,9.377102072442348,-0.6557108531947782
2022-12-02,0.1,79,1026.8,0.0,0.0,1.57,98,11.88369146357943,0.6227978792910333
2022-12-03,0.2,83,1025.0,0.9,0.63,1.0,100,10.86731213429116,-2.709525230716279
2022-12-04,3.1,89,1021.2,0.0,0.0,3.69,94,10.771960632878907,-5.727553065987869
2022-12-05,4.0,90,1019.6,0.9,0.0,1.4,100,7.0534230275096785,-9.708203932499368
2022-12-06,3.1,95,1015.5,5.9,0.0,0.7,100,-7.942356035034263,2.734772497440113
2022-12-07,2.1,89,1011.3,2.8,0.07,2.16,97,-16.78976589392081,-0.5863115446020128
2022-12-08,1.2,86,1010.0,0.0,0.0,3.2,70,-4.630703097343376,-9.088266546721352
2022-12-09,0.1,89,1008.3,0.6,0.21,3.88,73,7.8934180146016315,-2.872969203935617
2022-12-10,0.3,89,1008.1,0.4,0.21,0.96,100,4.812299297239195,9.4446691563967
2022-12-11,-1.4,84,1007.6,2.0,1.4,1.05,100,-10.75936807544432,12.377237115653458
2022-12-12,-1.2,85,1007.6,5.3,3.71,1.68,100,-16.92912395957899,8.625819495051386
2022-12-13,-2.9,75,1013.5,0.4,0.28,1.58,91,-13.823854345619,1.4529456394203766
2022-12-14,-5.9,78,1009.2,1.1,0.77,3.34,83,9.338333304894505,-6.538771374401926
2022-12-15,-4.3,83,1009.4,0.3,0.21,4.19,61,-5.509379935626235,-4.789230911630703
2022-12-16,-3.7,85,1012.9,4.2,2.94,0.88,100,5.815606196095768,8.621990754572435
2022-12-17,-4.1,86,1024.9,0.1,0.14,1.86,100,-7.938314250785139,9.13198592069554
2022-12-18,-5.4,86,1036.9,0.0,0.0,2.44,95,3.8682381720438106,-9.11299804917916
2022-12-19,-3.1,82,1030.8,0.2,0.0,3.5,98,6.635106709328982,-14.229032256475403
2022-12-20,1.5,83,1022.0,0.5,0.0,2.1,99,-2.0416562505290283,-10.503410862890004
2022-12-21,2.0,88,1015.0,1.7,0.0,1.33,95,-3.0097772612658846,-8.269295062915996
2022-12-22,5.4,90,1008.8,1.9,0.0,1.57,98,-6.500000000000002,-11.258330249197702
2022-12-23,7.0,92,1006.2,4.7,0.0,1.35,99,-9.789105631936863,-7.112201552738926
2022-12-24,7.7,88,1009.2,4.3,0.0,0.75,81,-16.19013139770935,0.5653718465805208
2022-12-25,4.8,93,1019.9,0.8,0.0,3.15,82,-0.6487352058203651,-9.277345667416366
2022-12-26,8.7,84,1013.9,2.6,0.0,2.84,92,-9.63548073156756,-10.701285486874477
2022-12-27,4.4,80,1022.0,2.0,0.0,3.74,45,-19.452498980066576,1.3602512380104417
2022-12-28,3.9,77,1020.3,0.0,0.0,2.28,77,-8.030070108914646,-11.468128620045885
2022-12-29,8.1,60,1011.7,0.0,0.0,3.11,93,-10.863344916780699,-17.384985971206735
2022-12-30,6.6,79,1015.6,0.0,0.0,4.05,70,-4.622946549134376,-12.043187501813902
2022-12-31,11.8,73,1014.6,0.8,0.0,2.74,100,-14.988525582438424,-16.64644409069363
2023-01-01,13.7,62,1018.9,0.0,0.0,3.74,93,-14.26401106621039,-12.399515647920587
2023-01-02,10.6,73,1019.5,0.0,0.0,3.3,94,-4.495279120990944,-11.126206254801449
2023-01-03,7.2,83,1026.9,0.1,0.0,2.61,64,-13.666627488559593,0.9556636902945155
2023-01-04,4.4,84,1022.3,1.5,0.0,1.89,75,-11.116573269018724,-11.92106533639248
2023-01-05,8.5,79,1011.8,4.9,0.0,2.37,80,-27.97637472825842,5.4380563682315355
2023-01-06,5.3,83,1020.7,0.8,0.0,1.66,99,-12.400275877604315,-3.5557218900392855
2023-01-07,6.5,91,1019.5,0.1,0.0,2.28,75,-2.6575461516245467,-8.179086040138321
2023-01-08,5.3,89,1011.2,0.0,0.0,3.95,88,3.770007331374359,-11.602889498800872
2023-01-09,4.0,92,1002.9,1.7,0.0,1.35,94,-3.059268244311978,-9.415459511322021
2023-01-10,3.9,90,1015.2,0.4,0.0,1.8,92,-11.594443197259254,5.654987793579099
2023-01-11,3.5,81,1017.1,3.0,0.0,2.49,70,1.5063155629512446e-15,-12.3
2023-01-12,7.1,81,1014.8,0.7,0.0,3.88,79,-11.879393923933998,-11.879393923934002
2023-01-13,8.5,81,1010.5,3.8,0.0,3.42,96,-11.12022564757713,-13.25256886595832
2023-01-14,5.8,76,1015.3,0.0,0.0,4.56,48,-7.659991999892124,-13.818991372802454
2023-01-15,7.5,74,1004.1,3.3,0.0,0.78,97,-9.381142541286257,-19.23419259080217
2023-01-16,3.2,80,999.5,0.0,0.0,4.95,41,2.6047226650039543,-14.772116295183121
2023-01-17,2.6,76,989.4,0.0,0.0,5.07,47,-1.4529456394203837,-13.823854345618999
2023-01-18,1.2,92,993.4,3.1,0.77,1.23,99,5.5631031274007245,2.2476395604954718
2023-01-19,0.5,87,1006.4,0.1,0.0,4.13,96,-7.2103384794107415,1.6646378021446004
2023-01-20,-1.0,87,1015.2,0.0,0.0,4.25,93,-1.1287131548350475,6.401250394579352
2023-01-21,-0.4,90,1019.7,8.3,5.81,1.04,100,-0.8687768736328766,16.577250276925927
2023-01-22,0.8,92,1027.7,4.3,2.17,1.23,100,9.622870461234372,4.903097397187106
2023-01-23,1.6,92,1036.0,0.0,0.0,1.45,100,7.54709580222772,6.560590289905073
2023-01-24,2.3,89,1038.8,0.0,0.0,1.2,100,8.914539927301968,5.356395979064564
2023-01-25,1.9,92,1033.6,0.2,0.14,1.14,100,2.792425446824257,-2.427418407264877
2023-01-26,1.0,86,1022.3,0.0,0.0,1.57,97,1.7453146328868139,-3.1486309457018247
2023-01-27,0.8,87,1021.8,1.1,0.77,1.1,100,3.306481839811937,10.176304724358141
2023-01-28,-0.4,82,1026.2,0.4,0.28,1.87,97,-1.4014974491591932,11.414280743875205
2023-01-29,-0.8,76,1025.4,0.1,0.07,1.02,94,-12.802500789158705,-2.257426309670094
2023-01-30,1.6,76,1009.8,3.8,0.84,1.39,99,-22.59520957695091,-4.802760057890251
2023-01-31,2.9,82,1013.7,3.3,0.35,3.51,87,-25.43105869089464,5.871222518374875
2023-02-01,3.5,83,1010.2,6.8,1.54,2.98,93,-27.333254977119186,1.911327380589031
2023-02-02,3.1,78,1013.3,1.7,0.0,4.82,72,-24.92346414350787,11.62200219786924
2023-02-03,2.3,88,1015.3,17.5,2.59,0.91,96,-19.772864788140563,1.0362519336102902
2023-02-04,0.3,77,1027.3,2.2,0.42,6.21,57,-10.734503848213759,23.02021779073091
2023-02-05,-2.7,79,1038.9,0.1,0.07,5.59,81,-0.5999056741994805,8.579050832234488
2023-02-06,-2.7,71,1040.7,0.0,0.0,5.79,86,4.632085958274297,-3.4905271342818804
2023-02-07,-3.6,78,1043.0,0.0,0.0,4.35,60,-2.6331448984893724,5.167837840292533
2023-02-08,-1.7,72,1044.1,0.0,0.0,4.6,71,6.101348969611718,-7.01879909607178
2023-02-09,-1.0,61,1036.9,0.0,0.0,8.31,24,1.5843014642669182,-12.903099971337186
2023-02-10,0.6,67,1034.9,0.0,0.0,5.76,88,-14.528082315025427,-2.8239731315728602
2023-02-11,3.6,77,1029.2,0.1,0.0,2.28,100,-21.1,-3.876007119301373e-15
2023-02-12,5.9,89,1035.8,0.2,0.0,3.99,98,-10.652112466548596,6.150000000000002
2023-02-13,5.8,87,1037.1,0.9,0.0,2.26,97,-13.166010734848381,5.319413626505949
2023-02-14,3.9,86,1036.9,0.0,0.0,3.84,87,-7.491072752669329,3.3352404732215577
2023-02-15,1.9,85,1030.8,0.0,0.0,9.27,18,3.9905082836800707,-7.505054539300879
2023-02-16,1.7,79,1024.4,0.0,0.0,8.35,75,-8.133963276396383,-4.508729468290933
2023-02-17,6.3,84,1017.1,3.6,0.0,1.91,100,-15.769755494437712,-7.353557754288165
2023-02-18,7.9,76,1013.3,8.2,0.0,2.01,98,-25.28482151923553,4.0047223050299054
2023-02-19,4.9,82,1016.3,9.6,0.0,3.07,98,-11.968047806437351,9.691534022167497
2023-02-20,6.5,70,1017.0,0.0,0.0,4.77,98,-22.644703940898008,-1.5834719539916506
2023-02-21,9.1,78,1012.7,2.1,0.0,6.37,95,-25.055184606231528,7.660138663735702
2023-02-22,5.0,80,1018.0,0.0,0.0,7.62,63,2.930483463669553,6.903786400893303
2023-02-23,5.3,80,1014.9,0.0,0.0,8.15,100,9.481180729775046,-7.677708770808015
2023-02-24,6.2,87,1004.6,2.2,0.0,2.78,100,-9.726952286084956,1.1943195653704475
2023-02-25,2.5,86,997.8,3.1,0.28,3.9,93,-22.12274255909272,5.515819219672418
2023-02-26,0.1,76,1015.0,0.7,0.49,6.41,73,-4.1669866261505835,15.551405803254001
2023-02-27,0.1,70,1027.3,0.7,0.42,8.34,75,2.8666285004967915,9.997121637758516
2023-02-28,-0.3,73,1031.5,0.0,0.0,10.53,57,4.060035548530584,3.4067743313386587
2023-03-01,-1.0,71,1029.4,0.0,0.0,12.2,6,4.293663650920224,1.9116622224562612
2023-03-02,0.1,74,1024.5,0.0,0.0,12.16,7,5.356247938479678,1.9495148169563123
2023-03-03,-0.6,87,1021.8,0.0,0.0,6.54,77,-8.571673007021124,5.150380749100542
2023-03-04,1.9,85,1016.1,0.9,0.0,2.34,98,-21.03017341577682,4.470101352581827
2023-03-05,1.3,81,1011.4,2.8,1.82,6.65,98,-13.909331898562586,3.7269942494762924
2023-03-06,1.8,77,1005.3,2.1,1.26,7.41,100,-10.242649566566403,-3.7280195622497874
2023-03-07,2.6,77,999.7,0.0,0.0,8.11,96,-10.284601754984628,-12.256711089903648
2023-03-08,2.4,86,999.1,3.9,0.7,5.28,100,-7.409199943488108,-7.154981215727672
2023-03-09,2.9,94,996.5,6.8,0.42,2.85,100,6.533812187156059,3.4740895646155927
2023-03-10,8.9,78,993.1,4.1,0.0,6.66,92,-7.22986206690272,-13.597392930027475
2023-03-11,3.2,73,998.2,2.8,1.54,5.46,80,-23.83589479906389,11.1148602837804
2023-03-12,2.5,60,1012.4,0.0,0.0,9.99,69,-17.006324410797475,-1.7874367218768725
2023-03-13,9.0,77,1005.8,1.5,0.0,3.94,99,-10.23921385828251,-15.767006677373972
2023-03-14,10.7,66,996.5,3.5,0.0,6.74,92,-12.964000055626656,-16.009206806013598
2023-03-15,3.2,71,1013.0,0.4,0.0,11.44,66,-14.523406344270398,7.400045145754611
2023-03-16,2.2,71,1023.2,0.0,0.0,14.68,14,-9.74959675482086,1.7191169589026067
2023-03-17,4.5,59,1020.5,0.0,0.0,13.58,84,9.933614697563659,-10.286559144842714
2023-03-18,7.5,53,1016.2,0.0,0.0,12.62,89,3.675230440455798,-13.716146733304768
2023-03-19,8.4,67,1016.2,0.0,0.0,11.17,92,1.822103540185308,-7.892397524760404
2023-03-20,9.9,86,1016.8,3.7,0.0,11.1,89,-10.232460888804479,3.1283772405332826
2023-03-21,8.9,84,1016.9,1.6,0.0,5.71,97,-8.017184358199268,2.1481980743509186
2023-03-22,11.8,74,1012.3,0.1,0.0,11.67,94,-3.261148340862234,-8.495581881124535
2023-03-23,12.6,68,1009.1,0.0,0.0,7.16,100,-9.811224542896037,-8.528767376876594
2023-03-24,13.7,75,1006.1,2.2,0.0,8.22,100,-10.182337649086284,-10.182337649086287
2023-03-25,10.2,71,1005.5,1.1,0.0,13.74,74,-15.607872216817858,-3.0338630264870594
2023-03-26,8.6,72,1004.3,2.6,0.0,11.48,83,-15.815820338298742,-3.9433268982745853
2023-03-27,3.6,69,1008.2,3.6,0.21,9.67,68,-10.783237003399675,15.400058432633042
2023-03-28,1.3,61,1019.4,0.9,0.7,12.52,46,-18.597053785118636,14.529610817685542
2023-03-29,3.4,64,1020.8,0.0,0.0,16.57,69,-4.208363009175144,-8.628422844472002
2023-03-30,10.3,76,1010.8,2.2,0.0,11.72,99,-8.522886158240858,-11.730746418436738
2023-03-31,10.2,83,1003.1,7.1,0.0,11.53,60,-9.498951094675327,-7.970566360113089
2023-04-01,8.9,89,1000.5,7.4,0.0,4.66,94,-12.496402047198144,3.583285625620992
2023-04-02,4.6,79,1015.7,5.1,0.21,5.89,100,1.9128708777980585,18.1997506852394
2023-04-03,2.4,58,1027.4,0.0,0.0,16.24,56,3.9087397873738756,18.38917489379555
2023-04-04,1.1,58,1026.9,0.0,0.0,10.68,86,0.0,12.8
2023-04-05,1.9,67,1022.7,0.3,0.07,13.19,50,-7.245211970138613,6.298166678308868
2023-04-06,2.2,68,1021.9,0.0,0.0,15.28,61,4.120304599280433,6.857338405616899
2023-04-07,3.4,88,1018.5,7.0,0.14,4.86,100,-6.524416300446454,8.980088637561915
2023-04-08,6.2,80,1022.6,0.2,0.0,10.35,98,11.346222907191802,3.9068178534858813
2023-04-09,6.4,87,1025.7,3.4,0.0,6.77,79,-3.857666091743885,7.909387607432668
2023-04-10,7.9,84,1024.8,0.0,0.0,14.94,68,0.39220084236446184,-4.482876141412855
2023-04-11,7.8,84,1013.0,2.8,0.0,9.13,98,-9.404520189781081,-9.404520189781085
2023-04-12,7.6,70,1009.6,0.0,0.0,19.43,27,-1.4136843834997088,-11.513535359039336
2023-04-13,7.8,82,1005.8,11.4,0.0,4.19,99,-11.522250710242835,2.0316836787030805
2023-04-14,9.0,90,1005.3,5.6,0.0,5.48,100,-0.4710236061864993,8.987665812791164
2023-04-15,10.0,75,1006.8,2.0,0.0,13.94,93,10.045894683899489,-5.799999999999997
2023-04-16,8.9,85,1016.8,1.8,0.0,16.52,62,-1.295495572339895,4.517929970910099
2023-04-17,10.0,80,1021.5,3.1,0.0,16.84,66,5.866196404980678,10.582898456386689
2023-04-18,10.7,83,1023.8,3.2,0.0,9.15,99,10.34311278547106,13.238580660592929
2023-04-19,6.6,81,1020.6,5.5,1.33,11.65,80,-0.46067335647301083,13.191958916652064
2023-04-20,9.3,80,1020.2,3.1,0.0,13.71,74,7.696653422826683,4.2663246581677665
2023-04-21,11.9,65,1018.4,0.0,0.0,19.9,19,9.902680687415703,1.3917310096006545
2023-04-22,12.0,66,1014.7,0.0,0.0,23.14,9,6.46168817957512,-5.048424097670398
2023-04-23,13.5,75,1009.8,1.2,0.0,13.75,63,2.9356614465620012,-9.035036904803958
2023-04-24,13.2,81,1005.3,10.9,0.0,12.74,93,-4.900000000000001,-8.487048957087499
2023-04-25,9.4,68,1008.3,0.3,0.0,13.97,74,-15.679124715734043,7.311295928114103
2023-04-26,6.2,63,1015.5,0.8,0.0,18.16,43,-17.00843643622494,6.190564594194609
2023-04-27,6.0,72,1020.6,0.8,0.0,18.83,52,-10.556727330876205,3.430088637561914
2023-04-28,10.1,68,1018.3,0.1,0.0,15.67,95,4.8999999999999995,-8.4870489570875
2023-04-29,11.9,80,1013.2,9.1,0.0,15.52,87,-11.370280711509492,-4.138443734240589
2023-04-30,10.2,68,1020.9,0.0,0.0,24.8,14,-5.91467736700531,10.67036042710063
2023-05-01,10.4,69,1018.9,0.0,0.0,24.9,48,9.343123577653024,-5.6139150165195915
2023-05-02,13.4,71,1018.1,0.6,0.0,14.83,100,-11.740578287939558,2.927254936755976
2023-05-03,10.1,65,1026.9,0.1,0.0,19.5,58,-2.7175999735764673,10.142221176035218
2023-05-04,10.5,64,1025.0,0.0,0.0,24.65,36,6.1385314081469815,-1.4171916423663498
2023-05-05,13.9,59,1020.6,0.0,0.0,24.33,91,11.062109414665542,-1.752066008450585
2023-05-06,11.3,76,1017.7,9.5,0.0,8.63,99,12.277062816293963,2.8343832847326977
2023-05-07,9.3,72,1024.1,0.0,0.0,12.13,93,14.189358573867215,5.1645041642175995
2023-05-08,9.1,64,1028.8,0.0,0.0,26.13,2,14.323239952342957,-3.306780498854816
2023-05-09,11.1,58,1023.7,0.0,0.0,26.06,8,15.600444872778445,-9.373692963362988
2023-05-10,13.7,60,1016.2,0.0,0.0,20.44,44,12.232947314527273,-12.232947314527271
2023-05-11,14.8,60,1017.3,0.0,0.0,19.09,47,11.440774764751733,-3.9393746689315954
2023-05-12,15.3,52,1019.0,0.0,0.0,23.85,19,15.415089378208236,-1.62019118064863
2023-05-13,14.4,55,1021.8,0.2,0.0,22.43,60,11.687702498097726,-3.1317104457405023
2023-05-14,14.3,63,1018.3,0.3,0.0,20.4,72,7.119349550499538,-5.172510220173763
2023-05-15,13.2,85,1008.2,16.0,0.0,12.5,84,-10.620633706159065,2.4519664923481277
2023-05-16,13.2,80,1012.6,4.7,0.0,18.76,72,-10.197162142427013,6.878072712690189
2023-05-17,10.9,71,1019.9,3.0,0.0,10.86,100,-7.558492160852842,14.215456245028726
2023-05-18,10.6,62,1026.3,0.0,0.0,16.64,97,6.526011638451978,8.352913988231252
2023-05-19,11.6,76,1026.5,0.1,0.0,8.7,96,10.322479977069749,1.2674411714135339
2023-05-20,15.7,75,1024.3,0.0,0.0,21.31,76,13.2,8.082668874372531e-16
2023-05-21,19.3,68,1019.7,0.0,0.0,25.44,81,14.39122790907498,-0.5025527525160137
2023-05-22,18.0,57,1017.1,0.0,0.0,26.64,82,11.834810554882452,-1.2438887128850773
2023-05-23,16.1,78,1012.8,8.6,0.0,18.68,67,5.200494002277947,-7.710049424761888
2023-05-24,12.9,77,1018.6,0.1,0.0,10.13,87,-13.576803670803981,10.230855393584815
2023-05-25,13.7,74,1023.4,0.0,0.0,21.86,47,-8.041664453783904,5.424171163666245
2023-05-26,15.0,65,1024.3,1.1,0.0,25.64,36,-5.915341691102224,11.12513967002248
2023-05-27,13.7,61,1025.9,0.0,0.0,28.28,2,3.332821930771293,8.682297966423977
2023-05-28,15.0,51,1020.9,0.0,0.0,28.79,0,7.481730376948682,-0.5231735530809399
2023-05-29,16.1,56,1019.3,0.0,0.0,25.52,38,1.8296228791962823,8.607698886457491
2023-05-30,16.3,50,1021.9,0.0,0.0,28.49,22,-0.4153040107597598,11.89275084152724
2023-05-31,17.2,54,1022.7,0.0,0.0,28.11,21,-0.709782814896336,5.050367150582008
2023-06-01,18.8,54,1015.9,0.0,0.0,27.91,38,-12.270339793095799,2.3851124422068137
2023-06-02,15.1,57,1017.3,0.3,0.0,18.83,38,-0.467653255813511,13.391837082055883
2023-06-03,13.3,43,1023.0,0.0,0.0,29.28,36,9.508898117504765,2.3708345768767436
2023-06-04,16.0,46,1021.5,0.0,0.0,29.1,15,6.441704942830692,2.4727388518625726
2023-06-05,18.4,44,1020.6,0.1,0.0,24.09,66,8.790426231296726,1.3922667388580552
2023-06-06,20.0,61,1018.0,1.6,0.0,16.88,95,6.96279237645643,4.875399708983892
2023-06-07,20.9,57,1016.8,0.0,0.0,19.72,96,4.62943179762773,7.128699827536105
2023-06-08,21.5,58,1015.6,0.2,0.0,25.29,83,9.586843533643908,0.5024251799322621
2023-06-09,19.7,73,1014.4,1.7,0.0,18.86,92,6.822033715687287,3.7815150379214293
2023-06-10,20.8,57,1015.7,0.0,0.0,25.29,40,10.97174144898704,6.592487358848693
2023-06-11,19.6,56,1019.4,0.1,0.0,27.1,6,13.361537573542632,3.8313592458562886
2023-06-12,18.9,49,1019.7,0.0,0.0,26.28,23,12.873484893640414,1.809250312480851
2023-06-13,15.3,59,1016.3,1.1,0.0,23.46,39,9.975652240010891,-1.5799880969063311
2023-06-14,14.8,74,1017.3,4.5,0.0,17.62,71,7.038799198098337,4.398329893135601
2023-06-15,16.0,79,1016.9,1.7,0.0,23.11,46,-6.254988857531252,2.4010652619535127
2023-06-16,17.0,69,1014.5,0.7,0.0,25.29,26,-8.38848809193842,0.43962203244072917
2023-06-17,17.4,72,1013.2,0.8,0.0,23.95,37,-11.07296095788405,0.7742968585597899
2023-06-18,18.6,71,1014.6,1.3,0.0,24.12,25,-7.564148604794536,2.6045452356572505
2023-06-19,20.9,67,1015.2,0.4,0.0,23.36,50,2.2464202657543804,-6.524078171635287
2023-06-20,23.8,64,1014.7,0.0,0.0,22.53,78,4.0150350544573215,-5.734064310022943
2023-06-21,25.2,62,1014.9,0.1,0.0,21.96,84,-11.108147002324285,-2.976419018678987
2023-06-22,24.4,67,1018.2,0.0,0.0,25.2,72,6.235382907247958,3.600000000000001
2023-06-23,22.2,77,1013.6,19.2,0.0,16.77,97,-12.015771199228988,-3.445466947712486
2023-06-24,19.1,75,1021.2,7.5,0.0,15.53,83,-8.496128359494083,10.874548399772765
2023-06-25,19.7,66,1019.7,0.0,0.0,23.19,27,-5.1445747119308685,7.627145667506384
2023-06-26,21.6,68,1014.7,0.7,0.0,25.91,30,-6.021920110204418,-2.937086683486821
2023-06-27,17.6,71,1014.4,4.3,0.0,23.14,71,-17.944894183325665,8.367841582465852
2023-06-28,16.1,71,1014.8,1.5,0.0,10.89,70,-18.793852415718167,6.840402866513379
2023-06-29,19.5,66,1015.4,0.0,0.0,22.1,27,-8.530091462014443,3.44638065942639
2023-06-30,20.5,73,1010.3,3.2,0.0,18.28,81,-1.8711789102255154,-6.1203504381634275
2023-07-01,19.7,75,1007.3,1.8,0.0,20.11,60,-8.049342904270842,1.5646337620876698
2023-07-02,19.8,66,1006.8,1.3,0.0,22.26,51,-16.4598068292871,1.150981816778066
2023-07-03,20.1,57,1010.8,0.0,0.0,22.42,42,-13.107177849832995,-2.7860166569579814
2023-07-04,20.1,57,1013.5,0.0,0.0,25.61,22,-9.914434552821406,-1.9271708533031005
2023-07-05,20.5,71,1013.3,11.4,0.0,22.68,53,4.270734752295905,-9.592227305247308
2023-07-06,19.7,55,1017.8,0.1,0.0,23.07,44,-8.939733772226365,2.5634274090980944
2023-07-07,21.0,53,1022.0,0.0,0.0,26.73,19,3.3861381142911204,4.334059144836971
2023-07-08,22.4,53,1021.0,0.0,0.0,28.32,7,3.3384913646691907,-5.342703005785483
2023-07-09,24.3,47,1020.3,0.0,0.0,28.34,1,1.2201888273138009,7.703969056642075
2023-07-10,23.5,57,1018.1,0.7,0.0,22.87,71,3.440332315634882,-8.962372094373137
2023-07-11,23.1,60,1017.1,0.0,0.0,27.23,37,-9.617096295401087,4.690571270643128
2023-07-12,24.1,59,1010.6,9.3,0.0,21.69,82,-5.113680967062461,-10.966324223143465
2023-07-13,20.9,73,1014.0,11.6,0.0,16.52,80,-5.910080652050413,4.617461064942439
2023-07-14,20.2,62,1017.8,0.1,0.0,22.78,33,-7.198903405126018,0.12565732634843854
2023-07-15,24.4,57,1013.1,0.0,0.0,27.42,7,5.9880876858352154,-9.582943486567613
2023-07-16,25.0,63,1013.7,0.2,0.0,20.47,34,-8.791185534255506,-4.099397138884782
2023-07-17,23.7,63,1016.5,0.9,0.0,22.71,58,-7.765136389962108,-3.457261466144301
2023-07-18,21.3,49,1018.7,0.0,0.0,25.29,29,-11.370056192812143,6.302525063202385
2023-07-19,21.9,49,1011.3,0.2,0.0,26.59,52,-7.746068523300587,2.368210808254167
2023-07-20,19.3,68,1011.3,2.4,0.0,21.42,56,-12.331545265738274,4.98226769243163
2023-07-21,19.0,69,1011.8,5.2,0.0,21.88,79,-3.9555904883624904,-4.2418514693911895
2023-07-22,18.6,65,1013.5,0.2,0.0,23.74,37,-14.7549942242494,2.0736792043049754
2023-07-23,21.5,56,1011.8,0.0,0.0,19.99,87,-7.880466884168425,-10.086537646166043
2023-07-24,22.7,59,1005.9,0.6,0.0,19.43,89,-6.2629605188723625,-9.285220812616467
2023-07-25,20.8,63,1003.0,0.4,0.0,20.48,89,-11.397924750211008,3.05406473220974
2023-07-26,16.1,75,1008.4,14.8,0.0,13.15,72,-10.336041287377713,8.36996120096284
2023-07-27,17.0,64,1011.5,1.6,0.0,19.79,68,-8.95274548489749,-3.986019102142841
2023-07-28,19.6,76,1006.6,7.1,0.0,16.86,82,-13.804571203750026,-4.753295055074487
2023-07-29,20.5,79,1008.9,3.8,0.0,20.77,55,-6.089088517865609,-6.762617911844288
2023-07-30,20.6,70,1010.2,0.0,0.0,19.22,73,-10.71949843772628,-1.3161889087755896
2023-07-31,19.4,68,1011.3,0.3,0.0,15.26,96,-11.604740410711477,-6.700000000000006
2023-08-01,19.0,76,1002.3,7.0,0.0,8.34,92,-5.860966927339104,-13.807572801786606
2023-08-02,19.3,70,1002.9,0.9,0.0,21.25,47,-4.923212218964847,-11.598361153500749
2023-08-03,21.3,65,1002.1,4.6,0.0,19.33,50,-12.020128301138284,-14.325031086324888
2023-08-04,20.2,65,1010.6,0.3,0.0,18.66,73,-7.946528335730343,-4.225244065073017
2023-08-05,18.1,85,1011.1,17.7,0.0,4.67,100,-1.3588700224794943,12.928784639787553
2023-08-06,15.0,93,1001.8,35.6,0.0,3.16,100,-17.9072115671889,12.078566714968137
2023-08-07,15.7,81,1005.6,3.9,0.0,14.16,90,-18.088973969045636,-0.6316808903152639
2023-08-08,16.0,66,1012.7,1.8,0.0,19.46,69,-17.579850038461043,-4.710506620865876
2023-08-09,14.9,78,1015.0,5.7,0.0,10.89,82,-7.92059177557036,-2.122316169840669
2023-08-10,15.9,72,1020.9,0.2,0.0,21.91,27,-4.334059144836972,-3.3861381142911195
2023-08-11,17.7,70,1022.2,0.0,0.0,20.29,25,-6.690817882855645,-0.35065090682772687
2023-08-12,21.1,70,1019.7,0.0,0.0,22.86,58,6.859592262443228,-8.470890979880982
2023-08-13,22.2,78,1018.1,6.8,0.0,16.67,70,-8.457233587073176,-3.078181289931017
2023-08-14,24.4,74,1017.9,4.4,0.0,20.08,82,2.842956348249517,-8.749719949915411
2023-08-15,25.2,61,1017.2,0.0,0.0,22.93,11,5.3116888469526975,-10.424776333003903
2023-08-16,24.4,71,1018.4,0.5,0.0,20.43,26,-7.180188374442375,1.790222027437539
2023-08-17,22.6,85,1019.1,5.7,0.0,18.83,70,4.177675425873858,2.9252398253903347
2023-08-18,22.7,82,1018.1,2.5,0.0,19.7,37,5.2870894663770684,0.3697093108438637
2023-08-19,24.2,78,1018.1,0.0,0.0,20.82,18,1.9863058301812877,-4.259646599072255
2023-08-20,25.6,69,1019.8,0.0,0.0,20.41,30,-3.7157241273869728,3.345653031794289
2023-08-21,23.5,77,1021.6,3.0,0.0,18.51,24,-0.3244829287062551,6.1915031154783575
2023-08-22,22.9,77,1019.2,2.1,0.0,19.36,25,6.824958041162064,1.957025226300694
2023-08-23,20.9,70,1019.0,0.0,0.0,21.78,25,1.4608779858300955,5.09468698847309
2023-08-24,21.3,68,1017.4,0.0,0.0,20.75,31,-4.754670355403464,-4.1331718826401955
2023-08-25,23.9,68,1010.8,0.3,0.0,18.26,77,0.5547611361752043,-10.585473068398482
2023-08-26,23.4,74,1010.8,0.1,0.0,15.99,83,-4.573794175955568,-6.069629876359425
2023-08-27,20.2,87,1009.8,11.1,0.0,9.58,100,-4.8260799916495625,4.049561941025197
2023-08-28,17.3,82,1010.4,2.8,0.0,6.45,100,-6.157082177128478,11.107670280670327
2023-08-29,15.3,89,1006.5,18.4,0.0,7.15,100,-5.1874629366358045,9.358430866391535
2023-08-30,15.4,86,1006.9,1.5,0.0,9.26,94,-10.422539550921472,4.860110010018046
2023-08-31,15.5,75,1010.3,1.5,0.0,15.47,51,-10.081199072728626,-3.2755801403744442
2023-09-01,16.6,70,1015.3,0.0,0.0,16.74,52,-7.212626881228863,-4.864978260195495
2023-09-02,17.9,82,1019.9,4.7,0.0,16.23,65,-5.109549882328188,2.9500000000000006
2023-09-03,17.8,77,1024.3,0.6,0.0,14.64,86,-7.768869843657432,7.502310400957171
2023-09-04,17.1,75,1028.2,0.0,0.0,9.92,68,-1.8221035401853092,7.892397524760404
2023-09-05,18.8,72,1026.2,0.0,0.0,19.07,53,5.279403615488378,-5.46698248257375
2023-09-06,18.2,73,1024.1,0.0,0.0,19.29,0,5.5631031274007245,-2.2476395604954726
2023-09-07,19.4,69,1025.1,0.0,0.0,19.05,0,9.702957262759965,-2.4192189559966777
2023-09-08,19.5,73,1022.7,0.0,0.0,18.95,4,7.456089312964766,-3.164922140763118
2023-09-09,20.3,74,1020.2,0.0,0.0,18.44,48,7.290453194172026,-5.104830283524311
2023-09-10,20.8,72,1018.1,0.0,0.0,18.38,0,3.8206210375244845,-3.9563689018625823
2023-09-11,21.5,67,1014.9,0.0,0.0,18.01,0,-1.6377900701872206,-5.040599536364314
2023-09-12,21.7,70,1012.9,0.0,0.0,16.74,34,4.049561941025199,-4.826079991649561
2023-09-13,20.2,83,1012.7,6.1,0.0,13.46,78,-8.453436110630324,-0.8884919377750535
2023-09-14,17.9,78,1019.9,0.2,0.0,8.68,90,-5.76842643899261,9.600273767863655
2023-09-15,17.5,70,1022.8,0.1,0.0,13.56,41,9.447958005998597,-0.9930204010427087
2023-09-16,17.9,71,1019.8,0.0,0.0,16.81,2,11.344932789576147,-6.549999999999997
2023-09-17,19.9,75,1017.2,0.0,0.0,15.61,20,4.3999999999999995,-7.621023553303061
2023-09-18,21.0,76,1012.4,0.0,0.0,15.73,69,6.538771374401924,-9.338333304894508
2023-09-19,19.2,76,1010.8,2.7,0.0,12.24,84,-11.654722419022626,1.845926687474722
2023-09-20,17.9,68,1013.8,0.0,0.0,15.81,15,-5.201884556591547,-8.657389737091334
2023-09-21,20.3,70,1007.4,0.0,0.0,15.09,36,9.207769854226337,-12.219123303723583
2023-09-22,18.7,81,1004.5,10.5,0.0,7.67,73,-5.7761199801419325,-9.243724248105044
2023-09-23,15.6,77,1013.5,2.5,0.0,8.97,98,-8.769330583067116,2.0245594890947842
2023-09-24,14.0,75,1025.3,0.0,0.0,12.8,79,-4.296037238532962,8.808181653731836
2023-09-25,16.3,77,1027.3,0.0,0.0,8.62,55,10.0749202875582,-2.1414904154229215
2023-09-26,17.7,88,1024.5,0.0,0.0,12.63,27,8.485956276950912,-5.098876941609538
2023-09-27,19.3,76,1022.6,0.0,0.0,14.14,40,6.3639610306789285,-6.363961030678928
2023-09-28,18.5,71,1020.0,0.0,0.0,14.69,0,5.617144200871972,-8.989309819258114
2023-09-29,19.0,68,1019.2,0.0,0.0,13.98,46,0.8362277061412299,-7.956175162946186
2023-09-30,16.7,71,1022.4,0.6,0.0,11.3,67,-12.127087775036893,7.577845478534828
2023-10-01,14.6,72,1024.6,0.0,0.0,9.16,86,-7.989036278036591,0.41868764994355157
2023-10-02,17.8,74,1022.6,0.0,0.0,12.94,77,-2.659706813252975,-6.583005367424191
2023-10-03,18.9,73,1014.9,8.2,0.0,12.5,58,-3.9470180137569466,-12.910114205500978
2023-10-04,14.2,73,1024.0,2.6,0.0,9.79,48,-20.023513431644087,1.7518304292279236
2023-10-05,14.1,70,1023.0,0.6,0.0,8.15,88,-16.295011245231223,-3.1674293232506407
2023-10-06,14.5,77,1024.0,0.1,0.0,7.81,94,-11.20296511796642,-4.3004153945436085
2023-10-07,16.9,68,1015.8,2.0,0.0,5.91,99,-24.3,-4.463837582892102e-15
2023-10-08,11.4,70,1022.1,5.8,0.0,12.18,70,-5.15594279323653,11.05695500184713
2023-10-09,8.2,84,1020.9,5.9,0.0,3.02,93,6.229430856687095,-4.525946442652042
2023-10-10,10.1,92,1020.1,1.3,0.0,3.89,83,5.5921244347685395,-4.692349550711738
2023-10-11,17.7,73,1015.2,0.0,0.0,9.67,99,-8.993114360074838,-12.377960013936697
2023-10-12,16.7,77,1013.5,1.8,0.0,3.69,94,-14.08822677642982,-4.850965501411634
2023-10-13,16.7,81,1013.9,0.2,0.0,6.4,70,-4.944633662366181,-10.603801108328804
2023-10-14,16.9,63,1007.2,2.5,0.0,5.99,71,-17.018224611997827,-8.671218545025347
2023-10-15,8.7,71,1015.1,1.1,0.0,9.0,19,-18.62884085431564,1.6298123893812024
2023-10-16,7.2,76,1020.5,0.8,0.0,7.39,52,-17.96377745709225,3.491804615390776
2023-10-17,6.7,86,1022.1,0.0,0.0,7.74,81,-0.9979761159252456,-4.695108483522267
2023-10-18,6.1,84,1016.6,0.0,0.0,10.41,65,6.583005367424191,-2.6597068132529755
2023-10-19,7.4,85,1002.9,1.8,0.0,1.96,100,10.335675680585068,-5.266289796978742
2023-10-20,10.4,96,991.8,2.8,0.0,1.75,100,12.873484893640414,1.809250312480851
2023-10-21,13.7,86,998.8,6.6,0.0,9.36,67,-4.152523659749134,-5.510585019326321
2023-10-22,12.1,94,1007.4,24.2,0.0,1.66,86,-10.15389731787766,5.39892297203774
2023-10-23,11.2,89,1015.4,0.4,0.0,7.61,54,-4.854101966249684,-3.5267115137548393
2023-10-24,12.0,87,1008.2,2.2,0.0,7.53,98,9.801071766072047,-4.993895497135014
2023-10-25,11.6,90,1001.0,7.7,0.0,4.53,80,-12.150154586646595,5.409597352908137
2023-10-26,11.1,87,995.9,4.2,0.0,3.51,87,-9.131985920695541,-7.938314250785138
2023-10-27,8.9,94,994.8,10.2,0.0,2.44,98,2.278652836202781,-3.6466068134726313
2023-10-28,10.2,88,1001.6,5.1,0.0,6.16,69,-9.970664661389113,-5.52682967080824
2023-10-29,12.3,79,1005.4,0.7,0.0,5.46,86,1.0184445166642326,-14.564435133793433
2023-10-30,14.1,79,1005.6,0.0,0.0,7.58,90,-1.7712114122026907,-10.045039080724521
2023-10-31,14.1,76,999.5,1.8,0.0,4.26,100,-15.254291335012768,-10.289149423861737
2023-11-01,11.2,77,1008.6,0.0,0.0,6.7,60,-8.909545442950497,-8.9095454429505
2023-11-02,11.5,78,998.0,0.3,0.0,6.99,83,8.699221733928605,-11.973451516749222
2023-11-03,10.6,90,987.4,28.5,0.0,0.91,100,-15.185956120112227,1.8646009540987596
2023-11-04,8.6,78,993.1,4.1,0.0,6.84,76,-3.822365950474747,-15.330672475160744
2023-11-05,10.5,72,986.0,0.4,0.0,4.91,89,-4.851217462379183,-16.918205848514415
2023-11-06,10.5,70,1002.1,1.8,0.0,5.47,33,-17.99684551555924,-8.01271186859326
2023-11-07,9.3,76,1012.7,0.1,0.0,6.75,35,-8.747553435592742,-10.802328864251894
2023-11-08,7.4,84,1014.6,2.2,0.0,4.28,43,-11.867953338454878,-4.794964395723677
2023-11-09,7.7,75,1011.2,0.0,0.0,6.3,77,0.9417123955456945,-13.467114678507627
2023-11-10,8.9,79,1004.4,0.0,0.0,3.24,94,1.9867177060109333,-12.543641925558248
2023-11-11,5.9,91,1002.8,0.9,0.0,5.91,74,-7.129930094939306,-1.002046326912474
2023-11-12,5.7,87,1008.0,0.6,0.0,2.61,83,-11.084787835775769,-0.5809291142966818
2023-11-13,5.4,79,1010.1,3.4,0.0,5.7,67,-3.5227937358743993,-10.842044285764752
2023-11-14,10.5,74,1002.7,4.4,0.0,4.77,52,-19.605188956441236,-7.525726940451315
2023-11-15,8.5,84,1007.3,3.9,0.0,2.47,98,-18.389174893795545,3.9087397873738774
2023-11-16,6.4,87,1014.2,0.8,0.0,4.85,69,-5.592386552512486,-5.997100353277198
2023-11-17,4.3,89,1013.3,2.8,0.0,3.43,96,-12.428925860180629,7.468052086195785
2023-11-18,3.4,91,1022.9,1.1,0.0,2.24,94,-9.836219913475214,10.924228934517695
2023-11-19,4.4,91,1013.3,5.2,0.07,1.21,85,1.7879843267551358e-15,-14.6
2023-11-20,8.6,90,1007.3,21.4,0.0,0.76,94,-14.591106074478798,-0.5095326518565111
2023-11-21,5.6,92,1012.4,17.3,0.28,0.91,100,-8.316858327090173,11.877704642190379
2023-11-22,-1.3,77,1027.1,1.7,1.12,4.98,75,3.214989347261286,8.83311063538754
2023-11-23,4.8,75,1014.2,0.1,0.0,1.74,99,-22.25472248130659,-7.230997668373773
2023-11-24,4.3,84,997.9,6.0,0.63,3.82,65,-25.80196312891985,4.549582254873565
2023-11-25,0.5,87,1000.7,2.9,1.89,3.47,80,-15.155444566227676,8.750000000000002
2023-11-26,-0.9,79,1010.3,1.2,0.91,3.42,75,-11.811648117874235,8.581664683470104
2023-11-27,-1.2,82,1008.4,0.0,0.0,4.63,69,4.820907072649046,-5.745333323392334
2023-11-28,-1.3,84,998.8,5.3,3.71,1.21,99,12.701566811686675,9.228228460991827
2023-11-29,-2.6,81,1006.9,0.1,0.07,4.4,87,-5.5624112090285855,-9.257406847582814
2023-11-30,-0.6,83,1005.0,0.5,0.35,3.3,82,-2.1813066348629504,-6.334974456515423
2023-12-01,-2.4,92,1005.8,1.8,1.26,1.76,92,5.437846722219899,2.5357095704441965
2023-12-02,-2.6,91,1008.1,6.8,4.76,1.58,100,-2.8788705576360476,11.546519142684359
2023-12-03,-2.7,89,1019.6,3.7,2.59,2.47,91,-15.587767522197478,4.765658786980609
2023-12-04,-6.1,88,1021.9,0.0,0.0,4.08,70,5.352184568755369,-8.565285771179902
2023-12-05,-3.8,86,1014.1,0.0,0.0,3.92,76,10.274515828561832,-7.464872704114407
2023-12-06,-2.9,92,1014.8,1.7,0.63,2.44,99,8.509667180393851,-2.9301133901144096
2023-12-07,-0.3,97,1020.6,1.7,1.19,1.57,97,-0.2511233054788523,3.5912305809353673
2023-12-08,-2.1,96,1018.6,0.0,0.0,2.62,98,10.025182902794926,-8.118233044542901
2023-12-09,0.6,91,1014.6,1.2,0.7,1.65,86,2.370834576876744,-9.508898117504765
2023-12-10,1.9,89,1007.2,4.4,2.31,1.57,98,-1.3588700224794954,-12.928784639787553
2023-12-11,6.3,84,1002.3,5.6,0.0,3.6,79,-13.754235735088146,-14.242928046705291
2023-12-12,5.7,90,1007.0,1.5,0.0,1.55,84,-15.197684966377146,0.26527657784670355
2023-12-13,3.8,96,1002.1,1.1,0.0,0.91,93,7.842075582576495,-3.0102907761805224
2023-12-14,3.4,96,1011.7,1.3,0.0,0.74,100,1.431067465324086,7.36220387585748
2023-12-15,1.1,92,1030.3,0.0,0.0,2.25,92,-8.60769888645749,1.8296228791962832
2023-12-16,5.4,84,1036.3,0.1,0.0,1.94,92,-16.3,-2.9942614239152784e-15
2023-12-17,6.4,79,1034.1,0.0,0.0,1.68,100,-18.17505753253324,0.9525144036215798
2023-12-18,6.2,69,1029.2,0.0,0.0,3.72,33,-14.679854160892235,0.7693385567712759
2023-12-19,4.9,70,1019.6,1.5,0.0,2.58,96,-9.010672487178907,-6.30934079986151
2023-12-20,5.6,84,1009.4,7.0,0.0,2.24,85,-19.654997977843237,-3.1130458543005974
2023-12-21,6.1,84,994.4,8.7,0.07,0.68,100,-21.908015512168078,-9.299400858044717
2023-12-22,2.9,75,988.2,1.6,0.49,3.21,45,-31.86073146768644,3.912005923305241
2023-12-23,1.2,83,997.7,2.4,1.05,1.35,83,-23.772245293761916,5.927086442191852
2023-12-24,4.7,90,1002.7,11.7,3.5,0.61,100,-18.047500508733535,-4.499747258153821
2023-12-25,10.3,82,1002.5,5.5,0.0,0.7,100,-27.583186825727044,-0.9632261089890211
2023-12-26,9.4,79,1008.6,0.8,0.0,1.44,75,-22.203950536657384,-4.719595381563147
2023-12-27,4.1,80,1021.4,0.0,0.0,4.04,42,-16.197532661533536,-0.2827289842839927
2023-12-28,5.8,73,1015.8,0.1,0.0,2.57,92,-8.365228821813472,-11.101033589657371
2023-12-29,7.8,79,1012.2,0.0,0.0,3.15,92,-12.946151088710726,-10.863110603702516
2023-12-30,7.2,79,1012.4,1.2,0.0,2.76,86,-18.071719883640398,-5.1819822893595795
2023-12-31,3.2,93,1011.8,0.0,0.0,3.66,94,3.9860191021428446,-8.952745484897488
2024-01-01,4.6,86,1008.0,1.5,0.0,2.65,86,-9.334970206477497,-4.352968095929202
2024-01-02,4.1,88,1005.3,5.7,0.0,1.31,90,-2.4741491207313384,-11.639956448732287
2024-01-03,8.2,81,994.4,9.8,0.0,3.12,73,-14.289419162443235,-8.250000000000007
2024-01-04,5.8,85,997.1,11.9,0.0,1.32,98,-20.896816828768575,-0.36475529453922506
2024-01-05,0.9,82,1008.3,0.3,0.07,2.2,100,11.289055983653903,-1.586573350944745
2024-01-06,1.0,91,1009.6,2.6,0.7,1.09,100,7.80302066751264,7.025871366768012
2024-01-07,-4.2,70,1019.0,0.0,0.0,2.06,100,6.056418347315574,15.777509207802709
2024-01-08,-7.9,59,1030.5,0.0,0.0,4.58,40,5.958917490543862,12.778939797216763
2024-01-09,-9.7,68,1038.0,0.0,0.0,4.74,0,7.012587218225478,-1.1106847017856387
2024-01-10,-9.4,68,1034.8,0.0,0.0,4.8,0,5.542562584220408,-3.199999999999999
2024-01-11,-4.8,72,1028.8,0.2,0.14,2.45,65,-14.392045763600512,7.652386473410014
2024-01-12,-1.2,91,1027.7,0.3,0.14,2.12,100,-14.500924592586397,6.761892187851194
2024-01-13,0.8,85,1017.3,0.6,0.28,1.2,100,-22.1,-4.059704139173476e-15
2024-01-14,1.6,86,1004.1,3.4,1.19,1.85,96,-24.196314222784668,0.4223482357822517
2024-01-15,1.1,72,995.7,2.7,1.82,3.06,94,-25.041310664980543,-5.781242096637337
2024-01-16,-1.5,82,1005.6,4.3,3.01,3.19,95,-12.928784639787555,1.3588700224794887
2024-01-17,-3.0,83,1001.0,1.3,0.7,4.4,79,5.8110783966662005,-11.404883509611109
2024-01-18,-0.7,94,994.5,6.2,3.15,1.17,100,-7.696935863623566,7.43284456391127
2024-01-19,-3.1,86,1014.7,0.0,0.0,5.7,36,-14.590428429127433,1.7914793480556708
2024-01-20,-1.3,78,1026.3,0.0,0.0,5.74,43,-21.196771137315494,0.36999101647040233
2024-01-21,-2.3,80,1030.2,0.0,0.0,5.23,69,-0.7463942690621403,-10.673935337780119
2024-01-22,2.6,64,1018.0,0.1,0.0,1.9,98,-6.053756536864335,-16.63255938791058
2024-01-23,3.8,82,1020.3,0.3,0.0,5.26,45,-18.220720211483897,-4.20658471623028
2024-01-24,6.8,78,1014.6,3.9,0.0,2.7,67,-27.37979882046511,-6.321124627062614
2024-01-25,5.9,77,1018.2,0.8,0.0,2.07,88,-29.414607895712557,8.43450308800018
2024-01-26,5.3,82,1022.2,2.7,0.0,4.12,96,-16.397502200564816,-0.28621946557144934
2024-01-27,4.5,75,1027.9,0.2,0.0,2.88,76,-26.154906747305763,12.756600371562152
2024-01-28,3.3,84,1037.3,0.0,0.0,4.16,69,-7.547628055792192,-4.716281451675525
2024-01-29,2.5,76,1034.2,0.0,0.0,6.53,39,6.538771374401924,-9.338333304894508
2024-01-30,2.3,73,1032.0,0.0,0.0,6.04,67,1.1577587623489016,-9.42918844059256
2024-01-31,4.7,81,1031.1,0.4,0.0,2.68,96,-11.29632316061614,-4.336252189498138
2024-02-01,4.2,84,1023.3,1.2,0.0,2.68,62,-19.18830387876664,-0.6700703366880146
2024-02-02,5.2,76,1024.6,1.0,0.0,3.21,99,-20.67163136941968,1.0833542942289396
2024-02-03,8.7,80,1017.7,1.7,0.0,1.43,100,-28.44332620753262,2.9895140494548755
2024-02-04,7.8,82,1014.9,3.9,0.0,3.95,98,-25.528495697373163,5.893717623809261
2024-02-05,9.0,82,1009.6,10.1,0.0,1.12,100,-28.939268379437536,4.583529825678759
2024-02-06,9.2,66,1008.7,0.0,0.0,2.34,100,-25.041310664980543,-5.781242096637337
2024-02-07,6.4,80,1002.1,3.7,0.0,1.16,100,-22.67713877418196,-3.187064011985507
2024-02-08,2.7,87,1003.8,2.9,0.0,4.73,100,3.7499999999999996,-6.49519052838329
2024-02-09,5.4,94,995.7,5.4,0.0,1.84,100,8.056605763792891,-7.78017374914077
2024-02-10,8.6,90,993.7,1.0,0.0,7.21,94,9.020947563833916,-3.829165059194884
2024-02-11,9.4,89,991.3,6.5,0.0,1.32,100,12.226295199608908,-10.628156269646215
2024-02-12,8.1,82,999.8,3.8,0.0,4.86,98,-17.825020329520967,-3.143032015771439
2024-02-13,4.4,85,1016.2,0.0,0.0,5.23,39,-14.32279926948095,4.106996601673291
2024-02-14,4.0,81,1021.5,0.5,0.0,5.98,80,-1.889588856488466,-8.184708544195976
2024-02-15,8.4,89,1020.8,0.0,0.0,3.36,93,-1.5971524858414412,-6.91802745997517
2024-02-16,9.5,80,1018.7,0.5,0.0,8.85,46,3.1691768323556473,-12.710874014215554
2024-02-17,9.5,79,1024.9,6.5,0.0,5.4,87,-15.312009912351975,4.975173609436651
2024-02-18,5.1,75,1032.4,0.0,0.0,6.68,95,5.231288745403012,-7.200251249937032
2024-02-19,7.0,81,1019.4,2.4,0.0,2.25,99,-19.292527282747656,-4.454030876008532
2024-02-20,7.0,87,1021.9,4.9,0.0,3.69,94,-18.415594224440945,4.251574927099047
2024-02-21,6.3,87,1019.2,1.8,0.0,3.11,93,-8.694794458085513,-7.82882809439864
2024-02-22,7.8,76,1002.4,3.2,0.0,2.38,100,-1.4380697553363562,-16.437212518513803
2024-02-23,8.9,82,997.8,5.3,0.0,3.19,100,-4.72784665472021,-11.138108726774528
2024-02-24,6.6,79,1004.6,8.6,0.0,10.75,65,-9.423899018558055,-7.10141727319417
2024-02-25,5.1,82,1008.7,0.1,0.0,8.72,81,3.010290776180522,-7.842075582576495
2024-02-26,6.7,85,1006.0,0.3,0.0,7.99,59,7.372368398600925,-5.162187927159415
2024-02-27,5.9,90,1012.8,0.0,0.0,9.15,93,-4.364789504399989,4.680663690362692
2024-02-28,6.0,95,1019.8,3.4,0.0,1.48,100,-7.971652103870405,4.981241083792124
2024-02-29,6.5,90,1019.8,0.0,0.0,4.58,80,8.226066532717333,-5.140216863062086
2024-03-01,10.5,82,1009.8,1.2,0.0,9.93,74,11.031039980913283,-9.256141579486167
2024-03-02,10.4,85,1009.3,0.0,0.0,7.6,99,7.807102444987037,-8.981044004650988
2024-03-03,10.3,79,1007.5,0.0,0.0,8.36,58,11.662559153379487,-9.111789834819744
2024-03-04,8.8,81,1008.0,0.3,0.0,10.68,35,9.074114628873758,5.670136127295292
2024-03-05,5.5,79,1014.9,0.3,0.0,6.0,90,0.5999056741994776,8.579050832234488
2024-03-06,4.4,79,1022.1,1.0,0.0,8.94,70,4.549999999999999,7.880831174438392
2024-03-07,3.9,68,1025.3,0.0,0.0,8.0,82,11.036844910736585,5.8683945348236355
2024-03-08,1.9,76,1022.3,0.0,0.0,13.32,7,10.537442957230626,-1.8580355010361542
2024-03-09,5.6,73,1013.9,0.0,0.0,8.95,48,13.09198436616345,-12.642782342353751
2024-03-10,10.4,64,1006.2,0.1,0.0,5.33,95,20.641025088489744,-11.441507037813555
2024-03-11,11.4,79,1004.8,0.2,0.0,7.48,100,12.296697394268177,-7.683829331381469
2024-03-12,8.2,92,1011.6,7.5,0.0,2.4,99,-3.4886054619218196,9.584864732016266
2024-03-13,8.4,82,1016.9,0.5,0.0,9.23,83,-6.0519742796518035,4.0821081953364535
2024-03-14,9.5,76,1016.7,0.0,0.0,10.84,68,0.31390413184856486,-4.489038226169209
2024-03-15,10.9,73,1012.9,0.0,0.0,11.32,100,1.149813095944191,-10.939740849051006
2024-03-16,11.6,79,1013.9,1.4,0.0,11.72,79,-13.823854345619,-1.4529456394203817
2024-03-17,5.1,67,1022.4,0.0,0.0,10.13,51,-15.563888841490844,10.897952290669874
2024-03-18,2.0,65,1021.7,0.0,0.0,10.5,68,1.1551367379685433,8.219224970555034
2024-03-19,2.6,72,1023.9,0.0,0.0,9.56,61,5.863696345223745,-1.6813878704836942
2024-03-20,4.7,71,1022.6,0.0,0.0,14.91,83,4.206888370749727,-3.05648331192086
2024-03-21,8.1,79,1019.7,0.2,0.0,8.79,86,-2.2804992968373465,-7.459177096511676
2024-03-22,10.3,74,1017.2,0.6,0.0,7.53,100,-12.911548329686234,-2.744434318794429
2024-03-23,9.9,78,1005.5,3.1,0.0,9.23,84,-14.778665142222746,-3.959931390068566
2024-03-24,5.4,70,1004.3,0.7,0.0,14.68,52,-10.779836400182692,-4.799492388294442
2024-03-25,5.1,81,1004.1,2.5,0.49,8.26,69,-16.390009563113168,-0.5723517459210125
2024-03-26,7.1,66,1004.0,0.0,0.0,17.35,51,12.642782342353748,-13.091984366163453
2024-03-27,12.4,54,993.8,0.0,0.0,16.55,78,13.052023276903958,-16.705827976462505
2024-03-28,12.4,64,991.8,0.1,0.0,11.01,83,-6.056733089748967,-18.640707719385013
2024-03-29,11.5,62,1003.9,0.0,0.0,16.04,62,-2.6741819360707293,-15.166039396388005
2024-03-30,16.1,64,1002.7,0.0,0.0,18.29,48,5.483029628043093,-14.283780525407188
2024-03-31,17.1,55,999.9,0.0,0.0,17.11,52,1.8646009540987576,-15.185956120112227
2024-04-01,15.8,67,997.1,1.5,0.0,13.54,88,0.9417123955456945,-13.467114678507627
2024-04-02,11.5,65,1003.3,2.7,0.0,12.93,84,-24.718674600606427,4.3585692594399426
2024-04-03,11.1,69,1008.1,1.3,0.0,12.41,59,-20.1,-3.69231009942927e-15
2024-04-04,12.6,77,1011.0,3.7,0.0,12.54,90,-9.002378352824978,-9.65386886137305
2024-04-05,14.2,68,1014.7,0.3,0.0,13.83,74,-13.144745490424603,-8.213748595614678
2024-04-06,16.5,70,1016.7,0.3,0.0,14.83,96,-10.89606173626907,-2.1179798486796453
2024-04-07,18.3,72,1017.0,0.0,0.0,18.33,91,1.433482939888673,-10.199761108038176
2024-04-08,19.5,67,1013.3,0.0,0.0,19.0,84,2.6612696424673192,-12.520289289392714
2024-04-09,19.8,61,1009.5,0.0,0.0,19.99,46,3.314329969715448,-13.293051449981151
2024-04-10,12.6,66,1024.0,1.0,0.0,6.14,93,-16.19771863658774,10.12145794685421
2024-04-11,11.6,68,1032.6,0.0,0.0,19.62,23,-6.674504477214695,0.5839434764093079
2024-04-12,14.5,65,1030.4,0.0,0.0,17.78,80,-8.353983921093496,0.8780390914482851
2024-04-13,16.3,66,1024.6,0.0,0.0,18.63,94,-14.39122790907498,0.5025527525160185
2024-04-14,16.5,61,1016.8,0.6,0.0,15.54,96,-17.46881226888727,2.144900443930599
2024-04-15,10.9,71,1009.5,1.9,0.0,8.38,92,2.5085756468171017,-6.535062985480412
2024-04-16,9.2,58,1001.2,4.4,0.0,19.64,50,-20.072023334575846,-4.633991719483625
2024-04-17,5.6,80,1005.6,2.6,0.0,7.82,68,-10.070757204741115,9.725217186425962
2024-04-18,4.9,75,1012.4,1.1,0.0,17.8,37,-8.034845121081744,9.575555538987222
2024-04-19,6.4,70,1008.7,2.6,0.14,13.34,94,-12.44956105931087,-6.619549035281059
2024-04-20,5.4,82,1010.1,6.6,0.0,4.97,92,-8.003599179233557,10.244139796887387
2024-04-21,3.7,70,1020.7,0.1,0.0,11.96,86,2.578104966140216,12.129030249099191
2024-04-22,2.8,64,1022.8,0.0,0.0,11.57,89,-3.4761691105894172,9.055730137022854
2024-04-23,4.4,66,1019.6,0.0,0.0,20.89,61,4.781523779815177,1.4618585236136838
2024-04-24,6.1,69,1008.4,0.7,0.0,10.85,100,1.289052483070108,6.064515124549596
2024-04-25,6.0,74,1006.6,2.4,0.14,20.62,36,-8.056605763792893,-7.7801737491407685
2024-04-26,8.4,65,1010.2,0.0,0.0,16.67,64,-0.3838944637275099,-10.993299097210054
2024-04-27,12.5,62,1013.6,0.0,0.0,23.34,21,7.911180976724982,-8.483702938782377
2024-04-28,15.5,61,1016.2,0.0,0.0,22.22,66,8.659760656738934,-13.334862030332241
2024-04-29,17.4,65,1021.1,0.0,0.0,23.13,89,4.466040087123224,-6.877098657152476
2024-04-30,19.1,59,1021.2,0.0,0.0,24.28,28,8.170215006865378,-11.245336221811769
2024-05-01,18.6,52,1015.2,0.0,0.0,24.07,17,11.101576464628796,-11.101576464628794
2024-05-02,18.9,53,1008.8,0.0,0.0,22.58,30,13.129043201675046,-13.595522226400508
2024-05-03,18.9,57,1009.6,0.2,0.0,21.27,66,4.045751208891852,-10.013585629321303
2024-05-04,18.1,68,1014.2,0.0,0.0,23.79,78,-9.159078608981211,2.11453991083233
2024-05-05,17.7,70,1010.2,0.9,0.0,21.24,79,-3.3686587257258243,-8.775656009073696
2024-05-06,15.3,76,1009.1,0.6,0.0,13.09,97,-5.5786903093137745,-0.48807215938688614
2024-05-07,13.0,69,1015.1,0.0,0.0,14.89,98,3.2882383600172824,9.5497376135531
2024-05-08,13.4,54,1023.1,0.0,0.0,22.9,92,9.903080324586432,7.4625062870854
2024-05-09,12.3,57,1025.4,0.0,0.0,24.8,17,2.286725758374611,7.037818220584136
2024-05-10,14.1,58,1022.8,0.0,0.0,17.83,72,-1.4608779858300944,5.09468698847309
2024-05-11,14.6,71,1021.7,0.9,0.0,15.16,84,0.9383939442196356,7.642605367638179
2024-05-12,13.9,43,1022.8,0.0,0.0,27.0,13,11.3566195582459,0.9935754673233028
2024-05-13,15.2,43,1019.1,0.0,0.0,27.0,9,11.779526201371969,-2.2897079445185375
2024-05-14,16.8,41,1015.4,0.0,0.0,26.27,26,12.225726151077556,-3.048215884555814
2024-05-15,18.1,39,1014.8,0.0,0.0,24.06,21,15.68415116515299,-6.020581552361045
2024-05-16,18.7,42,1014.3,0.0,0.0,24.39,29,15.751713878545793,-10.624665165944187
2024-05-17,17.0,50,1012.3,0.3,0.0,20.92,56,16.952593782891395,-9.013854005489105
2024-05-18,15.6,74,1012.7,5.1,0.0,20.3,67,5.2062290313702455,-11.69338185782529
2024-05-19,16.7,76,1011.3,7.8,0.0,19.81,88,5.48009045401332,-8.124568211039408
2024-05-20,17.7,68,1011.9,0.0,0.0,23.84,40,-1.0418890660015827,-5.908846518073248
2024-05-21,20.0,58,1010.7,0.4,0.0,23.58,54,11.542141688658909,-2.4533579516495605
2024-05-22,20.5,63,1008.0,0.6,0.0,22.61,79,5.619098901238684,-13.90775781850181
2024-05-23,18.1,66,1014.2,1.0,0.0,18.04,77,-12.033714933956107,1.2647944055386011
2024-05-24,17.9,79,1018.0,12.4,0.0,17.88,88,6.333405421104029,-1.4621818532351227
2024-05-25,18.9,73,1018.1,5.3,0.0,22.51,49,4.629431797627732,-7.128699827536104
2024-05-26,19.6,66,1019.3,0.2,0.0,24.61,67,4.133370261018998,-6.614775150020122
2024-05-27,20.4,64,1018.4,0.1,0.0,22.01,73,4.760684421713682,-6.7989619675986335
2024-05-28,19.0,68,1015.7,3.5,0.0,22.46,73,-10.845284368528509,-6.011639291054577
2024-05-29,17.5,71,1015.1,1.3,0.0,23.64,61,-5.756767679519667,0.7068421917498565
2024-05-30,18.8,73,1006.9,1.3,0.0,22.43,66,6.307470741025236,-4.4165385599030555
2024-05-31,19.1,78,1006.1,2.6,0.0,22.05,85,4.7275928779965835,1.6278407722857837
2024-06-01,17.1,83,1008.3,9.4,0.0,13.37,87,-2.434942857203428,-6.026695054684119
2024-06-02,17.7,86,1011.7,10.5,0.0,15.72,90,-13.409896879761666,4.357139620686755
2024-06-03,17.3,82,1014.9,0.6,0.0,13.68,90,-11.795789437761481,8.259500683455064
2024-06-04,16.1,71,1014.4,0.3,0.0,13.28,96,-7.277422209630292,6.106482292022123
2024-06-05,18.5,69,1011.9,0.5,0.0,25.12,54,-8.310871342332975,-5.19320878948541
2024-06-06,18.4,72,1016.2,0.8,0.0,24.79,42,-6.81173591554806,2.891410350820624
2024-06-07,17.7,74,1016.2,0.3,0.0,24.72,26,-8.004603403006799,6.482000027813327
2024-06-08,19.0,65,1013.1,0.3,0.0,24.66,43,3.081964366089582,-8.028791667875934
2024-06-09,19.2,61,1007.4,0.0,0.0,23.46,68,-10.336618828644992,3.762221576582359
2024-06-10,17.8,69,1005.2,2.5,0.0,12.82,73,-3.746592453254002,5.55455173611878
2024-06-11,15.7,60,1010.0,0.0,0.0,25.25,44,-16.80742003172382,1.7665310292233354
2024-06-12,14.4,58,1017.2,0.0,0.0,19.3,71,-9.063077870366502,-4.226182617406992
2024-06-13,13.7,70,1017.4,1.1,0.0,22.35,52,-5.898542212016132,4.9494645945863525
2024-06-14,15.3,69,1015.8,0.0,0.0,17.09,80,3.380946093925596,-7.2504622962931995
2024-06-15,19.5,66,1009.8,0.5,0.0,23.19,80,2.232465245905576,-11.485038046337667
2024-06-16,19.0,74,1011.4,1.5,0.0,18.69,70,1.4523798735622533,-4.469965626587221
2024-06-17,20.1,71,1013.7,1.6,0.0,24.49,47,-0.950580878560149,-7.741859982802312
2024-06-18,22.1,68,1015.2,0.4,0.0,25.73,58,-2.500679222331351,-5.891231062095619
2024-06-19,21.5,76,1013.2,10.7,0.0,20.18,80,-10.371724338495559,6.231960706411655
2024-06-20,17.7,72,1022.1,0.1,0.0,23.7,85,-5.64452799182695,-0.7932866754723752
2024-06-21,22.2,70,1015.0,7.2,0.0,24.87,67,7.200817765318393,-6.04220353105347
2024-06-22,20.5,73,1010.6,8.4,0.0,24.12,43,-15.097700196861508,-0.26353133720298083
2024-06-23,19.4,64,1015.5,0.1,0.0,24.07,26,-12.343209130110418,7.41654827870478
2024-06-24,19.4,63,1019.6,0.0,0.0,21.87,62,-1.1333848936678692,9.230679210264297
2024-06-25,20.3,66,1018.6,0.1,0.0,21.77,46,11.456239028055073,-1.0022910415980697
2024-06-26,23.3,65,1014.1,0.1,0.0,26.97,49,9.772803256173448,-3.557009490586955
2024-06-27,23.7,74,1010.7,0.0,0.0,21.17,80,4.114496766047313,-5.663118960624631
2024-06-28,24.8,67,1012.4,1.0,0.0,25.89,34,-8.315461787589584,-6.733728184233264
2024-06-29,24.7,66,1016.2,0.1,0.0,24.42,58,7.729628798172835,-3.7699918623860667
2024-06-30,26.2,66,1006.4,9.8,0.0,22.22,77,1.986470297503905,-16.178502271753548
2024-07-01,19.8,79,1010.0,10.8,0.0,15.02,91,-11.29632316061614,4.3362521894981345
2024-07-02,17.5,64,1010.4,0.6,0.0,23.83,51,-17.94812905701085,6.532584737520279
2024-07-03,17.5,63,1008.6,0.0,0.0,18.49,78,-12.19718962523119,4.199829192497316
2024-07-04,16.9,70,1008.2,5.1,0.0,17.43,66,-9.658678035226657,-2.9529542176996446
2024-07-05,17.6,70,1012.1,0.0,0.0,18.05,61,-10.24657502816623,-5.220890747004789
2024-07-06,22.3,64,1008.7,0.2,0.0,26.86,46,4.460283716063045,-12.95360448571064
2024-07-07,19.1,75,1013.7,3.7,0.0,11.25,96,-8.464402995026868,2.7502512499370306
2024-07-08,20.1,76,1018.5,0.7,0.0,21.91,56,5.09951120011733,-2.060336263787516
2024-07-09,23.5,71,1019.1,0.3,0.0,24.75,19,8.17072441547571,-2.3429175244444918
2024-07-10,25.6,75,1015.8,13.7,0.0,21.96,72,7.513851316198702,-10.730891780185793
2024-07-11,22.4,85,1016.1,16.6,0.0,19.02,75,-7.113336549943561,-2.039716433045792
2024-07-12,22.2,87,1012.9,22.8,0.0,16.4,94,8.886517601859428,-2.3811352149431917
2024-07-13,20.4,82,1010.8,0.9,0.0,16.33,69,-9.826206901249089,1.206506499710962
2024-07-14,20.2,81,1014.4,20.6,0.0,22.04,69,6.16738251813135,-2.617898560878135
2024-07-15,22.6,73,1014.4,0.0,0.0,25.84,11,5.945158603819154,-5.353044850870866
2024-07-16,23.6,75,1011.8,0.7,0.0,20.56,52,-7.924450592339106,-6.888619804400326
2024-07-17,21.2,73,1018.9,0.8,0.0,19.83,46,-7.447818472546171,-4.300000000000003
2024-07-18,20.9,72,1022.8,0.0,0.0,25.02,51,-5.765664474809681,5.9705203428108025
2024-07-19,21.8,66,1020.9,0.0,0.0,25.01,62,5.259676157796695,1.6080443759750522
2024-07-20,22.1,65,1013.9,0.0,0.0,20.86,88,5.792051301576528,0.303548546209075
2024-07-21,23.3,64,1009.7,0.0,0.0,23.55,48,5.70713009140513,-2.422532996633498
2024-07-22,22.3,76,1011.9,10.1,0.0,20.49,68,-9.050149247851287,0.9512090157356421
2024-07-23,20.9,70,1017.0,0.0,0.0,23.79,35,-7.6966534228266825,4.266324658167768
2024-07-24,19.4,77,1014.4,4.7,0.0,17.74,61,-11.344932789576145,6.550000000000002
2024-07-25,18.5,72,1015.0,0.4,0.0,23.88,38,-7.752349237163205,7.229182616662484
2024-07-26,19.4,71,1013.5,0.1,0.0,21.89,56,5.222936707096763,-3.522915291865704
2024-07-27,22.1,73,1014.3,0.2,0.0,19.77,82,5.98163139444189,-2.789280527488615
2024-07-28,19.7,77,1017.5,6.6,0.0,17.02,60,-15.60105649738873,5.371874548543079
2024-07-29,18.0,65,1022.7,0.0,0.0,22.8,21,-12.720721442346392,7.94878896349807
2024-07-30,18.5,69,1020.0,0.0,0.0,26.15,1,-5.300786790617386,-1.030368575033341
2024-07-31,21.1,65,1014.5,0.0,0.0,24.39,48,5.312592044589875,1.423504748063864
2024-08-01,22.4,70,1011.6,0.3,0.0,21.28,68,1.7973631910506591,-4.234322325881226
2024-08-02,19.5,85,1008.2,26.9,0.0,7.15,100,9.979273070909718,5.084693597082924
2024-08-03,18.7,77,1010.8,2.7,0.0,16.71,75,-6.874724795220201,6.410784584587487
2024-08-04,18.8,84,1011.4,3.5,0.0,13.98,80,-7.083158801814774,-1.7660298378775747
2024-08-05,17.5,77,1013.5,1.5,0.0,13.75,56,-12.466307013499463,7.789813184228108
2024-08-06,17.4,73,1015.3,0.0,0.0,19.58,20,-4.510473781916959,1.9145825295974404
2024-08-07,20.2,72,1012.9,0.1,0.0,23.0,35,5.786826918823426,-3.758009341603687
2024-08-08,20.8,80,1013.5,8.7,0.0,16.32,78,-8.396349188538197,4.654172354364838
2024-08-09,19.6,75,1016.6,0.0,0.0,20.35,57,-6.041094401668458,-1.3946965369319646
2024-08-10,21.7,72,1018.5,1.5,0.0,20.13,41,-10.285500146540011,2.949319707241893
2024-08-11,20.3,72,1020.3,0.1,0.0,17.14,36,-10.330486836449447,5.492817284594918
2024-08-12,20.0,68,1017.1,0.0,0.0,23.7,26,3.827679748638527,-1.469308593135731
2024-08-13,20.8,65,1014.7,0.0,0.0,23.64,2,10.175153312650206,-0.7115160321900783
2024-08-14,22.7,56,1013.7,0.0,0.0,23.23,5,14.995682456637775,-4.299942750745185
2024-08-15,23.4,72,1014.7,0.3,0.0,20.03,57,-4.292346040288959,-6.869189578867051
2024-08-16,23.6,80,1015.6,0.8,0.0,19.98,14,-4.781734550840379,-0.4183475651887596
2024-08-17,23.9,79,1012.3,3.1,0.0,18.06,48,-2.547324835228202,-6.304850211054155
2024-08-18,22.8,83,1008.3,7.9,0.0,17.08,93,4.177675425873857,-2.925239825390335
2024-08-19,19.7,88,1012.8,22.4,0.0,7.32,80,-7.056021626267746,11.743192019618935
2024-08-20,20.2,74,1015.4,0.0,0.0,19.37,45,6.858073366652385,1.8376152202278973
2024-08-21,19.7,74,1011.6,1.2,0.0,10.84,61,-14.097852501705116,0.24607893076569212
2024-08-22,17.1,67,1015.5,0.0,0.0,12.23,88,-3.755772502287127,-7.063580742871415
2024-08-23,19.7,70,1012.8,0.0,0.0,20.38,63,0.3210753696630105,-9.19439560857568
2024-08-24,22.3,68,1014.6,0.0,0.0,21.34,11,2.1772970603970094,-8.732661536483969
2024-08-25,21.9,71,1015.8,0.1,0.0,17.86,27,-14.16631760362955,3.532059675755144
2024-08-26,18.4,77,1023.0,5.5,0.0,14.45,99,3.6845531138721617,6.647109774259407
2024-08-27,19.3,66,1023.8,0.0,0.0,16.75,75,5.850829612953364,5.455986880499988
2024-08-28,22.8,68,1021.2,0.0,0.0,17.62,63,10.857438368145242,-2.3078197680771284
2024-08-29,24.3,72,1018.4,0.0,0.0,18.99,53,7.85823357644445,-4.1782969087944295
2024-08-30,23.9,69,1018.1,0.0,0.0,19.79,41,5.657513064355536,-0.69465525740934
2024-08-31,20.3,77,1022.1,0.0,0.0,13.85,79,-1.1080017106371263,10.541932090903696
2024-09-01,19.4,72,1021.0,0.0,0.0,14.12,70,8.571273129966078,4.751134278414104
2024-09-02,21.0,73,1015.8,0.0,0.0,18.61,42,7.381973971922699,0.5161979057065268
2024-09-03,23.3,73,1016.5,1.1,0.0,17.05,72,8.88181631295917,-4.141658965058854
2024-09-04,24.1,54,1016.3,0.0,0.0,19.26,8,13.531330266153386,-2.143152171051162
2024-09-05,23.6,50,1016.0,0.0,0.0,18.46,5,17.27629095125413,-0.9054120430029285
2024-09-06,21.9,50,1015.8,0.0,0.0,18.84,2,13.399373047157848,-1.6452361359694894
2024-09-07,22.4,59,1016.0,0.0,0.0,18.17,8,8.72217390663241,-5.664245964156282
2024-09-08,23.8,59,1012.1,0.5,0.0,17.28,47,9.507598121049217,-8.865978680812479
2024-09-09,19.8,73,1003.0,15.5,0.0,3.45,100,6.1905645941946075,-17.00843643622494
2024-09-10,16.5,85,1008.2,1.9,0.0,14.15,51,-11.289055983653903,1.5865733509447464
2024-09-11,15.8,75,1007.5,0.2,0.0,10.94,70,-6.2629605188723625,-9.285220812616467
2024-09-12,12.0,90,1011.8,21.9,0.0,2.11,100,-5.9078372944157795,8.437266056176615
2024-09-13,10.7,93,1012.1,26.6,0.0,2.12,100,-5.716814395936532,17.59454555146034
2024-09-14,13.9,87,1012.3,22.8,0.0,3.03,100,-4.356118060050062,30.99539055161115
2024-09-15,14.8,89,1012.8,18.3,0.0,4.67,98,-2.9492381104045626,24.019616869719993
2024-09-16,17.9,81,1014.6,1.6,0.0,11.67,97,6.699999999999999,11.604740410711479
2024-09-17,18.9,67,1023.0,0.0,0.0,16.57,11,11.301729188594265,6.009236003659403
2024-09-18,17.8,73,1027.0,0.0,0.0,15.42,19,7.543072246178589,4.532335059208477
2024-09-19,16.2,72,1025.9,0.0,0.0,11.68,36,12.111897368822818,3.4730306832941893
2024-09-20,15.7,59,1026.6,0.0,0.0,16.46,7,12.792202585844427,-0.4467135577920123
2024-09-21,14.2,74,1025.0,0.0,0.0,16.2,1,7.942356035034262,-2.7347724974401157
2024-09-22,14.9,72,1019.3,0.0,0.0,15.98,0,8.227241335952169,-4.749999999999998
2024-09-23,15.3,75,1012.1,0.0,0.0,10.99,80,5.299192642332049,-8.48048096156426
2024-09-24,15.6,78,1007.3,1.4,0.0,9.67,86,2.4805169398950846,-12.761153384819632
2024-09-25,16.3,72,1009.2,0.0,0.0,13.6,41,-5.431162686000903,-12.795017462988922
2024-09-26,16.6,78,1002.3,2.1,0.0,6.42,97,0.2670218184904366,-15.297669735892788
2024-09-27,17.9,70,1002.6,5.2,0.0,13.24,65,-11.873032232466656,-16.95644731678213
2024-09-28,13.9,68,1012.2,0.2,0.0,9.26,55,-17.457370879546925,-1.2207382905221977
2024-09-29,9.4,77,1026.6,0.1,0.0,10.49,26,-9.575555538987226,8.03484512108174
2024-09-30,8.8,76,1024.7,0.0,0.0,12.26,53,10.176304724358143,-3.306481839811936
2024-10-01,10.1,79,1015.3,0.3,0.0,8.56,51,10.114574148284927,-6.077449283938641
2024-10-02,10.2,93,1008.6,5.0,0.0,2.74,88,2.376647527537243,-6.902285601875013
2024-10-03,10.5,89,1011.6,4.1,0.0,4.22,99,-11.489786780852311,7.461554779705865
2024-10-04,10.3,85,1015.4,2.0,0.0,3.41,100,4.093203866118315,13.388266583482496
2024-10-05,9.5,90,1017.1,4.5,0.0,2.66,100,5.084208038447502,11.41931822053251
2024-10-06,10.0,89,1014.3,1.5,0.0,4.19,99,-0.7978157717051785,5.037210537035202
2024-10-07,11.1,85,1010.5,0.0,0.0,12.38,32,4.014873486536645,-8.609923976848174
2024-10-08,14.9,80,1006.0,0.0,0.0,11.28,66,6.249999999999999,-10.825317547305485
2024-10-09,16.3,81,1000.0,2.6,0.0,8.38,86,-3.2659455905955115,-13.098992304725952
2024-10-10,15.1,80,995.7,0.9,0.0,5.75,94,-4.882468511124167,-15.026692957463428
2024-10-11,10.3,80,1012.5,0.3,0.0,8.07,56,-10.99852262806237,6.350000000000001
2024-10-12,8.2,80,1020.7,0.0,0.0,10.43,41,7.433782124681233,-7.971755347648958
2024-10-13,11.1,68,1010.3,11.8,0.0,7.2,70,-21.102447469328354,-11.220370350582789
2024-10-14,9.4,70,1017.9,0.1,0.0,8.9,72,-18.02287885109658,2.5329504374731915
2024-10-15,8.1,84,1023.9,0.4,0.0,7.88,56,-5.850829612953363,5.455986880499989
2024-10-16,7.6,82,1027.6,0.0,0.0,10.77,16,13.85640646055102,-7.9999999999999964
2024-10-17,10.9,67,1023.3,0.0,0.0,10.17,23,15.622488310611383,-13.580421900103499
2024-10-18,12.9,61,1020.4,0.0,0.0,9.81,49,12.187575137829265,-10.973741944285274
2024-10-19,12.2,65,1021.7,0.0,0.0,9.48,72,7.740640809913001,-9.558895325920743
2024-10-20,11.2,69,1025.7,0.0,0.0,8.54,85,6.676982729338381,-10.685406011570967
2024-10-21,12.1,77,1026.8,0.1,0.0,5.98,100,1.7902220274375413,-7.180188374442374
2024-10-22,13.1,79,1026.0,0.0,0.0,8.73,58,-9.883202690675173,-5.4783487087836065
2024-10-23,10.1,87,1035.0,0.0,0.0,7.63,70,-4.93500366568718,3.5854900389840845
2024-10-24,8.4,90,1033.3,0.0,0.0,7.96,35,10.677856300048306,-4.532481090475576
2024-10-25,11.3,84,1024.9,0.0,0.0,8.24,34,6.334968321393669,-10.543157798635981
2024-10-26,11.2,89,1022.4,0.2,0.0,8.54,24,2.154726902951714,-5.9200635109512225
2024-10-27,12.1,86,1020.3,0.0,0.0,6.54,70,-9.074114628873756,-5.670136127295293
2024-10-28,12.7,90,1025.1,0.2,0.0,4.51,78,-6.3430380251956295,-3.8112817543344026
2024-10-29,13.3,88,1025.0,0.2,0.0,6.6,73,-9.18550156753478,-1.4548405248741487
2024-10-30,12.5,89,1025.0,0.8,0.0,3.19,93,-10.773691742806104,0.7533699164365524
2024-10-31,11.3,81,1026.2,0.1,0.0,3.78,98,-13.350129694888228,2.5950023371210134
2024-11-01,11.2,79,1021.3,0.0,0.0,7.77,29,-16.8,-3.08610993385133e-15
2024-11-02,8.5,74,1027.7,0.6,0.0,6.59,68,-9.565669943957534,11.812618614145952
2024-11-03,3.6,82,1031.8,0.0,0.0,7.21,83,-5.179246562438289,-5.00154026730478
2024-11-04,7.1,90,1030.6,0.5,0.0,1.89,96,-9.112998049179161,3.868238172043808
2024-11-05,6.3,92,1029.6,0.0,0.0,6.59,53,6.106482292022125,-7.27742220963029
2024-11-06,4.1,91,1030.8,0.0,0.0,6.07,87,-4.943367254645418,-2.4110413073399277
2024-11-07,5.4,90,1034.8,0.0,0.0,2.43,100,3.233592155403522,1.0506577808748212
2024-11-08,5.7,85,1034.7,0.0,0.0,2.8,89,12.02806554605963,-4.37785783456856
2024-11-09,3.3,90,1031.9,0.0,0.0,4.4,73,12.042282965421249,-7.524853552111508
2024-11-10,1.1,91,1030.2,0.0,0.0,3.15,81,7.208408817329621,-4.504313745982241
2024-11-11,0.7,94,1029.8,0.0,0.0,2.08,93,3.3808970615916603,-3.2648943411572877
2024-11-12,2.6,88,1031.5,0.0,0.0,1.77,100,2.5425526513766488,5.213005468535169
2024-11-13,1.9,89,1029.6,0.4,0.0,1.29,100,-6.108002035108404,2.2231309316168484
2024-11-14,5.1,86,1024.0,0.5,0.0,4.13,94,-9.895952520870336,-3.7987002651801873
2024-11-15,6.8,86,1023.7,0.3,0.0,2.21,99,-13.204992609906375,2.806807826039752
2024-11-16,6.2,79,1020.1,0.0,0.0,5.28,49,-7.766563145999494,-5.642738422007743
2024-11-17,4.2,87,1009.3,1.8,0.0,1.38,78,-10.812806984614689,-7.571208959833812
2024-11-18,4.1,80,1007.9,1.5,0.0,2.9,71,-14.418925439074785,-4.1345603372549835
2024-11-19,5.3,82,1001.5,4.6,0.0,0.97,98,-4.064287846074414,-16.300968201436742
2024-11-20,3.7,80,993.5,7.0,0.49,2.82,87,-19.47327592771419,1.0205511467374069
2024-11-21,1.7,73,998.4,1.0,0.49,3.16,87,-14.843928781305506,-5.698050397770282
2024-11-22,0.2,80,999.3,0.7,0.49,3.86,71,-9.87588409757226,-0.6905890900668432
2024-11-23,1.2,75,1017.4,0.0,0.0,4.74,61,-13.742780568267296,-2.6713259352716245
2024-11-24,5.4,72,1019.1,3.8,0.0,1.65,98,-1.4380582521807384,-11.7120445893676
2024-11-25,8.9,65,1016.4,0.0,0.0,4.83,59,4.993494092554766,-13.719512263474261
2024-11-26,5.7,90,1017.5,3.2,0.0,0.85,51,-8.179025821322417,-3.9891774357806074
2024-11-27,4.2,92,1022.8,0.0,0.0,4.64,18,-1.838606406557473,-7.3742475196975725
2024-11-28,6.2,84,1013.7,6.1,0.0,2.06,95,-15.8537776137222,-12.838135977416691
2024-11-29,5.0,89,1027.2,3.9,0.0,0.8,98,-7.65238647341002,14.39204576360051
2024-11-30,3.3,89,1035.3,0.0,0.0,2.58,60,5.177708763999664,-3.7618256146718276
2024-12-01,0.9,91,1028.7,0.0,0.0,4.41,11,5.970137163813616,-6.867857180027225
2024-12-02,1.6,87,1020.0,0.0,0.0,4.38,32,1.4119865657864328,-7.264041157512714
2024-12-03,3.4,93,1016.7,7.5,0.0,0.77,94,-2.394141003279681,-6.5778483455013586
2024-12-04,2.7,92,1022.6,0.2,0.0,1.54,88,-6.690817882855645,-0.35065090682772687
2024-12-05,0.8,92,1025.5,1.1,0.21,1.77,53,-2.0705523608201664,-7.7274066103125465
2024-12-06,1.5,86,1009.7,5.4,1.75,0.75,94,7.056021626267745,-11.743192019618936
2024-12-07,3.5,94,1009.8,0.1,0.0,1.49,93,1.048076353284269,-8.535896904115368
2024-12-08,2.2,92,1011.0,0.0,0.0,3.56,79,9.718109116131874,-1.8890090542277935
2024-12-09,2.3,92,1020.5,1.8,0.0,0.66,100,6.430718389913589,9.53393208438298
2024-12-10,1.6,88,1028.3,0.1,0.0,1.12,100,7.427349730583326,8.248907562799076
2024-12-11,1.4,92,1029.2,0.2,0.0,0.94,100,-5.592252204272894,6.664586655135106
2024-12-12,1.3,88,1031.5,0.0,0.0,1.0,100,-6.5934482789939235,3.3595296980726452
2024-12-13,1.0,89,1033.3,0.0,0.0,1.42,80,3.1325344482028736,-6.1479450168997385
2024-12-14,0.8,77,1019.1,0.1,0.07,2.01,85,-9.11941329810546,-6.151121938178212
2024-12-15,3.6,86,1018.2,4.0,0.14,0.81,100,-21.680577319028362,2.278720499234835
2024-12-16,8.9,83,1021.3,3.5,0.0,0.68,100,-26.783674164111765,0.9353065116270344
2024-12-17,8.7,78,1023.6,0.3,0.0,1.1,89,-21.270809090272422,1.114755867974706
2024-12-18,7.7,76,1019.1,0.1,0.0,3.0,79,-7.970566360113087,-9.498951094675327
2024-12-19,9.3,73,1004.1,1.0,0.0,2.3,100,-7.135967754345541,-13.420803411455688
2024-12-20,5.4,77,1009.4,1.5,0.0,3.01,61,-19.46513725460273,4.137442647273413
2024-12-21,3.1,77,1017.3,0.0,0.0,3.18,74,-10.92172942406179,-7.935100905948389
2024-12-22,5.7,81,1000.7,2.4,0.0,1.0,99,-8.332977235729915,-12.831659689564988
2024-12-23,2.0,88,1006.9,0.6,0.0,2.68,76,-9.676371287520293,-0.676637795318018
2024-12-24,3.5,89,1021.8,0.4,0.0,0.89,100,-9.320353859692506,3.028366544874483
2024-12-25,2.2,87,1036.2,0.1,0.0,3.59,56,-3.1740403623793547,-4.368691769624717
2024-12-26,-1.1,89,1039.5,0.0,0.0,3.87,0,3.715724127386971,-3.345653031794291
2024-12-27,-1.2,86,1036.9,0.0,0.0,2.57,68,3.0310889132455356,-1.7499999999999991
2024-12-28,1.5,79,1031.4,0.0,0.0,1.23,100,1.9917155521093428,-1.6712477851850025
2024-12-29,0.2,85,1027.7,0.0,0.0,3.95,61,-6.618630029195218,-2.2789770812000967
2024-12-30,-0.1,84,1028.7,0.0,0.0,3.51,57,-11.13864522812466,-1.1707187885977175
2024-12-31,-0.3,79,1026.6,0.0,0.0,4.21,28,-4.737615433949868,-4.73761543394987
2025-01-01,4.0,58,1017.7,0.0,0.0,3.02,78,-15.839016147495116,-12.374795654045728
2025-01-02,5.0,69,1008.7,1.9,0.0,0.6,91,-17.21412294494228,-5.593207598186551
2025-01-03,1.0,80,1011.4,1.0,0.63,2.1,76,-20.17231660204239,-1.057186316107475
2025-01-04,-1.2,81,1018.6,2.4,1.68,2.1,74,-13.367358273481646,0.9347367481712779
2025-01-05,-2.9,81,1011.3,3.4,2.1,2.53,95,7.277422209630291,-6.106482292022124
2025-01-06,5.1,84,998.1,0.6,0.0,2.49,100,-2.0492914920270224,-12.938717261796304
2025-01-07,5.8,75,1002.8,0.0,0.0,0.93,87,-10.194990335007368,-12.589764575602926
2025-01-08,2.9,76,1005.6,0.3,0.0,2.8,64,-11.518744794899613,-10.3715243985623
2025-01-09,6.2,81,1000.7,3.0,0.0,3.86,79,1.9839278146187122e-15,-16.2
2025-01-10,2.2,78,1009.1,4.5,2.1,2.13,100,-23.88544076575639,0.8340979711897806
2025-01-11,-0.2,85,1013.2,3.9,2.66,1.43,95,-23.469353229175216,3.2984024927535516
2025-01-12,-0.3,86,1026.1,2.2,1.54,1.33,100,-17.960177275123836,13.048832600892899
2025-01-13,-1.6,88,1041.0,0.0,0.0,2.33,76,-7.95890861142789,6.218180900789151
2025-01-14,-1.9,79,1033.8,1.1,0.35,4.41,67,-5.670312121335779,-4.272886664379542
2025-01-15,1.4,96,1027.9,1.9,0.35,1.42,100,-11.05745817905725,6.643991166339699
2025-01-16,1.2,96,1037.6,0.0,0.0,1.96,86,-6.284653516636892,-0.4394657845879911
2025-01-17,0.0,92,1039.0,0.0,0.0,4.83,26,-4.44393730531679,-1.5301703259486363
2025-01-18,-0.2,87,1034.9,0.0,0.0,5.24,14,-3.0430442686877583,-0.5915078856672883
2025-01-19,-0.2,87,1028.6,0.0,0.0,5.34,5,6.5622899624365605,-2.1322172611871366
2025-01-20,1.8,77,1022.5,0.0,0.0,5.37,40,6.167339832288407,-7.616030422278316
2025-01-21,-0.6,87,1019.7,0.0,0.0,2.45,95,-2.2026213686744316,-2.7200108650993977
2025-01-22,-0.3,92,1015.7,0.0,0.0,5.67,37,4.905612271448019,-4.264383688438296
2025-01-23,1.2,84,1008.9,1.1,0.0,2.57,78,-0.5095326518565131,-14.591106074478798
2025-01-24,3.3,79,1013.8,0.1,0.0,4.73,85,-2.2246550917500265,-10.46617932785172
2025-01-25,7.0,71,1011.7,0.7,0.0,3.01,98,2.5644420195200635,-11.10781873855168
2025-01-26,6.4,83,1009.7,0.3,0.0,3.0,79,-3.002300923189241,-11.204739584953192
2025-01-27,5.6,82,1005.6,1.1,0.0,2.9,82,4.794964395723677,-11.867953338454878
2025-01-28,6.9,91,1000.4,2.3,0.0,4.18,84,5.424171163666244,-8.041664453783904
2025-01-29,6.4,80,1006.6,0.1,0.0,4.92,48,-8.108297100325826,-12.021044802048106
2025-01-30,4.8,84,1016.7,0.0,0.0,5.93,57,0.9383939442196361,-7.642605367638179
2025-01-31,2.9,82,1023.1,1.8,0.0,3.26,68,-12.392446255036788,0.4327537591110159
2025-02-01,2.6,77,1031.8,0.0,0.0,3.57,90,-9.420364620195524,2.701246087006594
2025-02-02,1.7,79,1027.5,0.1,0.07,3.28,96,-5.889763100685983,1.1448539722592708
2025-02-03,0.8,82,1029.3,0.0,0.0,4.3,61,-4.134452612976168,2.0165072752297557
2025-02-04,-0.5,74,1030.7,0.0,0.0,7.43,3,2.3004106576508647,-4.326443205008743
2025-02-05,0.1,78,1034.5,0.0,0.0,6.86,53,-7.748717539926775,2.9744539812259934
2025-02-06,2.0,93,1040.3,0.7,0.0,1.79,100,-4.057135312710712,8.70055475555184
2025-02-07,1.1,85,1037.7,0.5,0.0,2.4,98,12.4,7.59281015471359e-16
2025-02-08,2.5,66,1032.0,0.0,0.0,6.9,80,14.359875713858068,-6.095405604432671
2025-02-09,2.2,66,1031.1,0.0,0.0,7.2,26,8.898061058361753,-4.339874353211868
2025-02-10,0.3,69,1031.8,0.0,0.0,7.18,24,8.688076952364792,0.45532281931361246
2025-02-11,-1.4,61,1031.9,0.0,0.0,8.9,0,12.928784639787553,-1.3588700224794963
2025-02-12,-0.7,62,1024.7,0.2,0.14,3.78,76,11.10910347223756,-7.493184906508006
2025-02-13,1.0,83,1016.9,3.6,2.1,2.86,100,4.697220389154274,-6.96391560946235
2025-02-14,-1.5,87,1021.4,0.6,0.35,3.2,90,-9.289310318467432,8.364132579485723
2025-02-15,-4.0,82,1025.7,0.0,0.0,8.28,59,-4.886401628086723,1.7785047452934788
2025-02-16,-3.9,84,1024.3,0.3,0.21,7.11,58,-0.89680227826976,4.613647762204021
2025-02-17,-6.4,79,1027.5,0.0,0.0,8.59,55,-0.5806125494392028,2.3287097430623915
2025-02-18,-6.2,75,1030.1,0.0,0.0,10.18,3,-6.014032773029814,2.1889289172842816
2025-02-19,-3.7,66,1033.5,0.0,0.0,10.24,4,2.2874839470631136,3.5224163853707813
2025-02-20,-1.8,54,1032.3,0.0,0.0,10.66,32,7.958908611427892,-6.218180900789148
2025-02-21,1.1,57,1029.8,0.0,0.0,8.36,69,7.823595300976626,-10.382261630614808
2025-02-22,2.8,55,1025.7,0.0,0.0,10.67,1,5.9926745965620185,-11.761286119286455
2025-02-23,4.3,72,1027.2,0.2,0.0,5.62,84,-8.464402995026866,-2.7502512499370333
2025-02-24,6.0,84,1026.4,0.0,0.0,10.36,39,-0.932459776432439,-6.634796060568521
2025-02-25,5.0,83,1017.8,0.0,0.0,6.93,82,3.7681211478382393,-7.3953541507634535
2025-02-26,6.0,85,1015.1,1.7,0.0,6.16,99,-1.6871329075789874,-7.307775485889264
2025-02-27,5.6,85,1017.8,0.4,0.0,5.74,82,-5.7435547987011075,-0.8072039855683818
2025-02-28,4.0,84,1020.5,1.8,0.0,7.07,65,-9.755850845519591,2.614072355535455
2025-03-01,2.6,85,1027.2,2.0,0.0,3.88,85,-10.855015630802255,6.78296658218502
2025-03-02,2.3,81,1032.0,0.0,0.0,5.71,90,-11.419478116661788,5.324990097932815
2025-03-03,4.9,71,1029.0,0.0,0.0,7.75,81,-12.081270438647158,1.6979118317127986
2025-03-04,4.1,64,1026.8,0.0,0.0,13.01,58,-9.3,-1.7083822848105578e-15
2025-03-05,4.7,64,1025.3,0.0,0.0,13.41,0,-4.856211760724099,-2.582093595322399
2025-03-06,6.4,65,1022.5,0.0,0.0,13.29,0,0.9672895336786204,-4.189791278576511
2025-03-07,6.5,70,1020.8,0.0,0.0,13.39,6,2.0398044800469326,-0.8241345055150067
2025-03-08,6.4,70,1016.8,0.0,0.0,13.72,17,6.040635219323579,-0.8489559158563986
2025-03-09,9.8,58,1009.6,0.0,0.0,12.76,71,10.371724338495559,-6.231960706411656
2025-03-10,10.0,62,1000.7,0.0,0.0,11.7,81,3.7282468362817984,-5.324488287878447
2025-03-11,9.3,74,1000.6,0.0,0.0,9.22,87,-6.885394242933854,-2.1050762740037072
2025-03-12,8.2,81,998.4,1.6,0.0,12.28,81,4.044573208346251,-1.9726701605508488
2025-03-13,3.6,99,995.4,21.0,4.97,1.61,100,-10.315647985728718,6.699060130684828
2025-03-14,1.6,92,1007.0,0.8,0.0,5.42,87,5.833459011374516,1.7834673988086942
2025-03-15,3.0,73,1017.3,0.0,0.0,12.49,81,11.322209697465016,4.805992880418067
2025-03-16,2.1,68,1018.4,0.0,0.0,15.78,25,0.6062650869523901,5.768226993135985
2025-03-17,1.3,65,1024.7,1.3,0.56,14.3,53,0.7955065348927463,15.179168928269522
2025-03-18,0.2,59,1032.1,0.0,0.0,16.08,0,-5.756767679519667,0.7068421917498565
2025-03-19,2.3,59,1030.3,0.0,0.0,16.53,0,0.6123616442242875,-4.35717950246291
2025-03-20,5.3,62,1026.6,0.0,0.0,16.6,0,0.6271707796059224,-5.967131372209639
2025-03-21,7.0,66,1022.5,0.0,0.0,16.03,21,6.550804600832725,-0.8043376664739725
2025-03-22,8.5,54,1016.4,0.0,0.0,16.8,4,13.497943884611281,0.23560748690332858
2025-03-23,8.2,73,1009.1,0.7,0.0,7.9,85,12.477377666143786,-1.7535810720968235
2025-03-24,8.7,89,1011.4,0.9,0.0,5.14,96,-4.584745245029384,4.747642682235095
2025-03-25,8.1,79,1017.4,0.0,0.0,15.29,41,1.53909064496551,-4.228616793536587
2025-03-26,7.5,88,1018.3,1.5,0.0,8.51,86,-9.25757867688142,4.515222811927497
2025-03-27,8.0,76,1020.6,0.1,0.0,11.94,65,-1.68713290757899,7.307775485889263
2025-03-28,7.6,75,1015.7,0.0,0.0,17.92,14,8.56727440358901,-0.7495393876298608
2025-03-29,10.8,74,1009.9,0.0,0.0,13.14,94,1.934579067357239,8.379582557153023
2025-03-30,9.1,68,1011.3,0.7,0.0,11.5,88,-12.509977715062504,4.802130523907025
2025-03-31,7.4,80,1015.5,0.7,0.0,9.36,72,-8.621689357382778,10.646899671960496
2025-04-01,7.3,78,1025.1,0.0,0.0,10.07,63,0.8928828639248039,12.768819843325751
2025-04-02,10.3,68,1025.2,0.0,0.0,17.85,54,3.7082039324993685,11.412678195541842
2025-04-03,10.4,69,1026.0,0.0,0.0,18.79,0,2.5309490606099487,6.953725393815723
2025-04-04,11.8,75,1020.9,0.0,0.0,18.98,9,-3.3581403580234683,0.5318771811367843
2025-04-05,6.5,61,1015.1,0.2,0.0,14.07,62,-1.4206386067868306,16.237973578895453
2025-04-06,1.2,58,1022.6,0.3,0.21,9.44,59,-4.7685262556340815,16.629827339732916
2025-04-07,4.0,71,1023.1,1.2,0.0,11.09,93,-5.087224936638768,8.141261723101687
2025-04-08,5.8,68,1025.5,0.1,0.0,19.57,41,-3.151973342624466,9.700776466210565
2025-04-09,6.0,62,1021.6,0.0,0.0,17.2,56,-8.089146416692504,3.9453403211016966
2025-04-10,7.1,57,1021.2,0.8,0.0,16.98,90,-8.387893552061199,12.435563588325628
2025-04-11,8.5,70,1014.5,0.2,0.0,7.2,91,-18.335398544503008,8.942771394497179
2025-04-12,11.6,72,1015.8,0.0,0.0,14.56,75,2.1352575824707,-5.284947971030688
2025-04-13,13.7,65,1009.6,0.3,0.0,19.53,62,4.085394624816423,-10.6428168620681
2025-04-14,16.1,70,1010.6,2.4,0.0,15.36,91,-1.7560029527719723,-4.574544089836289
2025-04-15,14.1,78,1007.8,2.9,0.0,8.63,94,12.026897756967955,-10.091765472078668
2025-04-16,18.4,70,1009.4,0.0,0.0,20.75,32,5.897787226890072,-7.826627998463471
2025-04-17,21.0,49,1009.6,0.0,0.0,20.55,68,8.290244506212366,-14.95599699208367
2025-04-18,17.9,70,1008.5,1.5,0.0,13.47,86,5.409513750280954,-11.60073967406912
2025-04-19,13.2,68,1011.0,0.2,0.0,13.43,78,-5.563691432605148,-7.94577482960322
2025-04-20,15.3,67,1007.7,0.0,0.0,21.74,19,4.557305672405562,-7.2932136269452625
2025-04-21,15.8,72,1009.4,0.0,0.0,20.29,80,-4.985332330694555,2.763414835404123
2025-04-22,15.2,74,1015.7,6.1,0.0,21.5,51,-7.6000865053248345,1.7546182238821464
2025-04-23,14.5,75,1016.5,0.4,0.0,19.39,50,-0.1361080371397532,3.8976242253744733
2025-04-24,14.4,83,1013.0,4.5,0.0,16.73,93,5.789747597658503,7.149742845404131
2025-04-25,10.6,84,1016.5,9.0,0.0,5.09,93,3.5961719680896627,11.762548498345337
2025-04-26,8.5,64,1024.5,0.0,0.0,24.26,0,6.095202647831141,9.036509540849956
2025-04-27,8.9,57,1028.8,0.0,0.0,24.56,0,10.797899017924303,2.098898949141994
2025-04-28,11.3,61,1027.2,0.0,0.0,24.71,0,4.45048250192058,-1.798111648396378
2025-04-29,13.9,63,1024.2,0.0,0.0,22.84,66,-6.969553002478413,1.3547438671734702
2025-04-30,15.0,67,1023.0,0.0,0.0,23.49,56,-4.1616110226734095,3.7471313956096033
2025-05-01,15.2,66,1022.0,0.0,0.0,23.5,29,2.506871677777503,2.987573328164014
2025-05-02,18.1,59,1015.7,0.1,0.0,22.69,37,-7.053423027509677,-9.70820393249937
2025-05-03,17.3,76,1008.9,7.7,0.0,21.24,53,-7.277217947069974,-1.8144142169975084
2025-05-04,12.9,68,1006.9,0.3,0.0,20.73,62,-16.785824836955054,3.262833820938922
2025-05-05,8.5,65,1015.5,0.0,0.0,17.97,84,3.58459713474939,11.03225558902378
2025-05-06,9.2,56,1017.0,0.0,0.0,17.89,90,2.2573329459494134,6.201971297186995
2025-05-07,9.6,60,1018.5,0.0,0.0,21.68,43,5.446390350150271,8.386705679454241
2025-05-08,8.5,53,1019.1,0.0,0.0,24.48,71,5.500854253651774,8.470572736248783
2025-05-09,9.1,54,1020.7,0.0,0.0,16.35,51,-2.148749819417234,6.240422598955491
2025-05-10,11.0,68,1019.6,2.5,0.0,10.24,96,-9.977307799305876,5.305028659480562
2025-05-11,9.6,61,1019.9,0.0,0.0,21.5,46,5.496649548605027,0.19194723186375595
2025-05-12,10.1,58,1018.6,0.0,0.0,19.01,45,7.3742475196975725,1.8386064065574743
2025-05-13,11.7,54,1019.5,0.0,0.0,23.72,40,2.7812056045142928,4.628703423791407
2025-05-14,14.7,51,1012.9,0.0,0.0,20.51,87,-12.11313536205016,2.1358725853032388
2025-05-15,8.0,75,1011.3,5.8,0.0,17.16,78,-6.650000000000007,11.518137870333032
2025-05-16,9.4,78,1012.4,7.8,0.0,19.2,78,-14.518687138513968,8.0478396960892
2025-05-17,8.2,86,1009.5,9.2,0.0,8.16,93,-16.87474615311553,6.817840000169597
2025-05-18,7.3,90,1010.0,10.2,0.0,9.15,91,-18.648476901203384,5.347364702849788
2025-05-19,9.2,94,1014.6,3.8,0.0,4.57,100,-9.829824531467901,6.882917236212553
2025-05-20,14.1,79,1016.6,0.1,0.0,23.56,47,-7.19561395453749,0.25127637625800925
2025-05-21,15.0,81,1011.0,7.1,0.0,20.85,51,-4.028302881896447,-3.8900868745703843
2025-05-22,11.7,83,1008.6,6.4,0.0,9.87,87,-8.296582060999157,1.3140495063379378
2025-05-23,10.0,63,1014.3,0.1,0.0,23.48,36,-9.7,-1.7818610927593987e-15
2025-05-24,10.3,67,1017.3,0.1,0.0,24.16,16,-8.691657397237213,1.37662329235403
2025-05-25,13.2,68,1014.5,0.3,0.0,24.88,39,-0.7735106281806359,-7.359462025725223
2025-05-26,14.4,84,1013.8,5.7,0.0,14.62,69,-8.84482560154493,2.8738580476870093
2025-05-27,14.4,75,1018.5,0.7,0.0,24.12,39,-4.070630861550844,-2.543612468319384
2025-05-28,14.7,80,1013.4,4.4,0.0,15.47,84,-8.983110184488336,-2.407017119453442
2025-05-29,14.3,71,1016.7,0.0,0.0,20.36,69,-13.317381735953598,10.404678933003629
2025-05-30,15.6,81,1019.3,3.5,0.0,12.53,71,-8.184708544195976,-1.8895888564884682
2025-05-31,19.2,79,1018.6,3.6,0.0,22.85,60,-6.499731169880572,-1.14607797260174
2025-06-01,19.4,83,1015.3,13.6,0.0,20.03,83,1.767249371950954,-8.314254606237348
2025-06-02,18.4,82,1014.8,0.9,0.0,17.65,91,-6.595979458326032,0.23033667823650844
2025-06-03,18.6,76,1014.9,0.4,0.0,21.46,53,-5.932040705574501,-2.8932495688079127
2025-06-04,20.8,76,1011.8,1.5,0.0,24.58,53,2.4192189559966772,-9.702957262759965
2025-06-05,20.2,77,1011.5,5.0,0.0,23.05,68,-8.962372094373135,-3.440332315634887
2025-06-06,20.0,72,1012.0,0.7,0.0,22.93,79,-7.080106966245069,-9.062123666477303
2025-06-07,18.2,82,1012.3,5.7,0.0,10.75,88,-3.693817547917222,-10.148680304487812
2025-06-08,16.4,78,1011.1,2.2,0.0,16.8,59,-11.221700885282958,-10.836670579160357
2025-06-09,13.6,70,1020.8,0.5,0.0,23.64,34,-17.889095803641812,0.6247009909747729
2025-06-10,15.1,73,1018.6,6.1,0.0,19.66,79,-1.5975632345357602,-9.060231327712312
2025-06-11,14.9,76,1017.4,10.2,0.0,22.11,49,-15.60105649738873,5.371874548543079
2025-06-12,15.1,67,1023.2,0.0,0.0,29.08,23,-2.542346798541463,4.989636535454859
2025-06-13,15.6,64,1027.2,0.0,0.0,28.68,8,6.694133291741248,2.0466019330591574
2025-06-14,17.9,67,1024.6,0.0,0.0,28.72,4,7.165878439167947,-1.392905666248777
2025-06-15,20.8,59,1018.4,0.0,0.0,28.61,17,7.799636281892444,-5.0651430256397525
2025-06-16,17.9,85,1020.0,8.2,0.0,7.19,89,-13.413355248142418,6.254750273762355
2025-06-17,18.5,68,1024.2,0.0,0.0,26.2,63,-7.8808311744383905,4.550000000000001
2025-06-18,21.0,65,1020.7,0.0,0.0,26.1,77,-9.486980580168451,-0.4971915843079709
2025-06-19,19.1,60,1020.1,0.1,0.0,24.17,40,-10.188579333007425,8.856796891371845
2025-06-20,16.2,56,1024.3,0.0,0.0,24.24,42,-5.3919264466487675,8.302838622659698
2025-06-21,17.6,60,1024.0,0.0,0.0,29.03,9,-2.888712111129832,-3.8334504482270053
2025-06-22,21.7,55,1018.8,0.0,0.0,27.84,33,-3.9969397155888164,-5.501315561749642
2025-06-23,22.3,59,1009.6,2.6,0.0,22.5,86,-9.558895325920739,-7.740640809913006
2025-06-24,17.7,60,1012.0,0.0,0.0,20.35,53,-16.237973578895453,1.4206386067868237
2025-06-25,21.3,63,1010.8,0.8,0.0,24.81,33,-16.090192315007442,0.5618818969102707
2025-06-26,22.1,71,1013.5,0.0,0.0,25.79,62,4.2359255052211475,-3.814044456245492
2025-06-27,20.6,71,1017.1,1.3,0.0,19.68,60,-16.80710937742979,4.503451384783853
2025-06-28,19.6,69,1022.2,0.0,0.0,22.13,56,-11.492994510719601,-0.40134421207875876
2025-06-29,23.4,67,1019.5,0.9,0.0,23.94,45,-11.566613466451944,6.150077472495164
2025-06-30,19.6,57,1020.4,0.0,0.0,28.8,20,-5.716922631501605,9.514557037793445
2025-07-01,19.0,66,1020.6,0.0,0.0,28.8,1,5.56256983501124,-2.9576708455511125
2025-07-02,22.2,62,1018.0,0.0,0.0,28.93,0,6.635131558740833,-4.645969134443473
2025-07-03,23.1,61,1017.5,0.1,0.0,24.49,19,-8.510516138952596,6.649143933517112
2025-07-04,19.2,61,1024.2,0.0,0.0,24.71,34,-1.6421426967102168,7.112901472932216
2025-07-05,20.2,60,1017.9,0.0,0.0,25.12,54,-0.758254961904624,-8.666893873398186
2025-07-06,22.9,52,1008.6,0.0,0.0,25.05,84,-5.863696345223746,-1.681387870483693
2025-07-07,18.2,85,1003.4,9.1,0.0,10.66,80,-3.11243514220245,-6.381437728724085
2025-07-08,15.8,87,1006.5,7.8,0.0,6.7,93,-9.600273767863657,5.7684264389926065
2025-07-09,16.5,75,1012.6,1.1,0.0,16.63,100,-12.614941482050474,8.83307711980611
2025-07-10,17.3,73,1015.7,0.7,0.0,21.72,91,-11.69799849345297,10.168914949352859
2025-07-11,15.8,80,1013.5,6.2,0.0,14.82,83,-13.716146733304772,3.675230440455788
2025-07-12,15.7,89,1010.8,9.1,0.0,7.21,100,-8.962719984492042,-7.520615033332511
2025-07-13,18.6,81,1012.1,3.9,0.0,22.3,83,2.966563145999496,-9.130142556433473
2025-07-14,20.5,76,1013.3,0.6,0.0,24.05,40,-6.334974456515423,-2.1813066348629495
2025-07-15,20.2,77,1014.4,2.0,0.0,19.75,51,-10.285884207972112,0.5390603493023227
2025-07-16,17.7,75,1012.8,0.4,0.0,22.56,40,-10.559663799772503,0.9238508731251736
2025-07-17,16.1,87,1012.1,7.5,0.0,14.82,82,-8.198751100282408,0.14310973278572164
2025-07-18,18.2,78,1012.7,0.4,0.0,22.33,68,4.303849443228746,-0.9148114395981412
2025-07-19,20.1,73,1011.3,0.0,0.0,21.63,51,-5.1058003082363115,1.758068034068644
2025-07-20,22.3,72,1008.0,0.2,0.0,25.38,21,-3.616017032810471,1.4609657143220567
2025-07-21,23.8,70,1004.7,2.7,0.0,24.5,61,5.233122540268097,-6.698091405657136
2025-07-22,19.7,72,1007.6,4.3,0.0,23.69,45,-14.754994224249398,-2.0736792043049808
2025-07-23,19.8,72,1010.8,0.9,0.0,22.78,33,-8.734895390411188,-5.458168421602012
2025-07-24,20.8,66,1011.6,0.0,0.0,22.39,67,-8.279781617156543,0.5789787320762394
2025-07-25,20.8,78,1013.8,3.1,0.0,21.2,65,-7.3860581475915605,1.3023613325019747
2025-07-26,20.4,81,1013.3,1.6,0.0,19.0,73,-4.3955954942363995,5.056554187492572
2025-07-27,18.8,87,1009.6,8.8,0.0,10.4,100,-6.4996022500421216,8.625263508510763
2025-07-28,17.9,86,1006.4,7.5,0.0,7.96,96,-11.107644425225184,9.320420340454818
2025-07-29,18.0,69,1012.1,0.1,0.0,22.55,40,-13.611827318874756,6.0603759818294165
2025-07-30,17.5,69,1014.7,0.5,0.0,22.4,36,-7.295553037239399,-0.25476632592825554
2025-07-31,17.2,75,1013.9,6.4,0.0,19.97,65,-7.363546620915372,-2.251262126365076
2025-08-01,17.0,82,1010.6,2.5,0.0,12.51,65,-5.182866329025006,-5.9622056837599
2025-08-02,18.3,80,1011.0,1.5,0.0,20.49,47,-2.797725461245094,-2.265553407779416
2025-08-03,17.0,86,1014.3,12.4,0.0,11.49,79,-9.697493321292152,4.522015400625485
2025-08-04,16.9,76,1018.1,0.1,0.0,13.26,53,-5.444722215136416,-5.444722215136418
2025-08-05,18.4,79,1016.7,9.1,0.0,19.32,51,-9.057642133810582,-5.882101578162292
2025-08-06,15.9,72,1022.4,0.1,0.0,21.89,12,-12.211616137351381,2.1532374030699315
2025-08-07,17.3,69,1021.4,0.0,0.0,23.41,60,4.248064179747043,-5.437274199886382
2025-08-08,19.5,68,1018.5,0.0,0.0,15.87,87,-6.229430856687094,-4.525946442652044
2025-08-09,21.5,63,1020.8,0.0,0.0,22.64,61,1.842276556936081,-3.3235548871297036
2025-08-10,21.1,64,1021.7,0.0,0.0,23.14,27,-9.546400533624382,6.935865977051181
2025-08-11,18.3,67,1025.8,0.0,0.0,23.97,6,-3.233246532964663,-2.1808523235359116
2025-08-12,19.8,65,1022.0,0.0,0.0,23.74,6,4.918678957707271,-3.0735317325525875
2025-08-13,22.5,60,1018.5,0.0,0.0,23.44,0,9.510565162951536,-3.0901699437494736
2025-08-14,24.6,61,1019.1,0.0,0.0,23.15,0,8.55288830016715,-0.8989447841018205
2025-08-15,25.2,61,1019.1,0.0,0.0,22.99,11,5.652149105594043,-3.957677410822219
2025-08-16,23.5,63,1017.3,0.0,0.0,22.06,36,-8.061017305526644,8.06101730552664
2025-08-17,19.3,56,1017.2,0.0,0.0,21.36,25,-7.571776238003074,7.840803823691295
2025-08-18,17.3,62,1020.1,0.0,0.0,14.61,62,0.5316500307607148,6.076787658359647
2025-08-19,18.3,67,1016.3,0.0,0.0,17.7,21,2.7577599952283207,-2.3140353948715418
2025-08-20,20.2,61,1009.0,0.0,0.0,19.81,16,-5.319587208487486,5.704558872629531
2025-08-21,18.7,56,1009.0,0.0,0.0,18.6,75,7.274613391789284,4.200000000000001
2025-08-22,17.2,52,1011.5,0.0,0.0,16.01,69,-10.648017759353797,8.934747774642895
2025-08-23,14.9,59,1013.4,4.3,0.0,16.53,67,-15.65036161174089,3.326587053084151
2025-08-24,14.1,58,1018.0,0.0,0.0,18.85,20,-14.323239952342957,3.306780498854814
2025-08-25,15.0,61,1017.4,0.0,0.0,15.66,47,-12.904933159470755,3.217561211475577
2025-08-26,15.3,64,1014.5,0.0,0.0,19.11,19,-5.192873580723784,0.27214697246330855
2025-08-27,18.3,67,1012.6,0.0,0.0,19.66,66,3.6769552621700474,-3.676955262170047
2025-08-28,23.1,61,1007.1,0.0,0.0,19.09,65,5.348127990826742,-10.965287364849837
2025-08-29,21.1,81,1004.3,1.8,0.0,14.86,69,-5.034563128398701,-6.217167691655766
2025-08-30,19.7,81,1007.3,5.5,0.0,13.27,93,-6.598010938676777,1.6450688900777384
2025-08-31,19.5,76,1012.9,0.1,0.0,16.18,48,-3.938667575030191,3.5463922137019463
2025-09-01,20.3,74,1010.9,0.0,0.0,16.41,21,5.880643059643228,-2.9963372982810084
2025-09-02,19.3,79,1009.5,1.5,0.0,14.18,66,-6.6995799596357655,-4.186362187442319
2025-09-03,18.8,76,1014.4,0.0,0.0,17.48,54,1.8635133376355613,-4.8546182177854496
2025-09-04,20.6,70,1015.1,0.0,0.0,19.1,5,5.824922359499622,-4.232053816505806
2025-09-05,20.0,71,1016.1,0.0,0.0,16.48,49,-10.699736299579536,2.079818049604342
2025-09-06,15.6,91,1023.3,24.0,0.0,5.58,73,-8.683011669463312,6.079910225321088
2025-09-07,14.8,85,1023.2,0.9,0.0,14.26,54,3.2572357426680267,1.9571446846582057
2025-09-08,15.9,87,1018.3,0.3,0.0,10.95,66,4.711810480548787,0.9158831778074156
2025-09-09,17.5,84,1015.1,0.0,0.0,14.74,56,5.7991166319070695,-0.10122395733624416
2025-09-10,18.8,81,1011.7,4.6,0.0,14.16,84,8.273435647318816,-5.793122007145566
2025-09-11,18.6,76,1008.5,14.8,0.0,17.32,49,-9.289310318467429,-8.364132579485727
2025-09-12,16.8,76,1017.6,0.5,0.0,13.6,35,-6.051751100639926,-5.078022116523662
2025-09-13,14.6,88,1021.0,0.6,0.0,10.66,90,3.0692566180754453,-4.073041101241194
2025-09-14,15.0,91,1014.9,1.4,0.0,6.54,85,-6.455774164843117,-1.3722171593972146
2025-09-15,16.3,80,1013.8,0.1,0.0,11.64,62,-3.2525207986405884,-11.342888012072164
2025-09-16,16.9,65,1014.1,0.0,0.0,15.19,62,-14.942554184650346,-3.725597192234884
2025-09-17,14.2,72,1018.9,4.3,0.0,14.26,36,-15.990253232305532,0.5583919472400205
2025-09-18,15.2,78,1021.8,0.3,0.0,6.49,74,-6.792386222004948,-5.904531260914565
2025-09-19,18.9,77,1024.3,0.0,0.0,15.47,22,-8.552888300167151,-0.8989447841018189
2025-09-20,20.6,74,1019.4,0.0,0.0,16.03,14,4.82208261467985,-9.886734509290838
2025-09-21,21.5,69,1013.0,0.0,0.0,15.74,10,1.5587387307527316,-11.091002369905587
2025-09-22,14.6,82,1016.4,3.0,0.0,3.49,90,-4.264942823388752,12.38629334035105
2025-09-23,12.6,73,1022.4,0.0,0.0,9.56,100,0.9627678129006652,7.841114597966444
2025-09-24,11.8,68,1025.5,0.0,0.0,14.71,45,14.343763197086089,7.950877772039928
2025-09-25,10.9,60,1025.9,0.5,0.0,11.44,75,17.865830729543795,2.1936481812926547
2025-09-26,12.3,62,1027.0,0.1,0.0,11.65,92,14.890923322584527,-0.5200025008672643
2025-09-27,12.6,68,1025.6,0.0,0.0,12.42,50,10.498400799142109,-0.1832502675914765
2025-09-28,11.4,70,1023.7,0.0,0.0,14.5,34,7.034300023848027,3.1318721516836616
2025-09-29,9.9,78,1024.0,0.2,0.0,10.66,36,7.662656108019963,3.9043182977601023
2025-09-30,8.4,82,1026.8,0.2,0.0,7.15,71,5.282967061559404,4.592413202933551
2025-10-01,9.1,85,1030.3,1.9,0.0,7.85,79,6.772276228582241,8.668118289673941
2025-10-02,7.7,80,1029.9,0.0,0.0,12.33,32,0.7146770905307969,8.168796524352313
2025-10-03,6.0,79,1026.0,0.0,0.0,10.34,28,2.7815515637003623,-1.1238197802477363
2025-10-04,7.0,78,1010.2,6.2,0.0,9.29,71,6.4878929724783445,-13.302151885227673
2025-10-05,10.7,75,1008.0,0.5,0.0,11.25,39,-13.866509141660748,-6.466059404632698
2025-10-06,10.4,87,1014.2,8.0,0.0,3.5,89,-15.7,-2.8840432119920166e-15
2025-10-07,11.9,82,1021.5,0.7,0.0,8.06,85,-7.7573345891032925,9.928935495444698
2025-10-08,10.3,96,1021.7,3.9,0.0,3.1,91,2.7499999999999996,-4.763139720814413
2025-10-09,12.7,92,1020.6,4.3,0.0,3.21,89,-9.353074360871938,5.400000000000001
2025-10-10,12.2,81,1024.5,2.0,0.0,5.5,99,-17.80193000768232,7.192446593585509
2025-10-11,13.4,82,1027.5,0.7,0.0,4.54,96,-17.24561969494225,6.967682637535963
2025-10-12,12.7,80,1025.6,1.2,0.0,5.03,100,-14.46643420666955,4.981192763194492
2025-10-13,9.9,84,1025.0,1.0,0.0,10.49,68,-4.193946776030599,6.217781794162814
2025-10-14,7.8,94,1023.1,4.7,0.0,1.45,100,-7.14047748535678,1.5177553429696438
2025-10-15,9.3,88,1024.8,0.0,0.0,4.42,96,-4.548022477124857,2.5210100252809537
2025-10-16,10.4,84,1022.0,1.4,0.0,3.83,88,-8.457233587073176,-3.078181289931017
2025-10-17,10.6,84,1019.6,0.8,0.0,5.74,81,-12.29250717233488,-0.42926380944075937
2025-10-18,7.6,75,1023.4,1.2,0.0,7.56,46,-14.662821592772952,10.267018210683723
2025-10-19,5.1,81,1024.4,0.0,0.0,10.08,5,5.0015402673047795,-5.17924656243829
2025-10-20,6.4,75,1013.5,0.0,0.0,10.31,10,10.957758056543291,-8.873417513802705
2025-10-21,9.9,71,1005.1,0.9,0.0,8.02,86,6.849999999999999,-11.864548031846809
2025-10-22,11.3,87,1003.5,2.9,0.0,4.04,86,3.337383539249433,-10.271410375987658
2025-10-23,12.7,87,995.6,3.0,0.0,5.27,91,4.195593846258217,-10.384459171148018
2025-10-24,10.2,76,998.0,5.7,0.0,4.96,77,-16.409611273576513,-1.7247196439162804
2025-10-25,8.2,71,1002.5,0.1,0.0,8.12,49,-9.267951356541545,-12.29898685472831
2025-10-26,8.8,76,999.7,10.5,0.0,7.25,71,-16.9372893035249,-7.189452764202638
2025-10-27,7.5,72,998.2,5.1,0.0,3.86,96,-15.51472814270823,-9.322189155871985
2025-10-28,8.8,80,1004.1,9.8,0.0,5.65,79,-20.938992820616917,-3.316410658852898
2025-10-29,10.3,76,1010.0,0.0,0.0,7.82,44,-10.382261630614806,-7.823595300976628
2025-10-30,10.0,75,1006.3,2.9,0.0,3.96,59,-14.591061276968738,-9.84179510108514
2025-10-31,8.0,74,1018.4,0.0,0.0,7.86,68,-6.4653599816533305,-5.821436275322065
2025-11-01,9.2,83,1016.4,0.0,0.0,7.58,79,5.223359245713651,-6.450311480092859
2025-11-02,11.2,94,1013.2,14.0,0.0,0.98,100,-4.657419486124783,-1.1612250988784054
2025-11-03,9.1,93,1017.2,10.0,0.0,2.09,71,-11.053067888292004,2.3494021062406816
2025-11-04,7.8,82,1025.0,0.0,0.0,7.2,32,-1.8541019662496838,-5.706339097770922
2025-11-05,7.6,86,1023.7,0.0,0.0,6.1,66,6.137985240562486,-6.582183314572534
2025-11-06,7.6,79,1018.4,0.0,0.0,7.31,4,8.787798269083442,-5.9274447767899145
2025-11-07,7.9,79,1016.0,0.0,0.0,7.1,8,8.264296828296628,-7.706581468706232
2025-11-08,7.1,86,1015.7,0.1,0.0,6.75,11,7.306253498344616,-3.722722097864283
2025-11-09,5.9,96,1016.3,0.1,0.0,2.59,87,-5.416442641567144,-0.9550649771681168
2025-11-10,7.2,97,1015.8,1.7,0.0,1.03,99,-4.024671452135421,0.7823168810438349
2025-11-11,7.7,93,1016.2,0.9,0.0,3.38,74,-6.881011852206848,-4.6413010988071965
2025-11-12,6.7,90,1019.2,0.0,0.0,5.4,65,1.337090968035363,-7.583019698194002
2025-11-13,9.0,71,1015.2,0.0,0.0,5.77,97,-2.1595301217011036,-9.353952621938259
2025-11-14,9.1,71,1012.3,0.0,0.0,4.49,89,-0.14136449214199745,-8.098766330766768
2025-11-15,6.1,88,1015.2,3.0,0.0,1.32,100,10.914961837066473,2.9246552096584844
2025-11-16,7.3,91,1008.2,7.4,0.0,3.77,87,-0.348994967025009,-9.993908270190957
2025-11-17,5.4,92,1005.2,3.5,0.0,0.78,100,-10.147913872139634,6.590132323681822
2025-11-18,3.2,81,1016.4,0.3,0.0,4.98,54,-13.49186621626725,-2.3789800340369456
2025-11-19,1.8,75,1012.0,0.0,0.0,5.77,46,-0.5495275405509075,-10.485610114923025
2025-11-20,3.0,78,1007.0,0.2,0.0,3.37,89,-5.235797121756265,-12.334765036262702
2025-11-21,0.4,78,1019.7,0.0,0.0,4.2,99,-8.315461787589587,6.733728184233261
2025-11-22,-2.0,85,1026.9,0.0,0.0,5.19,48,-6.093787568914635,5.486870972142634
2025-11-23,-3.6,88,1019.5,0.0,0.0,3.83,69,3.83022221559489,-3.2139380484326967
2025-11-24,-1.0,84,1004.2,2.1,1.47,1.47,92,6.194625512591297,-8.846842078321114
2025-11-25,0.7,95,1004.3,4.8,1.54,1.54,99,5.282967061559404,4.592413202933551
2025-11-26,0.4,96,1010.6,11.8,7.98,1.14,100,-9.840885434857611,11.32064370334158
2025-11-27,0.1,93,1021.6,2.4,0.98,3.01,81,-13.170565314262886,1.8510022427688708
2025-11-28,-3.8,91,1021.5,0.0,0.0,4.98,35,5.051654523226906,-5.811263767715345
2025-11-29,-2.5,95,1016.4,0.3,0.0,2.28,93,5.0159053651246746,-3.644268564213333
2025-11-30,-0.6,97,1015.2,0.0,0.0,2.56,95,7.9999215503613845,-6.954225707299376
2025-12-01,0.6,98,1019.7,0.2,0.0,1.12,100,-2.808572100435985,-4.494654909629058
2025-12-02,1.1,96,1019.2,0.0,0.0,2.64,92,6.309340799861506,-9.010672487178912
2025-12-03,2.0,92,1017.8,0.0,0.0,3.2,77,4.063603736288448,-9.57325047590538
2025-12-04,2.4,96,1014.5,0.0,0.0,1.65,91,7.919595949289333,-7.919595949289331
2025-12-05,3.7,97,1012.2,5.4,0.0,1.12,100,8.46864465176245,-3.594726382101319
2025-12-06,4.2,96,1014.2,0.0,0.0,2.34,100,3.254160615403386,-6.978569960182205
2025-12-07,4.6,90,1013.7,0.0,0.0,3.93,42,-1.063754362273569,-6.716280716046937
2025-12-08,6.9,92,1015.7,0.9,0.0,2.01,93,-1.7520660084505841,-11.062109414665542
2025-12-09,11.1,91,1016.8,1.9,0.0,1.9,100,-8.196675541373063,-6.8778274236459715
2025-12-10,9.7,88,1018.0,0.4,0.0,3.93,68,-6.788401835401989,-5.11542769679241
2025-12-11,9.3,88,1022.4,2.9,0.0,3.52,84,-11.4,-2.094146026541974e-15
2025-12-12,4.9,90,1024.5,0.0,0.0,4.15,34,-6.761480784023479,1.811733315717642
2025-12-13,2.1,95,1027.6,0.0,0.0,2.21,98,-5.54418646263686,-2.0179188456214447
2025-12-14,4.5,88,1027.2,0.1,0.0,2.35,96,-9.46607309763287,-2.5364266420047024
2025-12-15,1.7,91,1022.8,0.0,0.0,3.74,35,0.5853593942988609,-5.56932261406233
2025-12-16,-0.8,90,1020.9,0.0,0.0,2.58,77,2.86788218175523,-4.0957602214449595
2025-12-17,0.6,88,1019.7,0.0,0.0,2.61,61,-5.191130815307403,-3.911797650488314
2025-12-18,0.7,93,1025.0,0.0,0.0,3.79,2,2.3443867709356425,-5.523029120714642
2025-12-19,1.6,95,1023.5,0.0,0.0,3.61,21,2.348529157249601,-7.228029523843166
2025-12-20,1.4,97,1021.4,0.0,0.0,1.92,75,2.2499999999999996,-3.897114317029974
2025-12-21,4.1,97,1020.3,0.0,0.0,1.59,99,8.734406134443635,-1.072450221965297
2025-12-22,4.8,92,1019.9,0.0,0.0,1.55,100,11.88088766335554,-3.1834742547610064
2025-12-23,2.0,82,1023.0,0.0,0.0,0.78,97,11.138108726774528,4.727846654720212
2025-12-24,-2.2,78,1032.8,0.9,0.56,2.73,93,13.971827001444431,8.395120621033882
2025-12-25,-5.5,74,1037.8,0.0,0.0,1.85,83,9.38303923565381,1.4861274178821937
2025-12-26,-3.0,77,1034.1,0.0,0.0,3.7,81,-4.694574752607446,1.9927287552952946
2025-12-27,-0.9,88,1028.7,0.2,0.0,1.18,100,-13.553789912730295,3.8864867170196913
2025-12-28,0.1,86,1025.7,0.0,0.0,3.95,21,-15.480768816367302,8.58113027836017
2025-12-29,-0.0,92,1017.3,0.9,0.14,0.96,80,-16.661728107827525,3.8466630292800903
2025-12-30,-1.1,71,1017.0,0.1,0.07,3.68,30,-16.68954430211394,10.83831679679903
2025-12-31,-1.8,80,1015.2,3.1,2.1,3.24,60,-15.005298997692623,3.46424623689552
2026-01-01,1.0,87,1003.9,1.1,0.28,2.38,98,-14.127161485742832,-7.511545004574252
2026-01-02,1.5,72,993.8,0.6,0.42,3.35,78,-17.14254625993216,-9.502268556828202
2026-01-03,-0.3,68,998.7,1.1,0.77,3.33,63,-17.709211622225638,-7.154985934243926
2026-01-04,-1.3,71,1006.8,0.5,0.35,3.85,56,-13.862277207885153,-7.3707035357384845
2026-01-05,-3.7,75,1014.7,0.0,0.0,4.58,20,-1.6372815464473258,-5.355306633392998
2026-01-06,-4.6,72,1016.0,0.0,0.0,4.0,82,-4.198174594269099,2.327086177182419
2026-01-07,-3.6,79,1017.2,0.0,0.0,1.63,97,4.250073635671901,-1.138803798451092
2026-01-08,-7.2,84,1013.1,0.0,0.0,4.2,21,4.695108483522267,-0.9979761159252448
2026-01-09,-7.8,84,1006.6,0.0,0.0,2.43,92,9.547410195535424,-1.003473247369474
2026-01-10,-8.1,76,1008.4,0.0,0.0,3.68,80,-3.3859088063544296,9.833393186232895
2026-01-11,-4.5,80,1016.9,0.1,0.07,2.66,92,-20.435207746644178,8.674231052461872
2026-01-12,-6.1,72,1019.4,0.0,0.0,4.2,64,-10.242000631326963,-1.8059410477360756
2026-01-13,-1.1,91,1015.6,4.8,3.36,2.44,100,4.152523659749132,-5.510585019326322
2026-01-14,2.3,93,1015.7,0.5,0.0,2.02,100,-0.8301020375550908,-11.871012198091908
2026-01-15,1.7,97,1019.2,0.3,0.0,2.33,83,6.0104076400856545,-6.010407640085654
2026-01-16,0.9,97,1022.1,0.0,0.0,3.66,81,9.911739735896798,-6.940274879847658
2026-01-17,1.2,94,1028.2,0.0,0.0,4.13,51,10.870279595098088,-5.53868409682247
2026-01-18,-0.6,84,1032.0,0.0,0.0,5.29,13,10.911920087683928,-6.299999999999997
2026-01-19,-1.1,63,1031.0,0.0,0.0,5.67,0,8.131727983645296,-8.131727983645296
2026-01-20,-0.7,62,1026.6,0.0,0.0,5.77,2,5.2062290313702455,-11.69338185782529
2026-01-21,-0.4,56,1014.2,0.0,0.0,5.96,0,1.432836755002403e-15,-11.7
2026-01-22,-1.3,57,1004.5,0.0,0.0,5.89,2,6.841600689897066,-3.9499999999999984
2026-01-23,-2.5,67,1006.2,0.0,0.0,2.07,97,9.794030104787138,0.3420150676845106
2026-01-24,-1.8,84,1008.5,0.2,0.14,1.12,100,9.149601437388114,0.9616618620624118
2026-01-25,-0.0,88,1005.9,1.8,0.98,1.59,100,11.072960957884048,-0.7742968585597911
2026-01-26,3.0,88,998.6,2.2,0.0,5.04,75,5.155942793236534,-11.056955001847129
2026-01-27,0.4,90,1003.1,0.7,0.35,1.69,99,-3.5748714227020644,-2.894873798829254
2026-01-28,0.3,88,1000.6,0.0,0.0,2.07,100,8.388002132159805,4.459979846465963
2026-01-29,-0.8,84,1003.2,0.0,0.0,1.68,100,11.483039245915583,4.407925779407195
2026-01-30,-0.7,81,1006.4,0.0,0.0,2.08,100,14.321480938629497,2.2682997430833485
2026-01-31,-4.8,68,1012.5,0.0,0.0,2.98,95,15.313384061783557,2.976620327874101
2026-02-01,-7.5,59,1018.1,0.0,0.0,5.55,85,14.12221091422948,-1.4843041784006803
2026-02-02,-7.1,57,1015.3,0.0,0.0,2.28,99,13.34900895442939,-1.1678869528186204
2026-02-03,-6.4,61,1014.3,0.8,0.56,4.3,91,14.86370434887138,-1.0393714587874674
2026-02-04,-1.6,82,1008.6,1.1,0.42,3.92,100,10.485610114923025,0.5495275405509117
2026-02-05,0.0,92,1000.0,2.9,0.0,3.7,95,11.719212260845277,-2.0664133142364705
2026-02-06,1.5,96,996.3,0.0,0.0,3.76,96,8.635151519279502,-1.060263287624782
2026-02-07,1.1,99,1004.7,1.7,0.0,1.4,100,-0.23717201073002717,3.3917177708834023
2026-02-08,0.6,95,1011.1,0.8,0.14,1.32,100,2.6499999999999995,4.589934640057525
2026-02-09,-0.2,80,1013.8,0.0,0.0,4.39,94,11.629878479871598,-4.004488299823027
2026-02-10,1.0,90,1004.4,0.6,0.14,2.79,90,6.670796145128276,-8.23774719144389
2026-02-11,3.0,86,990.8,1.9,0.0,5.48,93,3.338765681822521,-12.46044315912898
2026-02-12,6.4,88,983.2,2.6,0.0,5.94,86,-1.7364817766693048,-9.84807753012208
2026-02-13,5.5,87,989.3,0.1,0.0,4.99,85,-15.590496901497893,0.54443214855902
2026-02-14,0.7,87,1004.7,0.0,0.0,2.01,100,-2.4266851491987187,7.937329474493194
2026-02-15,-2.1,67,1016.6,0.5,0.35,5.15,98,-2.406976281479359,10.425759693202016
2026-02-16,-4.0,73,1003.9,2.7,1.82,3.16,100,12.343209130110418,-7.416548278704782
2026-02-17,-1.3,92,1003.1,1.5,1.05,3.42,100,3.970184606565288,0.48747737362058996
2026-02-18,-0.5,92,1011.6,2.6,1.47,4.72,98,-5.704558872629528,5.319587208487489
2026-02-19,-4.6,80,1014.4,0.0,0.0,9.94,60,6.055948684411409,1.7365153416470946
2026-02-20,-5.3,76,1025.1,0.0,0.0,9.42,82,8.080268807104575,0.5650274373274143
2026-02-21,-0.4,84,1020.0,1.4,0.07,3.19,80,-5.539764440873513,-10.418781595735338
2026-02-22,4.7,94,1016.1,7.4,0.0,1.92,88,-10.031810730249347,-7.288537128426668
2026-02-23,8.3,83,1010.9,2.1,0.0,8.65,72,-16.58988772851699,0.5793316452615214
2026-02-24,5.3,87,1016.3,1.8,0.28,6.71,86,-12.769447724235176,7.078220455596524
2026-02-25,3.9,86,1025.5,0.0,0.0,4.96,81,-0.8571333987947579,8.15507954201984
2026-02-26,4.0,80,1026.1,0.0,0.0,10.82,36,6.6078641060232925,-8.160032595298194
2026-02-27,6.9,81,1022.3,0.0,0.0,10.3,50,2.6624950489664068,-5.709739058330895
2026-02-28,9.3,71,1020.7,0.0,0.0,11.74,5,1.8890090542277953,-9.718109116131874
2026-03-01,7.9,75,1024.7,1.1,0.0,9.13,63,-9.786569440594825,-0.5128923711808543
2026-03-02,4.8,77,1027.1,0.0,0.0,12.05,9,0.7352419856890856,-4.6421352007971475
2026-03-03,4.7,74,1027.6,0.0,0.0,12.23,2,2.880147736233119,-3.9641832724372423
2026-03-04,4.6,72,1027.4,0.0,0.0,12.21,3,-5.440021730198795,4.405242737348862
2026-03-05,3.2,71,1028.0,0.0,0.0,12.85,14,-1.397635003226673,3.640963663339086
2026-03-06,4.3,68,1026.8,0.0,0.0,13.36,17,7.842075582576495,-3.0102907761805224
2026-03-07,6.2,61,1027.4,0.0,0.0,13.39,6,7.59396739791272,-2.1775351109542926
2026-03-08,6.0,59,1029.5,0.0,0.0,12.99,67,9.897016408015164,-2.4676033351166113
2026-03-09,7.7,60,1026.0,0.0,0.0,13.77,11,8.776244419430046,-8.183980320749981
2026-03-10,9.9,59,1019.6,0.0,0.0,12.39,56,1.0975488643103641,-10.44247990136687
2026-03-11,10.7,63,1017.8,0.0,0.0,13.17,6,-1.6425023574603002,-7.727366045797065
2026-03-12,8.6,79,1020.5,1.3,0.0,5.57,66,-6.3261463217374105,-3.223332548150783
2026-03-13,9.9,71,1015.2,0.0,0.0,13.92,22,2.2574263096700937,-12.802500789158705
2026-03-14,12.4,57,1003.2,0.0,0.0,14.19,57,8.189105391069864,-13.628960081163585
2026-03-15,7.9,79,1011.6,0.0,0.0,6.66,100,-8.22142524711032,4.55721043031557
2026-03-16,6.5,81,1015.0,1.9,0.0,6.35,83,-7.380300997919734,-4.792823508132238
2026-03-17,5.4,77,1023.6,1.3,0.0,11.79,60,-4.141658965058853,8.88181631295917
2026-03-18,7.7,65,1029.4,0.0,0.0,15.24,21,8.652886410017484,4.600821315301731
2026-03-19,7.6,67,1025.9,0.0,0.0,14.33,45,1.7365153416470946,6.055948684411409
2026-03-20,6.8,67,1020.1,0.0,0.0,9.62,76,-1.7785047452934768,4.886401628086724
2026-03-21,7.4,70,1019.9,2.7,0.0,13.0,57,9.371786608437748,2.8652427062828205
2026-03-22,7.4,60,1020.4,0.1,0.0,13.14,46,8.794639277768043,-0.3071155709820084
2026-03-23,8.9,62,1017.9,0.0,0.0,13.26,54,-2.703812160545377,3.7214781741247576
2026-03-24,8.9,60,1018.8,0.0,0.0,13.48,96,-6.749218445063259,-1.4345906666425425
2026-03-25,11.0,57,1003.6,0.9,0.0,11.18,99,-8.846680840335111,-11.739941997695205
2026-03-26,6.4,65,1007.3,0.0,0.0,11.46,98,-8.087427752549756,11.55004382447478
2026-03-27,5.0,60,1018.5,0.0,0.0,14.25,67,-4.982267692431635,12.331545265738272
2026-03-28,4.5,63,1018.7,2.3,0.07,8.65,97,-5.536009744360391,8.207471968294914
2026-03-29,5.3,83,1021.7,5.8,0.0,5.77,97,-8.126731474298687,10.40174194760873
2026-03-30,5.4,70,1015.2,0.1,0.0,11.37,79,-9.242446222322297,-3.547842700498477
2026-03-31,5.4,76,1019.2,0.7,0.0,11.37,86,-8.244865817183062,10.94130648764791
