date,temperature_2m_max,temperature_2m_min,temperature_2m_mean,relative_humidity_2m_max,relative_humidity_2m_min,relative_humidity_2m_mean,windspeed_10m_max,windspeed_10m_mean,windgusts_10m_max,winddirection_10m_dominant,pressure_msl_mean,precipitation_sum,rain_sum,snowfall_sum,shortwave_radiation_sum,sunshine_duration,cloudcover_mean,et0_fao_evapotranspiration,blh_mean,blh_min,blh_max,dewpoint_2m_mean,dewpoint_2m_min,dewpoint_2m_max,cloudcover_low_mean,windspeed_10m_min,surface_pressure_mean
2020-01-01,4.3,-1.8,2.2,93,76,87,18.9,14.3,37.1,287,1032.9,0.0,0.0,0.0,2.75,27075.9,36,0.35,,,,0.18,-2.8,1.7,33.08,6.9,1018.65
2020-01-02,5.8,-4.6,-1.4,92,39,67,14.6,8.1,20.9,200,1028.8,0.0,0.0,0.0,4.44,28008.64,9,0.58,,,,-7.11,-9.2,-3.8,0.17,2.9,1014.42
2020-01-03,4.7,-4.2,0.4,88,62,79,22.9,14.4,41.8,225,1021.9,0.0,0.0,0.0,3.03,22386.72,42,0.53,,,,-2.93,-7.6,1.0,35.75,8.4,1007.77
2020-01-04,6.2,2.0,4.0,93,79,86,32.9,25.2,69.1,278,1018.1,3.6,3.6,0.0,1.63,5043.94,86,0.48,,,,1.92,-0.4,4.4,76.75,16.9,1004.14
2020-01-05,3.0,-3.7,0.1,93,70,83,27.6,18.0,60.5,302,1030.4,0.2,0.0,0.14,4.32,28256.28,14,0.53,,,,-2.4,-4.6,-1.0,9.12,7.6,1016.08
2020-01-06,3.0,-3.3,0.4,93,71,81,13.0,9.1,22.7,221,1030.4,0.4,0.0,0.28,1.17,5844.46,81,0.3,,,,-2.57,-5.2,-0.5,67.5,5.5,1016.13
2020-01-07,4.2,-3.5,0.8,92,71,85,18.4,9.6,36.0,248,1025.8,0.0,0.0,0.0,4.13,25405.37,48,0.4,,,,-1.58,-4.9,1.5,43.58,4.7,1011.57
2020-01-08,5.2,0.7,3.5,93,76,86,15.1,11.6,27.0,222,1026.6,1.2,1.2,0.0,1.21,2734.11,84,0.31,,,,1.38,-0.6,3.5,56.67,9.7,1012.51
2020-01-09,8.1,4.9,6.3,95,86,91,11.5,8.8,20.2,202,1020.9,4.4,4.4,0.0,1.35,1410.41,100,0.24,,,,4.99,4.0,6.0,58.33,6.3,1007.04
2020-01-10,8.9,5.5,7.3,89,69,80,20.9,13.8,40.3,232,1016.4,0.0,0.0,0.0,1.72,6925.47,73,0.61,,,,3.97,2.8,5.7,39.5,8.9,1002.61
2020-01-11,7.8,2.7,5.2,90,78,84,24.8,17.8,47.5,282,1028.1,0.3,0.3,0.0,0.69,0.0,97,0.48,,,,2.7,1.3,5.0,92.62,6.6,1014.1
2020-01-12,6.7,-0.1,2.7,93,64,79,16.7,11.8,31.7,211,1025.3,0.0,0.0,0.0,4.4,28800.0,84,0.67,,,,-0.68,-1.9,1.0,4.33,7.0,1011.22
2020-01-13,6.2,-0.9,3.6,93,70,79,17.9,12.8,32.0,228,1022.6,0.0,0.0,0.0,2.12,7116.01,70,0.61,,,,0.25,-2.0,1.9,55.08,7.2,1008.59
2020-01-14,6.9,-1.2,2.6,93,61,80,15.2,11.7,29.9,158,1018.5,0.0,0.0,0.0,3.87,28800.0,60,0.63,,,,-0.63,-2.5,2.2,17.54,5.4,1004.51
2020-01-15,9.2,2.8,5.4,69,44,55,16.4,13.0,31.3,180,1019.9,0.0,0.0,0.0,4.07,28800.0,59,1.36,,,,-2.99,-5.2,1.2,22.75,8.1,1005.98
2020-01-16,9.9,0.3,4.6,97,70,80,13.9,9.2,24.8,227,1028.5,0.0,0.0,0.0,4.82,26691.44,31,0.71,,,,1.32,-2.0,5.8,20.17,3.5,1014.45
2020-01-17,5.8,-0.2,1.8,95,77,89,19.8,13.0,35.6,143,1025.5,0.1,0.1,0.0,4.99,28800.0,27,0.47,,,,0.05,-1.7,2.5,19.96,8.0,1011.32
2020-01-18,4.8,0.9,3.0,93,79,87,13.5,10.3,25.2,245,1023.4,1.5,1.5,0.0,0.8,0.0,99,0.28,,,,1.01,-1.2,3.5,50.17,6.5,1009.29
2020-01-19,4.1,0.5,2.3,96,86,92,14.1,9.2,28.4,309,1031.8,0.4,0.4,0.0,1.94,0.0,98,0.25,,,,1.13,-0.2,2.7,57.29,3.5,1017.59
2020-01-20,3.8,-0.8,1.8,95,69,87,11.4,8.0,24.5,287,1044.9,0.0,0.0,0.0,2.51,11994.0,74,0.35,,,,-0.16,-2.2,1.8,71.04,4.4,1030.51
2020-01-21,5.8,-2.5,0.6,91,59,77,15.2,11.2,29.9,257,1041.0,0.0,0.0,0.0,5.48,28800.0,16,0.7,,,,-3.15,-5.6,-1.1,1.58,7.6,1026.56
2020-01-22,2.2,0.2,1.1,96,61,77,23.8,20.0,45.7,284,1031.4,0.0,0.0,0.0,1.13,3600.0,63,0.64,,,,-2.66,-6.4,1.5,60.12,14.5,1017.13
2020-01-23,4.6,-2.2,1.8,96,68,87,14.9,10.8,28.4,260,1033.5,0.0,0.0,0.0,3.93,25136.2,60,0.44,,,,-0.27,-3.5,1.4,58.0,6.3,1019.26
2020-01-24,4.1,-4.8,-1.5,92,56,80,12.0,8.7,23.8,223,1024.8,0.0,0.0,0.0,5.35,29026.01,18,0.56,,,,-4.66,-6.3,-3.2,14.5,5.8,1010.5
2020-01-25,2.5,-3.7,-1.4,91,68,83,12.6,8.6,26.6,265,1022.7,0.0,0.0,0.0,4.77,28800.0,33,0.45,,,,-4.02,-6.1,-2.0,24.79,4.6,1008.43
2020-01-26,2.9,-4.9,-2.3,93,61,85,8.7,4.7,14.0,170,1021.0,0.0,0.0,0.0,4.42,23827.57,87,0.42,,,,-4.65,-5.9,-2.7,10.46,2.8,1006.72
2020-01-27,8.8,-4.0,1.4,94,63,85,11.5,8.2,22.0,191,1014.9,0.0,0.0,0.0,5.01,21657.35,76,0.59,,,,-0.96,-4.8,2.2,8.29,4.8,1000.86
2020-01-28,7.3,1.0,3.3,91,69,82,27.4,17.8,61.2,196,1000.5,3.7,3.7,0.0,3.01,12968.37,93,0.64,,,,0.58,-1.4,2.5,14.42,13.8,986.77
2020-01-29,5.4,1.2,3.2,84,58,68,34.2,22.6,64.8,257,1002.2,0.5,0.3,0.14,4.13,15808.08,81,1.2,,,,-2.2,-4.4,0.5,26.04,13.6,988.43
2020-01-30,6.2,2.5,4.1,86,69,79,25.8,19.3,48.2,255,1009.9,2.9,2.9,0.0,1.56,0.0,97,0.71,,,,0.69,-1.9,2.8,61.71,11.5,996.02
2020-01-31,11.9,3.2,8.6,84,66,77,35.7,22.5,66.2,267,1004.0,2.4,2.4,0.0,2.98,12746.52,98,1.15,,,,4.7,0.6,7.0,45.12,10.0,990.5
2020-02-01,14.3,7.9,11.1,91,65,78,25.4,17.2,46.1,236,1005.3,4.7,4.7,0.0,5.16,27040.84,95,1.23,,,,7.29,5.3,8.9,55.62,11.1,991.9
2020-02-02,10.4,5.4,8.0,90,57,76,34.6,21.5,63.4,265,1006.3,5.1,5.1,0.0,3.21,12103.34,82,1.12,,,,3.94,1.9,8.8,49.33,6.0,992.68
2020-02-03,8.6,5.0,6.6,93,78,87,26.7,16.3,48.6,277,1007.3,5.8,5.8,0.0,3.44,19325.79,91,0.6,,,,4.53,3.6,5.6,75.71,7.2,993.67
2020-02-04,7.3,2.0,4.8,95,72,88,26.7,17.5,53.3,304,1003.4,9.1,9.1,0.0,2.67,12499.32,75,0.48,,,,2.86,0.4,5.2,58.46,3.3,989.69
2020-02-05,4.0,-1.1,2.0,94,46,76,31.3,21.3,57.6,339,1022.1,1.0,1.0,0.0,5.11,24758.74,65,0.9,,,,-2.04,-6.7,1.2,60.58,13.5,1007.98
2020-02-06,4.1,-1.4,2.2,87,72,80,26.9,22.3,52.6,286,1027.2,0.5,0.5,0.0,2.92,6427.36,94,0.72,,,,-0.9,-3.3,2.2,69.17,15.5,1013.02
2020-02-07,5.4,0.8,3.7,93,85,90,22.2,12.6,40.7,317,1028.6,0.9,0.9,0.0,1.16,336.66,95,0.3,,,,2.12,-0.7,4.2,95.04,3.4,1014.47
2020-02-08,7.3,-2.3,1.1,93,54,81,15.0,10.9,27.4,162,1027.6,0.0,0.0,0.0,7.89,33108.2,12,0.86,,,,-2.15,-4.2,-0.2,9.75,8.4,1013.4
2020-02-09,9.3,-1.9,3.5,87,52,72,30.6,14.4,56.9,187,1019.0,0.0,0.0,0.0,8.02,33156.5,34,1.3,,,,-1.38,-4.1,2.1,0.0,7.3,1004.98
2020-02-10,11.2,4.7,7.9,77,45,61,42.6,31.0,91.8,237,995.7,8.4,8.4,0.0,3.27,11697.8,76,2.12,,,,0.51,-4.1,5.6,15.71,20.8,982.24
2020-02-11,6.7,3.0,4.6,87,40,65,40.7,29.0,84.2,261,997.5,4.4,4.3,0.07,7.07,29901.17,76,1.67,,,,-1.75,-6.3,2.0,15.42,12.5,983.91
2020-02-12,5.7,2.0,3.6,68,45,58,34.4,28.2,76.0,264,1008.5,0.4,0.1,0.21,6.52,34510.87,44,1.86,,,,-3.99,-5.4,-1.5,14.46,22.9,994.62
2020-02-13,6.8,0.9,3.5,79,54,63,24.5,17.2,46.8,229,1014.3,0.4,0.4,0.0,8.4,28568.67,43,1.52,,,,-2.98,-4.8,-0.8,0.83,12.3,1000.41
2020-02-14,7.0,2.8,4.9,93,73,86,27.4,13.9,52.6,281,1013.8,3.1,3.1,0.0,4.9,22952.21,91,0.64,,,,2.78,0.5,3.4,78.12,3.7,999.99
2020-02-15,8.9,1.7,5.0,96,62,83,17.6,10.1,33.8,179,1025.5,0.0,0.0,0.0,6.33,26872.73,82,0.9,,,,2.2,0.3,3.8,46.21,3.4,1011.49
2020-02-16,13.6,4.2,8.7,76,45,58,30.1,20.9,58.0,183,1016.3,0.0,0.0,0.0,5.56,16366.49,94,2.28,,,,0.66,-1.1,2.5,0.0,12.8,1002.63
2020-02-17,13.3,8.1,10.8,78,39,57,35.1,17.2,64.8,220,1013.9,0.0,0.0,0.0,4.0,11088.68,95,2.14,,,,2.45,-1.5,7.1,11.5,4.5,1000.3
2020-02-18,9.4,3.2,7.0,76,55,66,31.7,19.5,66.2,261,1019.1,0.9,0.9,0.0,7.1,35636.88,46,1.59,,,,1.13,-1.5,3.8,17.67,11.3,1005.32
2020-02-19,8.9,2.5,4.6,85,55,74,25.9,19.4,50.8,245,1016.4,1.7,1.7,0.0,6.59,21628.75,57,1.21,,,,0.25,-1.6,3.6,21.5,12.9,1002.49
2020-02-20,8.5,2.0,4.5,93,44,75,21.5,14.1,41.0,257,1020.3,1.6,1.5,0.07,9.93,35873.59,59,1.27,,,,0.16,-3.1,1.8,37.38,9.2,1006.36
2020-02-21,6.9,2.1,4.9,91,60,77,35.8,22.2,70.2,274,1018.8,4.6,4.6,0.0,7.53,28800.0,56,1.09,,,,1.18,-1.6,3.5,37.83,11.4,1004.91
2020-02-22,11.1,1.1,6.8,79,40,58,29.3,19.7,53.3,229,1020.8,0.0,0.0,0.0,6.24,15634.54,89,2.15,,,,-1.39,-2.5,0.9,8.33,10.5,1006.93
2020-02-23,11.7,7.0,8.8,95,51,81,44.8,23.7,100.8,265,1010.2,19.7,19.7,0.0,1.22,0.0,99,1.01,,,,5.6,0.6,8.6,80.29,7.6,996.65
2020-02-24,7.2,3.5,5.5,81,56,68,42.2,25.8,78.1,283,1014.6,0.4,0.4,0.0,4.36,7860.24,83,1.44,,,,-0.0,-1.4,3.9,60.96,6.9,1000.83
2020-02-25,12.1,5.6,8.5,91,67,82,21.7,17.0,44.6,234,1000.3,5.8,5.8,0.0,3.72,7571.85,97,0.93,,,,5.65,1.0,7.4,67.25,12.3,986.85
2020-02-26,7.0,1.8,4.6,94,57,81,24.9,14.6,49.3,256,995.1,3.0,3.0,0.0,6.37,26062.57,74,0.88,,,,1.56,-2.8,4.6,25.58,6.8,981.49
2020-02-27,5.4,0.6,2.6,89,58,80,21.3,15.0,43.9,267,1002.2,0.9,0.8,0.07,6.25,26203.61,78,0.79,,,,-0.58,-2.3,1.0,40.79,6.1,988.42
2020-02-28,4.8,-0.5,2.1,94,75,85,27.8,15.9,50.8,292,1009.7,2.8,1.5,0.91,8.1,30718.71,71,0.79,,,,-0.21,-2.4,1.7,31.04,5.5,995.78
2020-02-29,7.1,-0.5,3.8,82,54,69,21.6,16.9,41.4,177,1006.4,0.2,0.2,0.0,6.23,15637.77,90,1.31,,,,-1.57,-5.4,2.3,7.5,7.6,992.61
2020-03-01,12.4,5.7,8.1,81,49,67,23.7,18.7,54.7,209,1001.0,0.0,0.0,0.0,8.75,28617.05,72,1.89,,,,2.2,-0.3,3.5,2.46,12.4,987.45
2020-03-02,8.6,2.8,5.7,95,62,82,20.9,11.4,49.0,200,996.5,2.4,2.4,0.0,4.13,3188.1,88,0.77,,,,2.75,0.7,5.4,35.33,5.2,982.95
2020-03-03,10.9,3.2,5.9,93,76,86,21.7,14.5,41.4,215,997.1,5.2,5.2,0.0,3.51,4093.91,100,0.66,,,,3.68,0.2,7.1,45.92,6.8,983.57
2020-03-04,8.4,-0.3,4.1,89,47,75,19.9,12.6,35.6,279,1010.1,0.4,0.4,0.0,11.71,36868.36,40,1.41,,,,-0.25,-2.5,2.8,7.12,5.6,996.27
2020-03-05,9.6,-1.6,3.9,93,47,71,23.4,11.7,41.8,167,1007.3,0.2,0.2,0.0,10.32,28442.62,32,1.63,,,,-1.38,-2.8,2.2,21.54,5.4,993.52
2020-03-06,9.4,4.2,6.0,86,57,73,24.1,17.5,43.6,144,996.4,1.0,1.0,0.0,3.52,0.0,98,1.18,,,,1.4,-3.2,5.0,45.42,10.1,982.86
2020-03-07,6.2,4.0,5.1,90,74,85,28.3,18.6,55.4,277,1008.5,2.3,2.3,0.0,4.64,6912.43,88,0.72,,,,2.78,1.8,4.0,74.83,10.2,994.73
2020-03-08,9.9,0.8,5.0,93,41,71,18.9,11.1,36.7,244,1019.1,0.0,0.0,0.0,12.29,38973.09,32,1.65,,,,-0.41,-3.0,2.2,24.5,6.5,1005.17
2020-03-09,11.4,2.0,6.3,93,52,71,12.3,8.6,25.6,198,1013.0,0.4,0.4,0.0,6.24,6485.58,95,1.2,,,,1.3,-2.2,5.1,46.04,4.7,999.25
2020-03-10,11.2,1.6,6.7,92,51,75,27.8,16.1,54.0,225,1011.5,0.1,0.1,0.0,11.16,28558.84,62,1.75,,,,2.27,0.5,4.3,19.38,7.0,997.82
2020-03-11,11.9,6.9,9.8,90,53,73,28.1,21.5,51.1,264,1008.1,4.2,4.2,0.0,6.55,20665.74,83,1.66,,,,5.01,2.8,8.7,37.42,8.8,994.54
2020-03-12,16.5,6.2,11.5,84,54,69,34.9,23.2,84.6,245,1008.6,1.5,1.5,0.0,10.04,32062.12,64,2.34,,,,5.8,-0.2,8.1,18.38,8.8,995.18
2020-03-13,10.6,4.2,7.1,72,41,58,32.1,22.3,69.8,264,1012.1,0.6,0.6,0.0,12.06,35453.27,50,2.44,,,,-0.87,-2.8,1.6,14.33,9.4,998.41
2020-03-14,6.2,-0.6,3.7,79,38,60,27.4,15.2,50.4,317,1023.0,0.2,0.2,0.0,14.51,39824.25,36,1.97,,,,-3.84,-7.2,1.3,33.04,5.5,1009.0
2020-03-15,9.6,-3.0,2.6,78,34,55,20.3,14.4,41.0,144,1026.7,0.0,0.0,0.0,15.96,42084.75,26,2.26,,,,-6.08,-7.4,-3.1,0.0,8.0,1012.57
2020-03-16,13.3,0.9,6.4,69,34,44,19.7,14.5,38.9,192,1022.1,0.0,0.0,0.0,14.78,41730.24,72,2.84,,,,-5.09,-11.2,0.6,0.79,8.0,1008.18
2020-03-17,16.7,1.5,8.4,91,48,73,10.7,8.0,23.0,275,1027.0,0.0,0.0,0.0,14.14,42129.09,12,2.09,,,,3.49,-1.1,9.1,6.75,4.3,1013.1
2020-03-18,17.2,3.0,10.3,97,47,76,15.0,9.5,26.6,241,1027.7,0.0,0.0,0.0,15.03,42788.18,38,2.36,,,,5.69,2.5,8.1,1.46,5.5,1013.92
2020-03-19,16.3,5.8,10.6,89,52,75,12.3,8.9,27.7,295,1024.7,0.0,0.0,0.0,10.68,39276.34,52,1.78,,,,6.15,3.6,8.1,30.54,6.4,1011.01
2020-03-20,11.9,4.6,7.9,99,77,89,18.4,9.9,33.8,22,1023.7,2.6,2.6,0.0,6.88,21506.22,77,1.04,,,,6.19,3.1,8.1,57.75,4.9,1009.87
2020-03-21,6.2,0.6,4.2,92,43,67,24.1,17.8,48.2,28,1027.0,2.0,2.0,0.0,8.3,13950.47,84,1.5,,,,-1.87,-8.1,3.2,62.29,9.0,1012.97
2020-03-22,3.4,-2.5,0.1,83,31,58,24.6,16.8,50.8,28,1033.8,0.4,0.0,0.28,14.79,41383.39,34,1.81,,,,-7.7,-12.3,-4.3,6.46,11.0,1019.45
2020-03-23,4.1,-4.2,-0.4,61,35,50,19.4,13.8,40.3,44,1038.4,0.0,0.0,0.0,16.78,43200.0,25,2.04,,,,-9.75,-10.7,-8.1,10.46,7.7,1023.99
2020-03-24,5.3,-4.3,0.2,64,34,50,16.6,12.7,34.9,77,1037.8,0.0,0.0,0.0,17.98,43200.0,0,2.14,,,,-9.29,-10.6,-7.8,0.0,7.9,1023.36
2020-03-25,7.3,-3.3,1.7,58,30,46,21.2,16.4,45.7,93,1033.8,0.0,0.0,0.0,18.1,43200.0,0,2.55,,,,-9.05,-10.6,-7.2,0.0,12.3,1019.52
2020-03-26,10.1,-2.6,3.8,64,36,52,16.2,12.1,33.1,87,1028.7,0.0,0.0,0.0,15.27,43200.0,43,2.33,,,,-5.33,-9.3,-1.1,0.0,9.0,1014.55
2020-03-27,15.7,0.4,7.8,81,40,62,12.0,9.0,21.2,79,1023.0,0.0,0.0,0.0,17.03,38163.08,48,2.65,,,,0.61,-2.8,5.2,0.0,5.6,1009.16
2020-03-28,16.0,1.3,8.7,83,34,61,15.8,6.4,27.7,30,1016.8,0.0,0.0,0.0,18.16,43200.0,19,2.76,,,,1.17,-1.2,4.5,0.17,0.0,1003.11
2020-03-29,7.2,1.1,4.6,92,60,74,24.7,20.0,49.7,326,1017.1,2.2,2.2,0.0,6.38,17884.79,84,1.27,,,,0.2,-5.8,3.0,44.21,14.3,1003.2
2020-03-30,5.2,-3.7,1.4,83,36,54,21.6,13.5,40.3,321,1025.4,0.4,0.0,0.28,16.44,43200.0,44,2.11,,,,-7.38,-8.9,-5.8,11.75,7.7,1011.21
2020-03-31,3.8,-2.0,0.9,91,44,67,17.4,11.1,36.0,338,1027.1,1.7,0.0,1.19,9.63,20133.64,75,1.26,,,,-4.8,-7.4,-2.5,59.46,4.6,1012.84
2020-04-01,7.6,-4.2,1.3,77,31,56,14.6,9.8,32.4,256,1022.1,0.0,0.0,0.0,19.38,43200.0,2,2.29,,,,-7.24,-9.1,-2.8,2.29,5.4,1007.95
2020-04-02,10.4,-2.1,4.1,72,43,56,16.2,9.8,36.0,255,1012.5,0.0,0.0,0.0,15.73,39326.63,26,2.26,,,,-4.16,-8.2,0.8,20.25,0.8,998.68
2020-04-03,9.8,1.9,5.7,70,42,58,26.5,16.5,49.7,271,1012.0,0.3,0.3,0.0,8.83,22476.21,61,1.97,,,,-2.15,-4.7,1.6,30.75,7.2,998.21
2020-04-04,11.8,-0.8,6.3,90,38,62,10.9,7.1,25.9,320,1024.9,0.0,0.0,0.0,16.08,42968.39,47,2.36,,,,-1.01,-2.9,2.2,6.33,0.4,1011.0
2020-04-05,14.4,0.1,7.6,87,35,58,18.1,11.6,35.6,112,1031.4,0.0,0.0,0.0,19.91,43954.48,6,3.15,,,,-0.88,-3.0,0.8,3.5,6.3,1017.46
2020-04-06,19.8,3.9,11.5,63,26,46,17.5,14.6,37.4,143,1028.3,0.0,0.0,0.0,20.35,44884.79,0,4.2,,,,-0.29,-4.2,3.7,0.0,11.2,1014.57
2020-04-07,21.7,7.2,13.7,66,27,44,17.9,10.9,30.2,192,1029.8,0.0,0.0,0.0,20.29,45145.24,1,4.19,,,,1.24,-4.1,7.2,0.0,5.2,1016.18
2020-04-08,20.6,6.0,13.1,84,24,57,15.7,8.0,32.8,117,1028.4,0.0,0.0,0.0,20.61,45407.82,0,3.63,,,,3.85,-0.9,7.8,0.0,3.6,1014.76
2020-04-09,22.1,3.7,13.1,68,29,46,22.8,13.6,44.3,295,1021.4,0.0,0.0,0.0,18.68,46018.57,18,4.22,,,,1.26,-4.4,6.2,3.12,6.5,1007.88
2020-04-10,15.1,4.5,10.2,71,30,52,11.5,7.5,23.4,321,1025.2,0.0,0.0,0.0,20.56,41179.8,63,3.17,,,,0.12,-2.5,4.8,1.67,1.1,1011.47
2020-04-11,16.2,2.7,9.7,83,32,55,8.9,5.8,18.7,56,1025.2,0.0,0.0,0.0,19.67,46203.47,48,3.11,,,,0.38,-2.9,2.9,2.88,3.3,1011.45
2020-04-12,21.4,3.9,12.9,75,30,50,16.3,10.5,33.8,194,1018.0,0.0,0.0,0.0,21.09,47391.24,10,4.19,,,,1.84,-3.1,4.2,0.0,7.2,1004.49
2020-04-13,15.9,6.3,11.2,86,31,50,31.0,18.2,61.6,305,1010.8,1.1,1.1,0.0,14.89,42827.58,62,3.25,,,,0.7,-7.8,7.6,22.58,8.4,997.26
2020-04-14,8.6,0.6,5.4,68,29,45,26.6,17.9,52.2,309,1019.1,0.5,0.3,0.14,15.66,35833.82,51,2.9,,,,-6.32,-8.9,-4.0,6.38,7.8,1005.25
2020-04-15,14.5,3.0,8.2,59,36,48,26.6,19.4,54.4,277,1021.2,0.0,0.0,0.0,17.24,43876.85,54,3.34,,,,-2.19,-7.2,0.2,7.92,11.2,1007.41
2020-04-16,20.5,5.7,13.2,64,30,44,23.2,14.7,46.1,276,1016.3,0.0,0.0,0.0,20.35,41926.43,59,4.54,,,,0.62,-2.8,3.2,0.0,7.9,1002.82
2020-04-17,16.4,3.8,10.9,90,30,50,11.6,9.0,27.7,1,1016.5,0.0,0.0,0.0,20.31,47672.17,67,3.52,,,,-0.02,-4.9,3.5,1.88,5.7,1002.93
2020-04-18,17.4,3.8,10.9,55,27,41,18.9,9.2,34.6,86,1017.5,0.0,0.0,0.0,22.74,49522.65,8,4.07,,,,-2.44,-6.1,4.2,0.0,1.6,1003.86
2020-04-19,13.8,5.5,9.2,47,27,35,17.9,13.5,37.4,47,1019.8,0.0,0.0,0.0,20.3,39747.62,43,3.95,,,,-5.6,-8.9,-2.8,0.0,7.0,1006.1
2020-04-20,14.9,1.1,8.5,73,30,48,18.1,11.7,37.1,60,1025.2,0.0,0.0,0.0,22.83,49882.37,6,3.76,,,,-2.41,-3.8,0.2,4.75,6.3,1011.38
2020-04-21,15.9,4.5,10.6,67,27,43,20.2,15.3,42.8,79,1025.4,0.0,0.0,0.0,23.24,49978.82,0,4.33,,,,-2.05,-3.9,0.1,0.17,10.2,1011.65
2020-04-22,18.0,2.2,11.1,79,28,45,20.8,10.6,41.8,85,1025.5,0.0,0.0,0.0,20.04,50074.86,31,3.9,,,,-1.2,-3.5,0.1,1.79,4.2,1011.78
2020-04-23,19.5,3.9,12.6,78,30,50,9.8,4.8,15.5,110,1022.6,0.0,0.0,0.0,23.52,50170.66,15,3.84,,,,1.76,-1.0,7.8,0.08,0.0,1008.98
2020-04-24,22.0,4.7,14.7,85,24,47,24.1,13.8,50.0,248,1009.5,0.0,0.0,0.0,17.75,44906.81,85,4.62,,,,1.97,0.3,3.8,0.0,4.5,996.21
2020-04-25,14.4,7.9,11.2,71,35,52,31.9,19.2,59.4,312,1006.9,2.0,2.0,0.0,11.81,28194.41,62,2.95,,,,1.35,-2.6,5.4,37.58,7.8,993.46
2020-04-26,15.7,5.6,11.0,71,27,48,16.1,10.1,34.9,307,1011.4,0.0,0.0,0.0,16.15,41569.32,65,3.29,,,,-0.47,-3.4,2.2,3.58,5.2,997.86
2020-04-27,21.1,4.3,13.4,88,22,47,20.9,10.6,40.3,190,1010.5,0.0,0.0,0.0,21.24,50400.0,38,4.43,,,,0.95,-1.5,3.7,0.04,5.9,997.1
2020-04-28,23.2,10.2,17.2,64,29,45,18.0,11.3,38.5,219,1005.2,0.0,0.0,0.0,18.13,42039.33,50,4.46,,,,4.57,0.8,8.4,0.0,5.1,992.07
2020-04-29,17.2,10.0,14.0,94,56,76,19.3,12.0,39.2,293,1004.0,4.0,4.0,0.0,10.31,18013.3,93,1.95,,,,9.71,6.0,12.4,19.5,6.2,990.72
2020-04-30,20.1,7.6,14.2,100,37,71,13.1,7.9,33.8,163,1007.0,0.1,0.1,0.0,19.14,44984.88,71,3.37,,,,8.35,4.9,10.1,24.04,1.8,993.71
2020-05-01,16.4,9.9,13.2,90,59,77,14.2,8.2,37.8,200,1004.1,6.4,6.4,0.0,10.74,25873.29,86,1.9,,,,9.2,5.7,10.8,30.71,0.8,990.76
2020-05-02,16.0,7.3,11.6,90,51,71,18.5,11.9,40.0,262,1005.7,2.9,2.9,0.0,19.94,45216.77,50,3.08,,,,6.27,5.3,7.8,10.92,6.0,992.31
2020-05-03,14.6,7.7,10.9,92,42,73,19.3,14.8,43.6,290,1014.5,3.0,3.0,0.0,18.65,43156.08,68,2.81,,,,5.73,1.8,8.5,48.33,5.4,1000.94
2020-05-04,15.9,5.1,11.2,94,51,75,14.4,7.0,34.9,238,1016.8,6.2,6.2,0.0,17.5,37982.22,71,2.71,,,,6.52,4.1,10.2,18.83,2.1,1003.23
2020-05-05,12.6,6.2,9.3,95,43,71,24.5,16.6,48.6,310,1015.8,6.7,6.7,0.0,22.04,50904.67,43,3.0,,,,3.93,0.2,8.6,30.21,13.0,1002.16
2020-05-06,14.8,4.4,9.9,84,48,64,31.7,23.4,60.5,313,1018.1,0.6,0.6,0.0,12.21,21701.37,77,2.79,,,,3.13,0.3,5.6,52.83,16.0,1004.5
2020-05-07,12.8,6.2,9.9,73,51,62,23.3,15.8,44.6,304,1020.8,0.0,0.0,0.0,12.98,15508.52,80,2.52,,,,2.8,-0.1,4.2,62.42,6.1,1007.09
2020-05-08,19.4,3.0,12.2,94,44,68,10.1,6.8,24.1,231,1018.8,0.0,0.0,0.0,21.61,44478.01,84,3.53,,,,5.85,2.2,11.4,1.62,4.1,1005.23
2020-05-09,21.9,7.7,15.3,84,33,58,15.4,6.7,27.0,62,1015.0,0.0,0.0,0.0,24.03,47537.89,77,4.36,,,,6.38,3.7,12.0,0.0,2.5,1001.6
2020-05-10,23.6,13.4,17.8,87,49,62,15.2,11.7,36.0,139,1007.9,0.1,0.1,0.0,12.98,24545.87,96,3.31,,,,10.13,4.2,15.1,0.38,6.0,994.7
2020-05-11,20.1,2.7,13.3,100,72,87,39.6,16.1,74.2,328,1001.3,25.5,24.2,0.91,12.65,26344.9,74,2.13,,,,11.17,2.6,14.9,51.25,3.1,988.06
2020-05-12,11.2,2.2,6.7,97,35,66,24.7,15.2,49.0,295,1014.9,2.8,2.8,0.0,18.09,37457.95,62,2.61,,,,0.01,-3.8,2.7,35.46,5.3,1001.13
2020-05-13,14.0,2.2,9.3,86,46,63,11.2,6.9,22.0,295,1013.6,0.0,0.0,0.0,19.08,36287.54,77,2.97,,,,2.15,0.0,4.3,6.04,3.4,1000.02
2020-05-14,14.2,8.0,10.3,90,47,74,13.4,7.2,28.1,30,1014.9,4.2,4.2,0.0,14.92,28528.41,89,2.37,,,,5.77,3.2,7.5,28.58,1.4,1001.29
2020-05-15,15.2,3.7,10.3,95,35,60,14.8,9.0,25.2,349,1017.2,0.0,0.0,0.0,20.92,51109.81,73,3.43,,,,2.19,-0.2,5.5,15.58,4.6,1003.6
2020-05-16,15.5,6.6,11.1,76,42,59,21.2,13.2,42.5,278,1021.2,0.0,0.0,0.0,17.43,41530.01,53,3.13,,,,3.07,0.8,6.1,31.62,4.6,1007.59
2020-05-17,16.8,6.1,12.2,83,41,61,22.5,11.6,45.4,286,1020.5,0.2,0.2,0.0,20.43,44604.48,53,3.44,,,,4.6,2.7,7.6,8.25,2.6,1006.9
2020-05-18,20.5,8.6,14.9,69,43,56,20.3,13.7,41.0,266,1021.3,0.0,0.0,0.0,21.47,46360.63,63,4.22,,,,6.08,2.5,10.6,9.12,5.9,1007.85
2020-05-19,21.8,12.1,16.3,75,43,62,23.2,14.4,45.0,296,1018.5,0.0,0.0,0.0,18.09,38479.73,48,3.94,,,,8.78,7.4,10.4,25.42,8.4,1005.15
2020-05-20,18.5,7.7,13.7,94,35,61,17.9,10.6,37.8,360,1020.7,0.0,0.0,0.0,24.96,54102.39,31,4.21,,,,5.35,2.5,8.7,5.12,4.8,1007.18
2020-05-21,16.5,8.7,12.2,75,32,52,18.2,10.9,36.7,41,1024.1,0.0,0.0,0.0,18.89,51873.4,57,3.63,,,,1.85,-1.5,5.1,2.62,5.5,1010.44
2020-05-22,18.8,5.1,12.7,75,32,48,16.1,8.1,29.2,106,1024.4,0.0,0.0,0.0,23.98,44624.84,76,4.5,,,,1.22,-2.0,3.5,0.0,1.3,1010.82
2020-05-23,15.2,9.2,12.6,93,37,77,19.7,13.9,37.1,155,1021.2,15.5,15.5,0.0,5.34,609.35,100,1.55,,,,8.11,-2.0,14.1,31.08,7.3,1007.61
2020-05-24,17.4,10.1,13.1,91,50,76,26.0,18.8,52.2,289,1023.8,3.0,3.0,0.0,22.68,42338.14,69,3.41,,,,8.62,6.6,10.6,13.0,13.0,1010.18
2020-05-25,14.9,9.9,11.6,92,72,84,21.7,15.8,44.3,301,1025.4,11.5,11.5,0.0,15.1,33439.15,74,2.19,,,,8.92,7.8,10.2,43.0,10.4,1011.73
2020-05-26,15.6,9.6,12.3,95,58,80,20.9,12.9,42.8,342,1031.7,4.8,4.8,0.0,18.12,32453.06,71,2.66,,,,8.73,6.6,12.0,53.25,7.9,1018.03
2020-05-27,19.4,7.0,14.0,94,41,67,13.2,8.9,28.8,329,1031.2,0.0,0.0,0.0,22.39,53554.43,42,3.83,,,,7.41,5.9,9.7,10.5,4.0,1017.52
2020-05-28,13.8,10.3,12.4,92,68,79,18.8,12.0,37.1,333,1026.5,3.5,3.5,0.0,9.62,2042.76,96,1.75,,,,8.7,7.2,10.5,34.54,3.2,1012.86
2020-05-29,17.7,7.7,12.7,81,31,57,22.7,15.0,45.7,1,1025.9,0.5,0.5,0.0,20.29,36135.26,57,3.96,,,,3.7,0.3,8.1,18.71,8.6,1012.25
2020-05-30,16.9,7.2,12.2,71,45,59,20.1,14.1,43.6,350,1021.3,0.5,0.5,0.0,17.25,39330.45,64,3.35,,,,4.29,1.7,6.8,9.12,9.5,1007.73
2020-05-31,19.9,9.7,13.9,93,53,72,21.1,15.7,39.2,338,1017.1,4.9,4.9,0.0,6.03,2855.44,94,1.92,,,,8.63,4.2,11.1,44.62,7.6,1003.68
2020-06-01,20.6,9.9,15.9,85,34,58,21.4,13.6,43.6,5,1020.3,0.0,0.0,0.0,28.14,56406.09,13,5.13,,,,6.91,3.7,9.1,3.38,6.9,1006.9
2020-06-02,17.5,10.4,14.1,96,60,75,19.0,12.7,48.2,324,1015.4,5.8,5.8,0.0,14.72,39630.15,64,2.62,,,,9.49,5.7,13.6,34.88,4.1,1001.99
2020-06-03,19.8,10.4,15.1,98,38,68,11.5,6.5,22.3,347,1006.5,0.0,0.0,0.0,26.51,54211.33,34,4.36,,,,8.31,4.7,12.2,17.21,2.1,993.28
2020-06-04,22.7,8.9,16.6,85,39,63,18.7,12.3,38.5,132,998.8,0.1,0.1,0.0,24.56,41820.29,66,4.69,,,,8.79,6.1,14.0,0.08,7.4,985.74
2020-06-05,17.4,14.1,15.1,97,77,88,17.6,9.9,33.5,223,996.1,9.9,9.9,0.0,8.43,7077.33,93,1.49,,,,13.05,11.1,14.4,28.29,4.1,983.02
2020-06-06,20.9,13.2,16.1,95,57,74,24.8,12.9,46.8,230,1004.4,1.6,1.6,0.0,13.06,24690.55,78,2.81,,,,11.25,8.9,14.6,17.08,4.5,991.2
2020-06-07,20.1,13.7,16.5,97,73,89,15.9,7.4,41.0,22,1007.1,24.4,24.4,0.0,10.9,14964.91,98,1.97,,,,14.66,13.2,16.6,48.46,2.3,993.92
2020-06-08,17.5,12.6,14.9,95,64,81,23.0,13.7,42.1,318,1012.0,3.2,3.2,0.0,11.16,8583.51,96,2.09,,,,11.54,10.4,14.1,52.0,4.4,998.68
2020-06-09,18.6,12.5,15.2,93,53,73,15.5,9.5,33.1,42,1015.1,0.0,0.0,0.0,17.13,27507.33,79,3.06,,,,9.99,8.1,11.8,17.67,5.4,1001.75
2020-06-10,18.5,12.5,15.5,91,68,81,13.9,9.4,27.7,23,1012.3,2.8,2.8,0.0,10.62,2487.2,96,2.06,,,,12.2,10.6,14.0,76.17,6.5,999.01
2020-06-11,22.8,14.2,18.5,97,67,83,10.5,5.0,24.8,99,1009.7,7.1,7.1,0.0,19.9,39360.39,87,3.48,,,,15.41,13.4,17.8,43.92,0.5,996.52
2020-06-12,26.5,15.0,21.2,98,57,80,8.9,6.3,24.8,29,1009.9,1.1,1.1,0.0,22.11,51578.26,70,4.17,,,,17.28,14.8,19.3,13.92,0.0,996.9
2020-06-13,28.5,17.6,22.9,96,62,82,16.0,7.6,36.0,63,1010.4,0.9,0.9,0.0,23.28,47896.88,73,4.47,,,,19.48,17.0,21.5,0.75,2.9,997.42
2020-06-14,23.0,18.0,20.5,92,51,70,19.9,14.6,40.3,68,1010.8,1.5,1.5,0.0,19.59,46789.43,49,4.07,,,,14.65,10.0,18.0,39.21,9.5,997.77
2020-06-15,23.4,12.9,18.4,84,37,64,17.8,7.5,37.8,38,1013.2,0.0,0.0,0.0,20.27,43233.54,59,4.03,,,,11.03,7.8,13.1,12.79,0.0,1000.03
2020-06-16,23.0,13.4,18.7,85,46,64,11.3,7.2,27.0,27,1014.3,0.0,0.0,0.0,22.05,42621.19,79,4.26,,,,11.24,10.4,12.4,21.33,2.9,1001.09
2020-06-17,25.3,13.6,20.6,87,47,63,12.7,8.9,29.2,26,1010.9,0.0,0.0,0.0,21.58,45591.18,71,4.59,,,,12.82,10.9,15.4,5.71,3.3,997.78
2020-06-18,21.9,17.5,19.5,98,74,88,13.7,8.4,31.3,319,1007.8,28.0,28.0,0.0,14.87,30557.15,92,2.61,,,,17.4,15.4,18.8,49.58,2.8,994.71
2020-06-19,20.0,16.8,17.7,96,83,93,18.8,14.8,37.8,292,1010.5,10.4,10.4,0.0,9.31,13178.3,98,1.58,,,,16.53,15.9,17.4,32.83,8.4,997.27
2020-06-20,17.9,15.1,16.6,96,85,92,25.1,19.5,46.4,302,1012.7,28.3,28.3,0.0,5.34,0.0,100,1.14,,,,15.38,13.4,16.6,82.25,15.7,999.45
2020-06-21,19.2,14.9,16.6,97,83,93,23.9,19.9,47.2,301,1014.7,7.3,7.3,0.0,8.71,470.74,100,1.47,,,,15.44,14.1,16.5,98.96,16.1,1001.38
2020-06-22,23.9,16.2,19.0,96,49,80,25.9,19.1,50.8,322,1018.1,3.7,3.7,0.0,15.92,32079.51,66,3.22,,,,15.14,12.6,17.0,59.12,10.0,1004.85
2020-06-23,21.9,13.6,17.4,87,44,70,20.4,15.0,42.1,337,1022.6,0.0,0.0,0.0,23.84,55317.16,35,4.33,,,,11.52,8.9,13.9,8.17,6.0,1009.28
2020-06-24,17.0,13.1,15.5,97,84,90,15.3,10.1,33.8,308,1022.5,22.2,22.2,0.0,9.12,16166.27,77,1.5,,,,13.82,11.2,16.4,51.38,5.6,1009.08
2020-06-25,23.7,13.2,19.0,98,60,81,15.0,11.3,31.7,115,1022.1,0.8,0.8,0.0,23.54,56477.98,50,4.14,,,,15.32,12.9,17.6,21.33,5.8,1008.81
2020-06-26,24.5,17.0,20.0,97,59,85,17.2,10.8,46.4,121,1017.0,5.8,5.8,0.0,19.16,36916.15,73,3.44,,,,17.26,15.4,18.6,17.29,5.5,1003.78
2020-06-27,27.4,14.9,21.4,97,47,76,12.9,8.5,36.7,216,1012.0,0.1,0.1,0.0,25.84,55320.82,23,4.97,,,,16.59,14.1,19.4,2.79,5.4,998.92
2020-06-28,28.2,18.5,23.5,90,53,73,16.1,10.6,34.6,261,1012.7,1.6,1.6,0.0,24.82,52648.21,64,5.03,,,,18.23,15.9,20.2,5.71,6.9,999.78
2020-06-29,20.2,16.1,18.2,96,79,89,12.7,9.2,34.6,294,1011.8,24.8,24.8,0.0,5.77,3836.56,86,1.26,,,,16.45,13.9,18.9,12.29,2.4,998.61
2020-06-30,22.9,12.9,18.6,89,45,67,22.0,11.9,43.9,252,1010.1,0.0,0.0,0.0,24.49,57344.12,30,4.55,,,,12.05,9.6,16.8,4.46,5.1,996.98
2020-07-01,26.5,15.3,21.3,86,54,67,16.1,11.9,40.0,221,1009.2,0.0,0.0,0.0,26.31,57600.0,18,5.23,,,,14.78,10.4,19.8,4.29,6.2,996.19
2020-07-02,24.9,18.0,21.1,97,61,80,16.2,8.2,34.6,277,1009.8,3.5,3.5,0.0,21.04,40164.87,50,3.96,,,,17.24,16.3,18.6,10.25,1.5,996.73
2020-07-03,21.1,16.2,18.6,98,59,80,19.4,11.4,39.6,289,1013.9,0.5,0.5,0.0,15.13,31969.86,69,2.78,,,,14.97,11.6,17.2,14.79,4.3,1000.74
2020-07-04,25.0,12.0,19.6,90,44,67,15.5,8.6,32.0,230,1016.8,0.0,0.0,0.0,23.96,56775.46,37,4.7,,,,12.67,10.4,16.5,2.04,4.3,1003.57
2020-07-05,27.2,16.4,22.3,82,53,67,18.4,11.7,36.4,234,1012.7,0.0,0.0,0.0,21.68,54020.87,35,4.73,,,,15.62,11.9,20.5,23.12,4.4,999.64
2020-07-06,23.0,15.1,20.2,81,40,61,26.3,15.1,51.8,266,1010.2,0.6,0.6,0.0,14.91,47440.12,43,3.93,,,,12.07,5.8,17.4,9.88,10.3,997.12
2020-07-07,18.5,12.5,15.7,75,45,58,22.6,16.3,41.4,286,1017.3,0.0,0.0,0.0,19.26,55469.22,52,4.08,,,,7.38,6.1,9.1,16.62,7.8,1003.88
2020-07-08,16.3,13.6,14.8,93,60,74,15.7,9.2,31.0,263,1016.4,1.7,1.7,0.0,9.18,1556.36,93,2.05,,,,10.04,6.8,12.8,9.75,2.9,1002.99
2020-07-09,20.9,10.3,16.5,98,60,81,14.4,9.4,37.8,202,1016.4,0.6,0.6,0.0,14.37,27152.32,77,2.68,,,,12.88,9.9,15.6,22.62,5.5,1003.08
2020-07-10,30.0,16.5,22.7,93,39,69,21.6,12.6,54.7,218,1011.0,1.2,1.2,0.0,21.61,44190.98,72,5.06,,,,16.14,12.1,18.5,3.38,4.9,998.05
2020-07-11,20.5,12.7,15.9,85,59,69,21.0,10.7,38.9,318,1020.7,1.1,1.1,0.0,9.72,1042.93,99,2.33,,,,10.17,8.6,13.4,18.12,2.1,1007.31
2020-07-12,20.1,9.3,15.6,95,41,66,15.8,10.2,33.1,312,1025.0,0.3,0.3,0.0,21.38,54500.14,34,3.91,,,,8.64,6.4,10.2,5.71,5.0,1011.52
2020-07-13,20.5,10.1,16.3,87,45,63,10.9,7.0,25.2,307,1023.9,0.1,0.1,0.0,18.57,39061.01,61,3.47,,,,8.99,7.1,13.0,11.25,1.8,1010.48
2020-07-14,24.0,9.9,18.0,92,38,62,12.7,9.0,26.6,160,1017.5,0.0,0.0,0.0,25.68,57094.03,27,4.95,,,,9.7,8.6,11.4,1.12,4.8,1004.27
2020-07-15,25.1,12.6,19.4,89,37,62,17.3,10.8,37.1,192,1011.9,1.2,1.2,0.0,20.4,53547.84,73,4.38,,,,11.23,9.2,15.2,1.5,6.2,998.77
2020-07-16,19.0,13.6,16.1,94,59,82,18.1,12.3,35.3,298,1014.0,7.7,7.7,0.0,14.89,34240.3,65,2.47,,,,12.8,10.5,15.6,16.33,5.1,1000.71
2020-07-17,19.8,11.9,16.0,94,55,75,15.0,10.2,34.9,310,1017.5,0.8,0.8,0.0,19.16,50912.92,53,3.31,,,,11.23,10.3,12.1,22.75,5.3,1004.13
2020-07-18,25.7,13.3,19.6,89,50,71,14.5,10.0,34.6,18,1018.0,0.8,0.8,0.0,20.81,49464.12,78,4.08,,,,13.99,11.1,18.1,12.96,5.1,1004.76
2020-07-19,25.6,15.9,21.0,93,52,74,14.2,7.2,35.3,97,1016.1,3.2,3.2,0.0,20.47,48713.33,78,3.91,,,,15.98,14.6,18.2,4.83,3.9,1002.98
2020-07-20,26.0,15.4,21.0,98,55,77,14.3,8.4,31.0,248,1014.9,2.2,2.2,0.0,19.77,43564.96,67,3.92,,,,16.5,14.9,17.9,7.42,3.6,1001.78
2020-07-21,22.6,15.2,19.0,96,40,66,13.0,7.8,28.4,313,1019.9,0.4,0.4,0.0,20.33,51252.5,50,3.9,,,,11.84,7.0,16.5,21.58,1.0,1006.64
2020-07-22,21.6,11.8,17.7,80,40,56,15.2,9.5,33.5,311,1020.7,0.0,0.0,0.0,19.8,47996.35,44,4.1,,,,8.33,5.9,11.1,4.0,4.8,1007.38
2020-07-23,21.6,13.1,17.4,80,46,61,10.2,7.0,25.6,24,1016.9,0.0,0.0,0.0,18.4,34166.91,73,3.66,,,,9.45,6.7,14.0,7.0,1.1,1003.64
2020-07-24,25.6,11.3,19.2,92,42,68,12.3,7.9,29.2,172,1011.8,0.7,0.7,0.0,22.58,51454.45,38,4.34,,,,12.7,8.8,18.0,2.54,5.8,998.68
2020-07-25,25.7,15.7,21.2,81,44,60,10.2,6.0,24.5,287,1012.5,0.1,0.1,0.0,22.75,52363.78,20,4.46,,,,12.81,10.9,17.6,0.92,1.3,999.44
2020-07-26,28.2,17.5,22.2,84,39,63,19.2,10.5,40.3,191,1012.8,1.0,1.0,0.0,18.83,33406.07,65,4.37,,,,14.4,12.8,16.3,1.62,2.6,999.8
2020-07-27,25.9,15.1,21.2,95,43,67,10.0,5.7,18.7,284,1016.8,0.1,0.1,0.0,20.56,41233.85,67,4.0,,,,14.1,12.2,16.1,0.42,2.3,1003.65
2020-07-28,31.4,17.2,24.4,85,37,60,22.2,12.5,49.0,204,1010.8,0.2,0.2,0.0,21.42,40669.45,68,5.48,,,,15.57,13.8,18.9,0.33,4.3,997.91
2020-07-29,26.2,17.8,22.0,84,34,55,17.3,12.4,41.0,295,1015.9,0.5,0.5,0.0,21.5,50989.09,36,5.1,,,,11.78,6.7,15.2,8.04,6.7,1002.88
2020-07-30,25.6,13.5,20.2,73,33,49,14.4,10.1,34.6,292,1019.3,0.0,0.0,0.0,25.51,51067.78,44,5.5,,,,8.39,6.8,9.4,0.0,5.9,1006.05
2020-07-31,25.9,16.0,20.8,60,29,44,16.8,11.1,35.6,328,1017.6,0.0,0.0,0.0,25.32,46207.49,39,5.71,,,,7.85,6.2,9.4,0.0,3.2,1004.49
2020-08-01,25.0,12.1,19.6,94,39,62,13.7,6.3,24.5,71,1017.2,0.0,0.0,0.0,25.5,51227.68,20,4.79,,,,11.49,8.8,14.8,1.46,2.1,1003.97
2020-08-02,27.0,14.9,21.7,82,43,60,14.4,9.4,31.3,151,1012.9,0.1,0.1,0.0,19.03,42491.6,80,4.25,,,,12.96,10.4,16.5,0.08,2.9,999.82
2020-08-03,20.6,16.4,18.1,96,82,92,15.0,8.2,29.2,337,1009.7,31.8,31.8,0.0,3.17,0.0,100,0.81,,,,16.74,15.4,17.9,49.71,3.7,996.51
2020-08-04,16.9,15.1,15.9,95,82,92,24.4,15.4,45.7,329,1011.0,14.5,14.5,0.0,4.69,0.0,100,0.96,,,,14.5,13.7,15.2,80.88,7.8,997.75
2020-08-05,22.6,14.2,18.0,94,46,69,8.9,6.8,22.3,27,1019.7,0.0,0.0,0.0,24.84,50400.0,30,4.33,,,,11.71,9.2,13.8,0.04,3.8,1006.41
2020-08-06,26.1,13.1,20.3,90,53,71,12.8,8.2,27.7,79,1021.9,0.0,0.0,0.0,18.22,41008.07,55,3.66,,,,14.61,10.7,19.5,35.75,4.7,1008.69
2020-08-07,30.4,17.5,23.9,96,41,70,13.5,8.2,26.6,99,1022.0,0.0,0.0,0.0,22.24,50400.0,30,4.76,,,,17.52,15.3,20.5,1.25,5.9,1008.91
2020-08-08,30.2,18.8,24.6,90,41,67,8.6,5.7,19.1,85,1021.0,0.0,0.0,0.0,20.75,50400.0,17,4.35,,,,17.52,15.6,19.5,0.29,3.7,1007.96
2020-08-09,30.0,19.1,24.7,94,47,72,7.9,5.1,20.9,74,1018.4,0.0,0.0,0.0,21.25,50400.0,34,4.36,,,,18.8,17.2,20.9,0.71,1.8,1005.45
2020-08-10,29.8,20.1,23.7,90,48,73,12.7,6.6,30.2,61,1017.5,3.8,3.8,0.0,16.58,30305.23,80,3.56,,,,18.32,17.1,20.3,3.12,2.2,1004.45
2020-08-11,28.2,18.3,23.3,87,50,68,13.7,8.4,28.1,53,1018.8,0.1,0.1,0.0,20.55,50400.0,31,4.37,,,,16.72,14.8,18.0,2.46,6.2,1005.75
2020-08-12,27.9,18.0,22.9,81,40,58,12.0,9.1,26.3,79,1019.5,0.0,0.0,0.0,23.1,50400.0,17,5.01,,,,13.72,9.9,17.3,6.33,4.6,1006.43
2020-08-13,29.4,17.2,23.2,68,37,53,11.8,8.4,27.0,108,1015.5,0.0,0.0,0.0,20.64,50027.84,30,4.83,,,,12.79,9.4,17.3,1.58,3.6,1002.52
2020-08-14,28.6,16.8,22.8,94,45,70,9.2,6.1,21.2,140,1012.6,0.0,0.0,0.0,17.16,34134.93,55,3.65,,,,16.6,12.8,19.3,0.08,3.1,999.65
2020-08-15,26.2,19.0,21.8,95,47,72,14.0,9.5,32.4,79,1014.1,2.1,2.1,0.0,15.16,26001.56,73,3.49,,,,16.08,12.8,19.4,0.29,1.5,1001.02
2020-08-16,27.3,14.8,21.6,79,38,58,13.8,9.8,36.0,102,1015.1,0.0,0.0,0.0,20.8,49935.91,24,4.67,,,,12.63,10.6,17.2,0.33,3.6,1001.99
2020-08-17,28.0,16.5,21.8,94,43,72,13.4,7.5,32.8,129,1011.1,3.1,3.1,0.0,21.0,50217.15,36,4.09,,,,16.09,13.4,18.0,2.96,4.0,998.04
2020-08-18,23.8,18.4,20.7,91,63,79,17.6,11.4,36.4,283,1008.5,3.1,3.1,0.0,11.84,22252.02,96,2.56,,,,16.88,15.4,18.2,14.25,4.2,995.45
2020-08-19,22.9,17.6,19.5,97,61,84,18.7,12.5,35.6,299,1009.3,7.6,7.6,0.0,9.19,14895.21,86,1.92,,,,16.67,15.0,17.3,29.75,6.0,996.24
2020-08-20,27.0,15.4,21.3,95,42,70,10.5,6.2,17.3,254,1012.4,0.0,0.0,0.0,21.5,50227.34,41,4.13,,,,14.79,12.9,16.2,0.96,2.7,999.37
2020-08-21,30.4,16.1,23.7,88,38,62,16.3,10.5,33.1,163,1014.2,0.0,0.0,0.0,21.72,50106.96,34,5.09,,,,15.35,12.9,18.3,0.0,5.9,1001.25
2020-08-22,29.8,18.6,23.2,87,53,74,19.2,9.9,40.3,275,1014.1,7.0,7.0,0.0,14.48,34571.59,55,3.26,,,,18.12,16.2,19.8,7.29,3.5,1001.13
2020-08-23,25.0,16.7,20.7,94,41,68,17.7,10.3,34.2,269,1014.7,0.0,0.0,0.0,15.14,47918.04,70,3.52,,,,14.03,10.8,16.2,1.75,5.6,1001.55
2020-08-24,22.4,16.1,19.7,74,47,61,15.9,11.1,33.8,271,1014.8,0.1,0.1,0.0,16.11,45791.97,63,3.64,,,,11.74,10.6,13.1,2.83,5.4,1001.6
2020-08-25,22.6,14.9,19.1,73,41,57,16.6,11.9,35.3,271,1013.6,0.0,0.0,0.0,19.43,45279.95,50,4.16,,,,9.96,8.3,11.4,2.71,3.3,1000.4
2020-08-26,25.3,17.1,20.7,65,44,55,29.6,19.8,65.2,243,1007.0,1.9,1.9,0.0,14.8,38695.28,71,4.72,,,,11.17,8.8,14.7,1.58,9.7,994.03
2020-08-27,20.5,14.9,18.5,66,48,58,37.9,26.9,70.2,277,1011.6,0.0,0.0,0.0,12.79,25054.33,80,4.26,,,,9.98,8.4,11.1,52.5,6.6,998.42
2020-08-28,25.4,9.7,17.9,93,41,65,18.8,11.3,40.3,165,1008.7,0.8,0.8,0.0,16.77,41517.8,71,3.67,,,,10.62,8.6,15.2,0.0,4.7,995.5
2020-08-29,21.1,16.8,18.7,91,61,77,14.6,9.5,27.4,209,1006.1,3.3,3.3,0.0,8.24,13957.26,96,1.91,,,,14.45,13.2,16.1,4.29,4.9,993.05
2020-08-30,21.3,15.6,17.5,96,68,88,13.7,8.9,29.5,51,1006.8,18.5,18.5,0.0,7.8,8307.03,99,1.53,,,,15.45,13.9,17.0,74.17,2.8,993.7
2020-08-31,19.0,13.7,16.5,99,62,83,27.7,13.6,52.9,290,1011.4,2.5,2.5,0.0,9.55,20599.7,83,1.82,,,,13.4,11.4,16.6,44.0,5.2,998.15
2020-09-01,14.5,12.7,13.7,94,87,91,20.3,15.8,38.2,6,1014.5,19.5,19.5,0.0,2.29,0.0,100,0.61,,,,12.34,11.2,13.6,62.08,7.6,1001.1
2020-09-02,18.5,11.6,14.4,93,50,74,19.8,15.4,39.6,284,1015.8,2.2,2.2,0.0,16.08,36518.32,74,2.78,,,,9.52,7.7,11.1,20.12,7.6,1002.37
2020-09-03,19.7,11.1,15.0,86,57,74,16.6,9.6,34.6,244,1020.4,0.1,0.1,0.0,13.66,32783.24,76,2.44,,,,10.24,7.6,12.7,1.46,3.1,1006.97
2020-09-04,22.5,12.9,17.7,92,63,76,19.1,10.0,38.2,230,1021.6,0.2,0.2,0.0,8.25,18153.23,85,1.98,,,,13.34,8.0,17.4,43.62,4.7,1008.23
2020-09-05,26.2,15.6,19.8,96,55,81,15.6,10.0,44.6,236,1016.3,16.1,16.1,0.0,11.82,23716.07,81,2.46,,,,16.26,14.1,19.0,23.46,4.3,1003.09
2020-09-06,18.5,12.3,15.7,96,58,79,13.2,8.4,30.2,309,1018.3,1.7,1.7,0.0,14.53,40891.23,63,2.37,,,,11.79,9.5,14.9,22.12,3.9,1004.91
2020-09-07,18.3,10.4,14.3,92,55,76,12.3,6.4,28.8,299,1022.5,0.4,0.4,0.0,13.44,36000.0,56,2.24,,,,9.82,8.6,11.5,7.33,2.9,1009.01
2020-09-08,22.2,8.2,16.0,94,44,70,18.4,10.0,37.8,242,1025.5,0.0,0.0,0.0,17.44,43537.89,59,3.33,,,,10.02,7.2,12.8,2.04,5.5,1012.08
2020-09-09,24.7,13.0,18.6,80,46,66,14.6,9.7,29.5,227,1021.6,0.0,0.0,0.0,17.99,43950.5,9,3.62,,,,11.85,9.4,14.0,6.75,4.9,1008.32
2020-09-10,19.0,11.6,17.0,91,51,69,17.1,11.8,34.9,306,1019.2,0.7,0.7,0.0,15.1,32400.0,63,2.86,,,,11.09,8.5,15.9,27.5,4.0,1005.82
2020-09-11,21.1,8.1,14.8,97,51,74,10.1,6.5,24.5,126,1019.5,0.0,0.0,0.0,18.12,43673.05,16,2.95,,,,9.87,7.6,12.9,3.54,3.8,1006.06
2020-09-12,25.5,10.2,18.0,97,50,77,11.3,7.3,26.6,186,1019.3,0.0,0.0,0.0,16.88,43718.48,9,3.11,,,,13.35,9.8,17.0,7.08,3.3,1005.98
2020-09-13,23.2,13.8,18.3,94,59,77,12.1,7.3,24.1,269,1025.3,0.0,0.0,0.0,16.44,43200.0,76,2.87,,,,14.0,12.4,17.0,1.71,2.5,1011.91
2020-09-14,27.0,13.0,19.8,98,48,78,9.9,5.7,17.3,146,1028.2,0.0,0.0,0.0,17.15,43200.0,75,3.24,,,,15.35,12.7,18.1,0.12,1.8,1014.9
2020-09-15,28.0,15.6,21.1,89,50,72,13.1,10.7,25.2,126,1024.1,0.0,0.0,0.0,17.01,43200.0,38,3.56,,,,15.55,13.6,17.9,0.0,7.9,1010.91
2020-09-16,28.2,16.5,21.9,92,49,72,15.6,10.4,32.4,198,1017.2,0.0,0.0,0.0,16.01,43085.45,63,3.48,,,,16.3,14.4,18.5,2.58,6.1,1004.1
2020-09-17,19.4,11.1,16.2,85,48,66,20.6,14.3,40.7,355,1023.5,0.5,0.5,0.0,9.75,28696.96,58,2.39,,,,9.63,4.9,15.9,41.5,6.0,1010.05
2020-09-18,17.0,5.8,11.4,94,45,71,12.2,5.9,21.2,39,1029.2,0.0,0.0,0.0,16.89,42873.42,19,2.56,,,,5.85,4.8,7.0,0.12,0.5,1015.5
2020-09-19,19.4,5.3,12.6,94,41,67,12.4,8.7,25.6,99,1024.6,0.0,0.0,0.0,15.04,40629.21,73,2.73,,,,6.01,4.5,8.3,0.0,5.1,1010.94
2020-09-20,19.0,9.9,14.1,78,55,67,11.4,10.0,26.3,92,1020.2,0.1,0.1,0.0,9.71,27592.24,76,2.11,,,,8.03,6.1,10.6,0.0,7.5,1006.77
2020-09-21,23.2,8.9,15.6,96,46,74,9.4,7.5,20.5,117,1018.5,0.0,0.0,0.0,15.83,42393.09,9,2.76,,,,10.52,8.2,13.1,0.0,5.9,1005.15
2020-09-22,25.5,11.3,17.8,91,40,66,19.8,11.8,38.5,155,1013.8,0.0,0.0,0.0,15.07,42254.74,14,3.38,,,,10.67,8.6,12.3,0.33,7.9,1000.6
2020-09-23,25.1,13.1,18.7,89,48,68,14.4,10.6,31.0,154,1007.6,0.0,0.0,0.0,13.85,39600.0,47,3.03,,,,12.32,9.5,15.4,2.71,8.0,994.5
2020-09-24,24.5,13.6,18.5,96,45,76,15.1,8.4,30.2,211,1006.4,0.2,0.2,0.0,12.16,38009.2,74,2.52,,,,13.6,11.5,15.1,8.21,4.7,993.25
2020-09-25,18.4,12.2,15.2,97,73,89,23.5,12.1,43.2,146,999.0,15.3,15.3,0.0,2.47,1139.87,80,0.77,,,,13.45,11.7,15.8,11.83,5.4,985.85
2020-09-26,13.9,9.7,12.3,97,70,87,23.9,13.1,45.0,266,993.5,20.0,20.0,0.0,3.28,2450.07,99,0.8,,,,10.12,5.2,12.8,85.38,5.6,980.32
2020-09-27,13.5,8.4,10.4,84,60,73,17.1,9.6,32.0,231,1004.9,0.0,0.0,0.0,5.15,0.0,92,1.27,,,,5.7,4.8,6.7,33.25,5.6,991.4
2020-09-28,12.4,5.3,9.5,96,71,88,12.4,8.3,25.2,99,1012.6,7.0,7.0,0.0,4.67,5785.24,78,0.82,,,,7.53,4.8,10.6,24.71,4.2,999.02
2020-09-29,13.9,10.8,12.3,97,85,93,13.5,9.6,26.3,335,1013.3,15.9,15.9,0.0,2.68,0.0,100,0.59,,,,11.18,10.2,12.4,89.33,5.7,999.79
2020-09-30,17.0,12.2,14.0,98,65,85,20.6,12.8,40.3,327,1013.9,0.3,0.3,0.0,7.35,18739.45,97,1.41,,,,11.4,9.7,12.6,71.5,8.7,1000.51
2020-10-01,15.5,12.2,13.5,97,78,90,12.5,9.2,25.9,353,1006.8,7.9,7.9,0.0,3.92,2140.39,99,0.79,,,,11.88,9.8,12.9,90.5,4.5,993.46
2020-10-02,17.3,12.2,14.5,98,69,85,21.6,11.2,38.9,112,1003.3,3.7,3.7,0.0,6.0,13266.55,94,1.34,,,,11.83,10.8,12.4,75.12,4.2,990.07
2020-10-03,23.4,15.2,18.9,78,55,68,27.1,20.4,51.5,133,997.6,0.0,0.0,0.0,12.93,39495.26,44,3.27,,,,12.8,11.1,15.1,8.5,14.1,984.63
2020-10-04,20.7,11.3,16.4,92,66,80,19.5,11.8,39.6,169,999.8,6.2,6.2,0.0,7.78,24695.43,66,1.56,,,,12.9,9.2,14.9,17.0,2.2,986.73
2020-10-05,19.2,10.9,13.9,94,57,83,19.3,12.9,40.0,162,1005.8,10.0,10.0,0.0,7.45,19340.13,71,1.47,,,,10.84,9.1,13.3,12.04,6.6,992.47
2020-10-06,16.1,10.0,12.9,88,61,75,25.6,15.6,49.3,195,1008.0,0.1,0.1,0.0,8.93,37722.45,57,1.78,,,,8.44,7.0,10.5,5.96,7.6,994.65
2020-10-07,16.4,9.6,12.9,89,64,78,14.4,10.7,32.0,227,1009.6,0.3,0.3,0.0,9.37,36000.0,56,1.6,,,,8.96,7.9,10.1,10.62,6.4,996.15
2020-10-08,15.9,9.6,12.4,92,56,74,16.4,12.8,34.2,244,1018.7,0.0,0.0,0.0,9.99,34207.48,51,1.86,,,,7.7,6.4,9.2,22.04,9.7,1005.21
2020-10-09,17.1,12.8,14.3,95,63,77,17.9,11.6,31.7,218,1018.4,0.0,0.0,0.0,4.4,8358.57,83,1.32,,,,10.31,6.3,12.2,63.71,1.8,1004.92
2020-10-10,16.4,9.6,13.1,93,78,89,17.9,11.1,32.8,260,1017.6,4.5,4.5,0.0,5.32,21623.9,87,0.92,,,,11.23,8.4,12.9,32.38,6.8,1004.08
2020-10-11,12.4,5.9,9.3,95,56,79,8.7,4.6,16.9,274,1019.4,0.3,0.3,0.0,9.47,24712.71,79,1.3,,,,5.63,3.8,8.1,17.96,2.1,1005.69
2020-10-12,10.4,6.7,8.3,93,66,85,8.4,5.4,19.1,334,1017.6,10.4,10.4,0.0,4.07,2662.94,99,0.67,,,,5.85,4.2,6.9,63.71,2.3,1003.88
2020-10-13,8.9,5.3,7.3,95,80,89,32.0,17.5,59.0,355,1011.6,15.7,15.7,0.0,2.81,0.0,95,0.6,,,,5.63,4.7,6.4,49.46,6.6,997.91
2020-10-14,9.8,7.7,8.4,94,86,90,29.6,18.9,58.3,355,1000.2,29.2,29.2,0.0,1.53,0.0,100,0.44,,,,6.95,6.2,7.8,99.54,10.1,986.71
2020-10-15,10.9,6.9,8.6,97,77,89,12.2,8.7,23.8,324,1012.3,0.6,0.6,0.0,4.02,17002.33,87,0.59,,,,6.84,5.3,7.8,56.62,4.0,998.66
2020-10-16,10.8,6.7,8.5,95,71,87,15.1,10.3,29.9,28,1016.1,3.3,3.3,0.0,5.23,19595.07,80,0.76,,,,6.39,5.5,7.6,64.96,3.7,1002.43
2020-10-17,8.0,5.9,6.9,95,79,90,14.6,11.5,27.0,352,1016.5,5.4,5.4,0.0,2.33,107.63,99,0.44,,,,5.4,4.6,6.9,86.25,8.2,1002.72
2020-10-18,11.2,6.0,8.5,93,59,78,28.5,19.4,54.0,271,1017.6,0.5,0.5,0.0,6.49,23968.96,79,1.33,,,,4.73,3.5,6.2,68.5,9.8,1003.85
2020-10-19,11.2,7.1,8.8,91,64,80,19.2,12.0,37.8,274,1022.9,1.1,1.1,0.0,5.85,31107.69,68,0.99,,,,5.52,4.8,6.3,42.83,4.9,1009.18
2020-10-20,14.4,3.9,9.2,92,62,75,19.9,12.9,38.5,161,1020.8,0.0,0.0,0.0,8.64,30513.05,87,1.52,,,,4.83,2.5,7.3,6.71,5.8,1007.03
2020-10-21,15.4,9.5,11.8,77,62,68,17.2,12.1,33.5,181,1013.9,0.0,0.0,0.0,7.71,26002.16,91,1.64,,,,6.11,4.3,8.6,0.58,7.4,1000.42
2020-10-22,18.7,12.2,14.6,85,60,68,21.9,15.1,39.6,225,1015.2,0.0,0.0,0.0,6.96,31503.7,57,2.0,,,,8.72,6.2,11.2,0.04,8.1,1001.79
2020-10-23,15.1,11.6,13.3,94,72,84,17.1,9.2,29.9,211,1013.9,3.7,3.7,0.0,2.01,0.0,93,0.69,,,,10.6,8.8,12.5,12.04,5.8,1000.43
2020-10-24,16.0,9.1,13.1,96,71,88,17.8,10.5,37.1,257,1014.2,2.3,2.3,0.0,5.95,25963.72,57,0.93,,,,11.09,8.1,12.4,33.5,5.9,1000.8
2020-10-25,14.8,5.9,10.2,97,78,90,16.6,11.5,33.5,144,1013.0,0.0,0.0,0.0,8.99,33534.75,3,1.09,,,,8.67,5.5,11.1,0.92,5.9,999.4
2020-10-26,15.7,9.1,12.2,93,69,85,17.0,11.6,32.8,167,1006.0,0.3,0.3,0.0,4.76,18077.23,70,0.89,,,,9.6,7.8,10.9,51.08,5.3,992.65
2020-10-27,11.2,6.6,9.9,93,76,87,9.8,7.2,18.0,238,1011.0,0.9,0.9,0.0,1.64,0.0,84,0.43,,,,7.78,5.5,9.0,74.71,4.1,997.46
2020-10-28,14.7,4.8,9.1,95,55,79,13.4,9.5,25.2,187,1014.1,0.0,0.0,0.0,7.9,27898.8,50,1.23,,,,5.36,4.0,6.8,6.83,6.8,1000.52
2020-10-29,12.2,7.2,9.8,88,74,82,21.0,14.8,38.9,245,1014.7,2.5,2.5,0.0,2.44,0.0,74,0.76,,,,6.81,4.3,8.9,13.33,9.0,1001.07
2020-10-30,12.8,5.6,9.2,93,78,87,26.8,14.2,48.2,252,1017.8,8.1,8.1,0.0,1.8,565.4,89,0.52,,,,7.13,3.2,11.6,67.92,7.6,1004.1
2020-10-31,13.1,8.8,10.8,96,86,92,23.9,12.1,45.7,115,1021.9,6.1,6.1,0.0,1.87,0.0,96,0.4,,,,9.52,7.3,12.1,90.42,5.5,1008.24
2020-11-01,14.8,8.2,10.9,94,74,88,14.8,10.6,27.7,163,1018.6,3.0,3.0,0.0,4.07,15178.66,81,0.71,,,,8.83,6.5,10.6,32.25,6.6,1004.96
2020-11-02,15.9,10.8,13.8,93,88,91,15.0,10.8,30.6,206,1014.3,3.2,3.2,0.0,2.02,0.0,99,0.49,,,,12.35,9.5,14.2,69.71,5.8,1000.83
2020-11-03,15.4,10.9,13.9,91,73,85,19.1,9.1,34.9,284,1020.3,0.3,0.3,0.0,3.22,14368.32,76,0.68,,,,11.37,9.3,13.7,48.29,2.3,1006.84
2020-11-04,11.6,5.3,9.7,97,68,86,13.6,9.1,25.2,310,1028.6,10.0,10.0,0.0,3.51,12855.77,76,0.62,,,,7.35,3.2,11.0,37.83,2.2,1014.78
2020-11-05,10.1,3.2,6.1,97,67,85,15.1,10.7,29.9,280,1036.3,0.0,0.0,0.0,6.92,32400.0,16,0.82,,,,3.75,2.7,5.6,12.29,7.6,1022.18
2020-11-06,10.2,4.4,7.6,97,75,84,17.9,12.5,34.2,280,1034.2,0.0,0.0,0.0,4.1,20770.21,66,0.75,,,,4.99,2.7,7.1,45.71,3.7,1020.25
2020-11-07,12.5,4.8,8.3,98,77,90,13.6,9.4,28.4,150,1030.6,0.0,0.0,0.0,6.54,32295.63,37,0.77,,,,6.81,2.0,8.9,37.29,3.1,1016.7
2020-11-08,10.8,2.2,5.3,98,74,86,12.1,6.5,14.8,186,1026.5,0.0,0.0,0.0,6.81,32191.99,1,0.78,,,,3.03,-0.1,8.4,1.29,1.1,1012.48
2020-11-09,6.1,3.0,4.9,100,92,96,11.6,9.6,22.7,114,1029.3,0.0,0.0,0.0,2.38,0.0,100,0.29,,,,4.35,2.9,5.1,99.92,7.6,1015.25
2020-11-10,7.5,5.1,6.0,94,84,89,12.3,10.2,25.2,130,1030.6,0.0,0.0,0.0,2.59,0.0,100,0.4,,,,4.3,3.5,5.4,99.92,7.3,1016.63
2020-11-11,8.0,3.9,6.1,95,73,85,13.5,8.7,24.1,160,1029.0,0.0,0.0,0.0,2.63,3853.98,94,0.51,,,,3.72,2.8,4.8,85.5,5.4,1014.98
2020-11-12,8.6,2.4,5.7,93,68,81,16.4,10.1,31.7,186,1024.3,0.0,0.0,0.0,3.46,22560.83,61,0.61,,,,2.61,1.4,4.0,55.67,5.7,1010.32
2020-11-13,11.6,2.2,7.2,95,69,85,9.4,7.4,19.1,207,1022.2,0.0,0.0,0.0,5.36,30409.95,71,0.69,,,,4.74,1.5,6.5,40.58,4.4,1008.41
2020-11-14,12.2,6.1,9.2,93,76,87,11.7,8.7,21.2,213,1021.1,0.8,0.8,0.0,3.59,22737.06,88,0.53,,,,7.12,5.0,9.6,47.25,5.9,1007.36
2020-11-15,13.2,5.8,8.4,94,65,81,20.6,12.2,37.4,163,1018.5,0.0,0.0,0.0,5.49,28313.41,63,0.93,,,,5.25,4.2,6.8,10.25,6.4,1004.78
2020-11-16,10.9,6.5,8.3,90,76,83,19.5,12.9,35.3,204,1015.5,1.2,1.2,0.0,2.02,1881.7,75,0.57,,,,5.61,4.6,8.1,28.96,7.4,1001.8
2020-11-17,12.1,6.2,8.7,91,72,84,13.1,10.2,27.0,232,1025.0,0.6,0.6,0.0,3.61,23409.68,72,0.6,,,,6.02,4.6,7.8,45.83,7.6,1011.19
2020-11-18,12.5,7.8,9.6,93,74,87,14.5,10.2,25.2,208,1027.1,0.6,0.6,0.0,4.68,29015.93,63,0.6,,,,7.51,4.2,8.6,38.58,6.2,1013.32
2020-11-19,11.9,5.8,8.6,85,66,77,26.2,15.5,47.5,232,1018.4,0.8,0.8,0.0,3.55,18651.4,64,0.95,,,,4.75,3.2,6.8,30.58,8.1,1004.7
2020-11-20,7.9,0.4,3.8,96,66,83,25.3,16.6,49.0,296,1028.6,0.3,0.3,0.0,4.67,29797.58,38,0.67,,,,1.12,-0.4,4.0,17.08,8.6,1014.48
2020-11-21,4.9,-0.9,1.3,96,70,86,14.5,9.7,28.4,220,1034.3,0.0,0.0,0.0,5.06,28972.92,35,0.52,,,,-0.96,-2.3,0.2,17.29,5.4,1020.02
2020-11-22,7.0,1.7,4.6,76,58,67,20.1,16.7,38.2,230,1025.8,0.0,0.0,0.0,3.02,18819.21,74,1.09,,,,-1.11,-3.9,2.0,56.17,13.0,1011.78
2020-11-23,7.9,4.9,6.1,90,72,79,22.8,15.7,44.6,263,1025.2,1.3,1.3,0.0,2.47,13031.4,68,0.68,,,,2.76,1.1,5.2,60.88,11.9,1011.24
2020-11-24,7.2,-1.3,3.1,94,71,86,14.9,10.3,27.4,222,1028.1,0.0,0.0,0.0,4.45,27036.73,40,0.49,,,,0.86,-2.7,3.0,13.79,6.5,1013.92
2020-11-25,5.4,-0.9,2.1,90,69,81,12.9,9.1,23.4,197,1023.3,0.0,0.0,0.0,3.92,23256.7,56,0.48,,,,-0.84,-2.5,0.2,54.42,5.5,1009.22
2020-11-26,5.3,-1.6,1.6,90,71,82,11.2,7.2,20.2,215,1022.7,0.0,0.0,0.0,4.39,25319.87,62,0.46,,,,-1.17,-3.1,1.6,61.92,5.2,1008.59
2020-11-27,5.1,3.7,4.4,98,88,93,10.6,7.0,18.7,282,1022.4,1.4,1.4,0.0,0.74,0.0,99,0.18,,,,3.32,1.9,4.0,99.08,5.4,1008.36
2020-11-28,4.2,0.9,2.7,98,84,92,14.8,10.3,29.5,327,1023.5,0.3,0.3,0.0,1.72,8032.43,82,0.26,,,,1.49,0.2,3.4,79.5,7.4,1009.45
2020-11-29,3.5,0.5,2.4,97,89,94,17.3,11.3,32.8,329,1023.3,3.3,3.3,0.0,0.59,0.0,97,0.16,,,,1.53,0.1,2.7,93.67,3.3,1009.23
2020-11-30,2.3,-1.0,0.8,99,85,94,11.8,7.3,23.0,240,1025.4,0.7,0.7,0.0,1.17,2554.28,77,0.18,,,,-0.03,-2.3,1.4,73.17,0.7,1011.22
2020-12-01,3.4,-1.6,0.4,91,70,82,16.1,12.4,32.0,161,1020.4,0.0,0.0,0.0,3.4,27260.67,36,0.43,,,,-2.31,-3.3,-1.0,16.38,6.8,1006.28
2020-12-02,1.5,-4.7,-2.2,95,69,87,15.3,9.5,27.0,129,1022.3,0.0,0.0,0.0,3.65,26814.71,39,0.33,,,,-4.15,-6.1,-3.0,26.58,4.3,1007.97
2020-12-03,0.4,-5.2,-1.4,92,71,83,14.3,12.6,26.6,135,1012.1,1.6,0.1,1.05,0.95,0.0,94,0.31,,,,-3.99,-6.6,-2.3,41.79,10.7,998.01
2020-12-04,6.7,-0.6,4.1,86,69,79,22.0,16.3,40.7,136,1000.9,0.0,0.0,0.0,1.88,8675.58,95,0.63,,,,0.75,-2.8,2.9,84.79,10.2,987.22
2020-12-05,11.9,6.2,8.7,77,63,71,30.4,21.6,55.8,151,1003.5,0.0,0.0,0.0,1.88,5225.53,98,1.23,,,,3.75,1.0,5.8,20.38,10.5,990.03
2020-12-06,12.6,7.7,9.9,79,65,72,28.2,24.7,51.8,123,1006.4,0.0,0.0,0.0,4.0,27381.04,47,1.5,,,,4.99,3.7,6.8,2.0,21.8,992.88
2020-12-07,9.4,5.8,7.4,87,72,78,26.3,20.1,49.3,132,1005.6,0.4,0.4,0.0,2.11,14074.11,76,0.87,,,,3.72,2.6,5.1,26.58,10.7,992.05
2020-12-08,7.1,2.8,5.4,94,72,83,19.5,14.8,36.0,129,1009.4,0.0,0.0,0.0,2.16,12454.19,81,0.51,,,,2.75,1.9,3.5,68.0,10.1,995.67
2020-12-09,2.9,-0.3,1.0,96,85,90,17.9,15.0,32.8,109,1012.9,0.0,0.0,0.0,2.97,17579.86,82,0.28,,,,-0.48,-1.9,1.5,55.54,11.2,998.88
2020-12-10,-0.7,-2.7,-1.6,89,81,84,12.2,9.3,25.2,97,1010.6,0.0,0.0,0.0,1.53,0.0,91,0.22,,,,-3.92,-5.1,-2.5,93.04,3.6,996.44
2020-12-11,3.5,-2.8,0.6,91,76,86,18.7,11.5,33.8,126,1006.7,0.0,0.0,0.0,3.43,26362.77,72,0.35,,,,-1.5,-4.2,0.6,66.5,5.2,992.73
2020-12-12,4.1,0.3,2.5,94,81,88,16.1,12.6,28.8,136,1004.1,0.0,0.0,0.0,1.29,844.11,92,0.27,,,,0.77,-0.6,1.5,87.08,7.6,990.26
2020-12-13,4.0,-1.6,2.0,97,83,90,10.7,5.7,19.4,154,1011.6,0.0,0.0,0.0,2.04,15038.96,82,0.24,,,,0.45,-2.0,2.0,71.58,2.8,997.64
2020-12-14,7.2,2.3,4.2,93,80,89,14.4,8.7,25.9,150,1017.4,0.0,0.0,0.0,2.81,14671.59,87,0.34,,,,2.47,1.0,4.0,50.88,3.3,1003.48
2020-12-15,5.7,1.8,3.5,92,69,79,18.8,14.6,36.7,174,1017.2,0.0,0.0,0.0,2.48,17507.29,95,0.57,,,,0.16,-0.5,1.0,25.38,10.5,1003.23
2020-12-16,6.3,2.8,4.4,96,81,88,8.5,5.2,18.0,184,1021.6,0.5,0.5,0.0,0.87,0.0,100,0.21,,,,2.62,0.0,4.7,72.83,2.3,1007.65
2020-12-17,5.7,1.0,3.2,98,76,89,16.4,9.7,31.3,161,1024.1,0.0,0.0,0.0,3.62,25508.81,40,0.37,,,,1.57,-0.5,4.2,24.17,3.3,1010.05
2020-12-18,6.6,0.2,2.8,97,84,92,11.3,7.5,19.8,211,1027.1,0.0,0.0,0.0,3.78,27465.32,46,0.31,,,,1.57,-0.6,4.3,24.04,5.1,1012.94
2020-12-19,5.7,0.9,2.6,93,78,90,14.5,10.4,29.2,169,1025.2,0.0,0.0,0.0,2.88,25001.39,59,0.32,,,,1.05,-0.3,2.2,52.08,7.4,1011.12
2020-12-20,5.8,1.2,3.0,91,76,84,16.6,12.6,30.2,177,1025.2,0.0,0.0,0.0,3.23,26465.05,65,0.43,,,,0.58,-0.1,1.8,62.46,9.4,1011.07
2020-12-21,5.6,1.5,3.2,92,77,85,16.7,9.6,29.9,185,1025.2,0.3,0.3,0.0,2.21,10238.49,77,0.34,,,,0.84,0.1,1.9,64.38,6.5,1011.13
2020-12-22,10.1,1.8,6.1,91,75,85,23.4,17.7,42.8,204,1015.4,6.8,6.8,0.0,0.92,480.1,84,0.45,,,,3.84,0.5,8.4,46.38,12.4,1001.57
2020-12-23,9.9,6.9,8.3,99,92,96,16.0,9.1,33.1,184,1014.2,3.5,3.5,0.0,2.07,6076.09,98,0.23,,,,7.63,6.7,8.6,59.79,4.2,1000.56
2020-12-24,11.4,4.2,8.5,94,71,83,28.7,17.2,58.3,247,1005.6,3.4,3.4,0.0,1.67,8399.93,88,0.61,,,,5.7,1.5,9.1,46.75,10.6,992.06
2020-12-25,4.2,0.9,3.1,95,82,91,21.0,13.7,44.3,314,1014.2,2.3,2.3,0.0,1.41,6141.39,91,0.22,,,,1.78,-0.4,2.9,85.29,9.7,1000.27
2020-12-26,2.4,-0.3,0.8,94,59,77,20.4,15.2,37.1,269,1021.3,0.1,0.0,0.07,2.15,16562.56,78,0.51,,,,-2.95,-6.1,-0.6,74.46,8.7,1007.17
2020-12-27,2.8,-1.7,0.4,79,57,67,23.2,17.8,43.2,157,1009.3,0.0,0.0,0.0,4.2,27715.09,38,0.9,,,,-5.12,-6.7,-2.1,26.33,11.7,995.3
2020-12-28,5.6,1.6,3.7,83,69,74,28.5,19.3,52.9,145,989.7,0.6,0.6,0.0,1.35,0.0,98,0.79,,,,-0.45,-1.5,1.2,75.21,9.8,976.14
2020-12-29,6.8,0.6,4.8,92,62,79,23.2,15.0,52.9,188,990.9,3.9,3.9,0.0,3.14,16438.56,60,0.63,,,,1.32,-2.5,4.6,28.42,7.7,977.32
2020-12-30,4.3,-2.0,0.5,94,83,89,11.3,6.6,19.4,195,1003.8,0.1,0.1,0.0,3.0,16320.42,68,0.28,,,,-1.1,-3.3,1.8,0.79,2.5,989.88
2020-12-31,4.4,-3.0,-0.6,99,75,90,11.5,7.6,20.9,172,1009.0,0.0,0.0,0.0,4.19,27926.38,27,0.32,,,,-2.04,-4.0,0.8,11.58,3.2,994.94
2021-01-01,2.0,-3.2,-1.6,99,73,91,13.4,9.9,26.6,134,1009.8,0.3,0.1,0.14,2.85,15492.06,75,0.26,,,,-2.84,-4.5,-1.6,29.21,5.1,995.65
2021-01-02,1.4,-2.4,-0.5,97,85,91,8.0,5.3,12.6,134,1015.2,0.2,0.0,0.14,1.39,2120.19,92,0.19,,,,-1.81,-4.1,-0.2,61.08,3.1,1001.1
2021-01-03,2.5,-0.9,1.1,96,94,95,14.2,9.7,29.9,78,1014.1,9.1,9.1,0.0,1.27,2791.39,99,0.16,,,,0.4,-1.5,1.8,53.54,4.7,1000.12
2021-01-04,3.5,0.0,1.6,98,93,96,12.1,5.6,20.9,60,1015.5,3.1,3.1,0.0,1.29,0.0,99,0.17,,,,1.1,-0.3,2.5,91.83,2.5,1001.48
2021-01-05,2.5,0.6,1.4,99,96,98,13.8,11.5,26.3,346,1013.2,7.4,3.5,2.73,0.59,0.0,100,0.11,,,,1.1,0.4,1.9,100.0,7.8,999.18
2021-01-06,2.9,0.5,1.0,100,84,95,10.5,6.6,21.6,243,1011.1,1.9,0.7,0.84,2.88,17914.9,96,0.26,,,,0.24,-0.6,0.6,87.46,0.7,997.13
2021-01-07,1.2,-2.3,0.2,98,75,88,19.8,11.9,40.0,262,1011.6,2.1,0.1,1.4,1.76,683.56,94,0.26,,,,-1.53,-4.2,0.2,73.58,7.9,997.55
2021-01-08,2.0,-2.7,-0.5,89,73,83,12.6,9.3,22.7,230,1013.6,1.1,0.0,0.77,4.02,26341.47,73,0.36,,,,-3.08,-4.4,-1.9,31.96,5.8,999.46
2021-01-09,1.5,-2.1,-0.3,95,70,85,16.2,9.8,30.6,275,1019.4,0.4,0.1,0.21,2.46,14321.48,81,0.32,,,,-2.48,-3.6,-0.7,80.71,6.0,1005.25
2021-01-10,1.9,-1.1,0.3,96,79,90,11.5,6.8,21.2,275,1023.9,0.6,0.1,0.35,1.93,9187.34,93,0.25,,,,-1.26,-2.6,0.1,92.96,3.4,1009.71
2021-01-11,1.9,-4.2,-1.5,97,60,82,12.1,8.3,24.1,202,1021.7,0.0,0.0,0.0,4.75,25671.54,43,0.44,,,,-4.26,-5.9,-1.4,18.75,3.5,1007.4
2021-01-12,1.9,-2.7,0.0,94,66,75,23.5,17.1,43.6,226,1008.0,2.8,0.9,1.33,0.98,0.0,98,0.6,,,,-3.96,-7.1,0.6,68.75,9.7,994.0
2021-01-13,2.5,-0.4,1.0,93,74,84,29.5,20.6,59.4,276,1007.3,3.4,0.1,2.31,2.42,16129.41,82,0.49,,,,-1.5,-2.5,0.1,59.5,11.4,993.4
2021-01-14,0.8,-1.6,-0.2,92,82,87,24.0,16.6,43.6,309,1009.9,3.6,0.0,2.52,2.66,14726.53,87,0.35,,,,-2.19,-3.6,-0.7,77.5,12.9,995.9
2021-01-15,-0.9,-4.0,-2.1,94,79,89,13.6,8.9,25.9,322,1019.9,1.3,0.0,0.91,2.07,10249.45,88,0.21,,,,-3.72,-5.6,-2.2,61.75,1.8,1005.65
2021-01-16,-2.9,-4.4,-3.6,90,78,87,25.1,19.4,46.1,299,1021.0,2.6,0.0,1.82,2.39,874.61,98,0.3,,,,-5.47,-6.9,-4.3,90.67,14.1,1006.62
2021-01-17,-3.1,-14.4,-9.4,90,81,85,25.1,9.7,46.1,20,1020.6,0.9,0.0,0.7,5.64,28800.0,35,0.26,,,,-11.39,-15.9,-4.5,34.62,4.5,1005.89
2021-01-18,-2.4,-18.0,-9.1,95,80,86,10.7,6.5,15.1,133,1022.1,1.9,0.0,1.33,3.76,14903.43,76,0.26,,,,-11.07,-19.4,-3.1,61.5,4.3,1007.38
2021-01-19,2.7,-0.9,1.6,96,83,89,21.4,14.9,38.5,240,1013.5,5.0,1.6,2.38,2.92,412.74,100,0.35,,,,-0.09,-1.5,0.6,75.0,7.6,999.48
2021-01-20,7.6,1.8,3.9,92,66,80,20.9,13.7,38.9,216,1008.0,2.3,2.3,0.0,5.1,28800.0,76,0.72,,,,0.62,-0.9,1.6,27.88,9.2,994.23
2021-01-21,8.2,2.6,4.9,81,66,74,19.6,14.6,35.6,167,1004.4,0.3,0.3,0.0,4.19,26145.48,69,0.87,,,,0.62,-1.1,2.5,9.12,8.8,990.69
2021-01-22,10.8,3.8,6.3,87,64,75,20.4,15.0,37.8,169,997.9,0.3,0.3,0.0,3.74,18000.0,81,0.94,,,,2.05,-0.2,4.3,4.54,8.4,984.39
2021-01-23,10.4,0.6,4.7,95,76,87,28.3,14.9,52.6,205,995.5,1.6,1.6,0.0,2.07,3256.58,95,0.49,,,,2.7,-0.4,6.3,59.67,3.3,981.88
2021-01-24,3.8,-0.9,1.1,99,73,91,13.4,5.5,24.5,225,996.9,1.5,0.9,0.42,2.51,5679.61,80,0.31,,,,-0.29,-2.8,0.9,64.38,0.8,983.1
2021-01-25,1.7,-1.1,0.4,96,82,90,19.9,12.3,38.2,291,1002.2,0.2,0.0,0.14,2.08,1499.41,88,0.28,,,,-1.0,-2.7,0.1,81.96,7.7,988.27
2021-01-26,2.7,-1.4,0.0,93,64,81,19.5,15.9,37.1,282,1010.6,0.3,0.0,0.21,5.64,28871.52,55,0.63,,,,-3.02,-4.1,-1.7,44.67,11.3,996.6
2021-01-27,2.8,-2.2,0.6,90,60,79,21.8,14.7,40.7,289,1014.0,0.2,0.0,0.14,2.7,13295.98,85,0.56,,,,-2.65,-4.4,-1.6,70.08,3.5,999.99
2021-01-28,4.9,-3.9,0.3,100,74,86,18.2,9.8,34.9,233,1006.0,3.2,2.1,0.77,1.56,1666.7,84,0.37,,,,-1.8,-5.2,0.7,75.0,6.4,992.0
2021-01-29,0.5,-4.1,-1.3,93,66,83,11.7,8.6,21.2,354,1000.1,3.3,0.0,2.31,4.39,17870.19,89,0.43,,,,-3.85,-5.2,-1.0,33.46,2.4,986.15
2021-01-30,-0.2,-6.2,-2.1,92,77,87,19.3,12.1,38.9,353,999.4,6.6,0.0,4.62,2.89,956.57,91,0.31,,,,-3.9,-7.7,-2.8,87.08,6.2,985.41
2021-01-31,-2.3,-10.5,-6.6,90,69,83,12.1,7.0,17.3,193,1007.5,0.0,0.0,0.0,6.53,30712.93,51,0.44,,,,-9.05,-12.2,-6.7,32.58,3.0,993.12
2021-02-01,-2.7,-11.7,-7.4,89,58,81,17.3,13.2,32.4,115,1004.1,0.0,0.0,0.0,6.54,28561.76,67,0.47,,,,-10.28,-13.4,-7.3,1.38,8.9,989.72
2021-02-02,3.5,-7.4,0.1,91,77,85,14.2,9.7,29.2,181,1004.5,1.2,1.2,0.0,2.52,3600.0,91,0.34,,,,-2.07,-9.6,1.1,63.33,5.8,990.58
2021-02-03,9.9,1.5,5.5,93,81,89,19.6,12.6,42.1,206,1002.3,3.6,3.6,0.0,4.66,14471.89,95,0.58,,,,3.8,0.6,7.1,50.21,7.3,988.68
2021-02-04,7.6,-0.3,3.1,92,81,87,40.8,16.4,75.6,287,1009.1,2.5,1.3,0.84,1.18,0.0,93,0.41,,,,1.12,-1.9,4.8,78.58,3.4,995.24
2021-02-05,1.5,-1.1,-0.1,91,73,81,15.2,11.8,28.4,90,1020.1,0.7,0.0,0.49,2.75,597.6,98,0.46,,,,-2.96,-4.8,-1.6,84.04,7.9,1005.97
2021-02-06,0.1,-3.8,-1.3,81,38,64,22.6,17.0,42.5,82,1019.5,0.4,0.0,0.28,4.01,5287.67,99,0.94,,,,-7.34,-15.9,-4.1,31.58,13.0,1005.25
2021-02-07,-4.3,-7.2,-6.3,74,38,62,25.9,21.7,49.3,80,1013.3,5.2,0.1,3.57,1.69,0.0,100,0.76,,,,-12.55,-16.4,-10.8,56.08,18.9,998.89
2021-02-08,-7.1,-13.2,-8.7,91,75,82,22.8,13.7,45.0,61,1002.4,11.1,0.0,7.84,3.69,0.0,95,0.34,,,,-11.15,-14.4,-9.7,86.21,2.1,988.06
2021-02-09,-7.1,-16.6,-10.8,98,80,88,9.1,3.8,11.5,300,1005.7,2.0,0.0,1.4,5.85,10800.0,94,0.33,,,,-12.46,-17.0,-9.8,84.46,0.4,991.11
2021-02-10,-8.0,-10.9,-9.6,92,82,86,10.9,7.1,19.4,319,1010.5,0.7,0.0,0.49,6.54,17645.16,98,0.33,,,,-11.42,-12.5,-10.2,91.88,3.4,996.0
2021-02-11,-6.2,-13.4,-9.5,87,78,84,17.1,12.4,33.1,327,1023.0,0.2,0.0,0.21,5.66,12106.62,76,0.32,,,,-11.72,-15.1,-8.9,60.96,8.8,1008.31
2021-02-12,-6.2,-17.1,-11.0,88,82,86,21.5,12.4,38.5,313,1032.8,0.2,0.0,0.14,7.59,30204.57,42,0.33,,,,-12.93,-18.9,-8.6,40.54,7.2,1017.87
2021-02-13,-2.9,-10.8,-5.7,90,86,89,21.9,17.2,40.3,306,1037.1,0.6,0.1,0.35,5.4,7438.33,65,0.33,,,,-7.22,-12.1,-4.3,65.92,9.3,1022.4
2021-02-14,-4.3,-9.4,-7.1,89,83,87,21.3,17.4,38.2,294,1040.4,0.0,0.0,0.0,9.55,35259.66,14,0.49,,,,-8.91,-11.1,-6.7,14.71,13.7,1025.53
2021-02-15,-5.4,-16.5,-10.6,92,65,81,16.0,8.7,28.1,188,1037.1,0.0,0.0,0.0,10.27,32556.26,38,0.6,,,,-13.4,-17.9,-9.9,0.29,2.3,1022.13
2021-02-16,1.2,-7.3,-1.9,92,76,87,15.8,9.5,29.5,167,1022.6,2.9,0.2,1.89,2.62,0.0,99,0.36,,,,-3.76,-10.5,-0.2,69.79,4.0,1008.31
2021-02-17,4.7,-0.2,2.6,93,90,92,24.0,15.2,43.2,272,1015.1,2.3,2.3,0.0,2.64,0.0,100,0.34,,,,1.39,-1.3,3.2,76.79,5.9,1001.1
2021-02-18,5.8,0.4,3.3,97,86,93,15.9,9.7,31.7,190,1020.5,0.1,0.1,0.0,5.02,21336.46,84,0.54,,,,2.31,0.0,4.2,65.29,1.9,1006.44
2021-02-19,8.5,-0.1,3.4,94,71,86,20.1,12.7,43.2,230,1018.7,1.5,1.5,0.0,5.75,21600.0,72,0.72,,,,1.21,-1.7,5.0,29.75,6.8,1004.75
2021-02-20,9.8,-3.2,2.8,94,59,80,14.6,10.3,27.4,161,1023.8,0.0,0.0,0.0,8.4,34046.41,62,1.09,,,,-0.63,-4.1,2.4,1.79,3.7,1009.69
2021-02-21,11.3,2.7,5.3,90,63,80,16.2,12.8,29.9,180,1023.2,0.0,0.0,0.0,9.39,35873.53,44,1.23,,,,1.99,0.8,4.4,27.08,10.5,1009.28
2021-02-22,9.9,-0.7,4.9,94,68,84,18.8,11.2,36.4,201,1024.5,0.0,0.0,0.0,8.67,36000.0,18,1.07,,,,2.27,-1.6,4.4,19.71,7.4,1010.56
2021-02-23,14.9,-2.0,5.1,94,56,81,11.4,8.0,14.4,247,1032.3,0.0,0.0,0.0,10.07,36000.0,26,1.35,,,,1.72,-3.0,8.7,0.75,2.2,1018.18
2021-02-24,17.6,2.2,7.9,91,64,80,15.5,8.5,17.6,219,1033.6,0.0,0.0,0.0,10.66,36000.0,26,1.54,,,,4.66,0.3,13.8,0.0,2.6,1019.59
2021-02-25,17.9,1.0,8.6,92,59,75,10.4,7.5,16.9,203,1029.0,0.0,0.0,0.0,11.04,36000.0,0,1.64,,,,4.39,-0.2,11.6,0.0,4.3,1015.16
2021-02-26,12.4,2.5,6.7,92,66,82,22.2,13.0,43.2,295,1027.2,0.8,0.8,0.0,8.04,23507.31,59,1.15,,,,3.77,0.9,7.6,28.29,2.8,1013.27
2021-02-27,6.9,3.4,5.1,92,70,84,22.3,19.0,44.3,299,1033.6,0.2,0.2,0.0,4.23,7381.04,76,0.74,,,,2.65,1.6,4.2,74.83,14.3,1019.51
2021-02-28,8.6,1.4,4.5,94,61,81,20.0,15.4,40.0,298,1036.0,0.0,0.0,0.0,11.09,36000.0,54,1.26,,,,1.35,0.2,2.7,36.92,12.0,1021.81
2021-03-01,5.4,2.3,3.7,94,78,86,11.8,6.8,25.2,280,1036.4,0.0,0.0,0.0,4.83,2804.24,96,0.62,,,,1.48,0.8,2.0,95.58,1.1,1022.2
2021-03-02,11.4,-2.5,3.7,98,63,86,11.0,6.7,19.8,253,1034.8,0.0,0.0,0.0,12.32,36617.38,8,1.4,,,,1.36,-2.8,5.2,4.92,2.6,1020.61
2021-03-03,12.8,-1.9,3.9,96,51,84,13.1,6.5,18.7,247,1028.6,0.0,0.0,0.0,12.66,37012.69,14,1.52,,,,1.15,-2.7,6.2,0.0,1.4,1014.52
2021-03-04,11.2,0.8,5.9,89,57,76,26.3,16.2,54.4,297,1017.3,0.6,0.6,0.0,9.55,34827.36,68,1.42,,,,1.84,-1.9,4.8,42.29,9.0,1003.5
2021-03-05,3.4,-2.0,1.2,97,47,74,17.7,12.9,37.1,352,1021.7,1.9,0.9,0.7,9.93,26636.27,61,1.11,,,,-3.21,-7.0,0.6,50.25,5.2,1007.6
2021-03-06,5.5,-3.2,0.8,77,43,62,21.8,14.1,41.4,285,1030.7,0.0,0.0,0.0,12.14,38136.91,23,1.59,,,,-5.91,-7.2,-4.1,19.96,9.6,1016.38
2021-03-07,5.1,0.4,2.8,78,55,67,26.9,18.5,51.8,272,1022.6,0.0,0.0,0.0,5.72,3744.38,91,1.27,,,,-2.72,-4.0,-1.5,89.71,10.4,1008.59
2021-03-08,4.0,-2.2,1.5,92,44,67,17.1,11.7,31.3,325,1020.5,1.3,0.1,0.84,12.03,35338.13,71,1.42,,,,-4.27,-7.4,-0.2,66.33,5.3,1006.42
2021-03-09,4.3,-4.3,-0.7,82,39,64,7.6,5.7,18.7,176,1021.8,0.0,0.0,0.0,11.99,36287.56,73,1.28,,,,-7.1,-8.9,-5.1,15.54,1.5,1007.55
2021-03-10,5.9,-5.8,-0.7,85,27,58,11.6,5.8,19.8,126,1020.9,0.0,0.0,0.0,14.43,40426.48,7,1.61,,,,-9.08,-12.0,-5.4,0.12,1.1,1006.68
2021-03-11,6.1,-2.5,2.1,85,48,67,28.2,19.8,50.8,177,1009.5,2.3,2.3,0.0,2.88,0.0,92,1.07,,,,-3.55,-12.1,3.3,23.04,12.4,995.61
2021-03-12,9.2,3.3,6.1,90,48,74,33.1,21.0,64.1,257,1005.4,4.0,4.0,0.0,10.69,30727.91,49,1.54,,,,1.57,-2.2,4.2,23.0,9.6,991.73
2021-03-13,10.6,3.7,7.1,77,59,66,26.8,22.2,64.4,218,1003.2,0.9,0.9,0.0,8.14,16624.32,84,1.94,,,,1.1,-2.5,3.3,7.12,15.0,989.62
2021-03-14,7.8,2.8,5.7,87,55,70,36.7,22.8,69.5,262,1003.6,0.9,0.9,0.0,11.29,38498.0,62,1.75,,,,0.45,-0.8,1.2,17.38,10.8,989.89
2021-03-15,8.2,0.9,3.9,91,54,79,17.8,11.2,38.2,262,1008.4,1.6,1.6,0.0,11.73,37841.93,38,1.37,,,,0.36,-1.0,2.0,22.46,5.8,994.61
2021-03-16,5.1,0.2,2.9,97,88,93,20.8,14.3,40.3,297,1012.6,5.8,5.8,0.0,4.03,3755.77,93,0.43,,,,1.92,-0.8,4.0,82.92,7.4,998.67
2021-03-17,4.8,0.4,2.5,100,71,87,16.3,13.1,35.3,334,1019.0,0.5,0.5,0.0,9.09,27479.54,70,0.9,,,,0.58,-1.2,1.8,70.92,9.5,1005.02
2021-03-18,5.5,-4.1,1.0,97,54,80,13.6,8.1,31.0,325,1020.7,1.9,0.6,0.91,13.58,41675.84,51,1.36,,,,-2.38,-5.2,0.3,23.79,3.9,1006.57
2021-03-19,4.5,-3.3,0.3,98,50,78,18.7,9.1,36.0,13,1019.0,4.2,0.4,2.66,11.38,31121.69,87,1.31,,,,-3.44,-11.4,-1.2,24.83,3.1,1004.89
2021-03-20,1.0,-5.5,-2.5,83,45,65,14.5,10.7,32.8,337,1025.7,0.3,0.0,0.21,12.66,39600.0,38,1.27,,,,-8.47,-10.6,-7.2,25.79,5.3,1011.37
2021-03-21,4.3,-3.6,1.4,94,60,78,23.0,16.9,42.1,266,1014.2,6.2,4.8,0.98,2.34,0.0,92,0.68,,,,-2.06,-9.1,3.4,80.75,11.8,1000.18
2021-03-22,6.7,-1.5,2.1,91,46,72,19.1,12.7,46.1,334,1017.0,0.8,0.4,0.28,13.36,43200.0,42,1.54,,,,-2.77,-4.6,0.1,10.67,6.9,1002.93
2021-03-23,7.1,-1.2,4.0,85,63,78,21.3,15.4,40.7,301,1022.1,0.2,0.2,0.0,3.69,935.74,90,0.88,,,,0.38,-4.5,3.5,75.33,9.1,1008.13
2021-03-24,8.9,3.0,5.5,91,62,79,12.6,8.0,24.1,278,1024.0,0.0,0.0,0.0,6.72,5126.94,85,1.04,,,,2.0,1.0,3.0,84.92,2.7,1010.09
2021-03-25,14.3,-0.3,6.8,96,50,79,8.0,5.4,19.8,176,1020.9,0.0,0.0,0.0,15.38,41159.41,67,2.12,,,,2.93,-1.0,8.9,27.04,1.6,1007.08
2021-03-26,16.7,3.0,9.1,94,48,76,10.8,6.8,25.6,173,1020.4,0.4,0.4,0.0,15.55,43200.0,40,2.23,,,,4.75,1.6,9.5,3.62,3.3,1006.68
2021-03-27,15.2,4.8,8.5,89,51,70,32.5,15.2,61.6,233,1018.9,1.3,1.3,0.0,9.86,27693.46,64,1.89,,,,3.25,-0.4,6.2,6.71,7.0,1005.2
2021-03-28,10.4,1.9,6.5,81,43,63,20.5,14.9,41.0,262,1029.3,0.0,0.0,0.0,12.32,29303.81,71,2.11,,,,-0.34,-1.7,0.6,26.04,9.2,1015.32
2021-03-29,12.4,4.5,9.4,82,61,70,12.4,10.1,24.5,222,1029.6,1.6,1.6,0.0,5.72,3161.43,96,1.33,,,,4.25,0.2,8.8,28.58,5.7,1015.74
2021-03-30,19.6,8.4,13.5,89,46,65,14.7,11.6,30.2,291,1029.6,0.0,0.0,0.0,16.54,43200.0,30,3.05,,,,6.86,4.2,10.4,3.12,6.1,1015.99
2021-03-31,21.2,5.3,12.7,89,37,70,9.5,5.8,15.1,251,1024.5,0.0,0.0,0.0,17.89,43200.0,39,2.88,,,,6.69,3.3,13.3,0.0,1.6,1010.92
2021-04-01,18.4,6.8,11.9,90,46,71,18.0,10.9,36.7,298,1015.7,0.2,0.2,0.0,11.77,26629.56,61,2.33,,,,6.36,3.2,8.1,1.21,5.5,1002.12
2021-04-02,10.4,4.7,7.4,94,46,73,18.0,11.0,37.8,333,1017.3,2.4,2.4,0.0,17.05,38611.73,58,2.18,,,,2.42,-0.9,8.4,50.58,4.7,1003.5
2021-04-03,8.7,2.3,5.0,93,62,80,21.0,16.0,45.7,328,1017.8,3.4,3.4,0.0,13.53,33261.64,71,1.58,,,,1.69,-0.1,3.1,43.67,11.9,1003.9
2021-04-04,9.0,-0.8,3.9,96,41,72,13.6,9.2,31.0,281,1020.8,0.0,0.0,0.0,13.21,38498.41,37,1.69,,,,-1.23,-3.7,0.6,33.21,5.1,1006.85
2021-04-05,12.4,1.3,4.9,95,49,71,31.8,18.5,63.7,250,1003.7,4.3,4.3,0.0,9.12,19589.13,72,1.69,,,,-0.19,-3.9,3.7,11.54,9.9,990.05
2021-04-06,5.2,-0.6,1.9,77,46,63,28.8,19.6,56.2,272,1005.8,0.3,0.0,0.21,17.28,43200.0,61,2.09,,,,-4.64,-6.2,-2.5,23.67,12.3,991.91
2021-04-07,5.6,-1.2,2.1,82,46,65,24.5,18.7,53.6,273,1009.1,0.4,0.3,0.07,15.92,34844.62,54,1.95,,,,-3.96,-7.2,-1.5,32.0,13.0,995.2
2021-04-08,6.6,0.8,3.1,85,50,72,28.5,21.5,58.3,277,1018.3,2.6,0.7,1.33,11.49,32350.63,72,1.53,,,,-1.56,-4.1,0.6,52.71,11.8,1004.28
2021-04-09,12.6,-0.8,5.8,82,39,59,21.2,14.2,43.6,204,1019.4,0.0,0.0,0.0,18.82,40149.83,54,2.78,,,,-2.05,-5.2,0.5,0.0,8.4,1005.51
2021-04-10,15.0,0.9,7.6,87,45,69,18.7,9.4,42.5,214,1015.4,0.0,0.0,0.0,11.23,22894.73,78,1.97,,,,1.95,-2.2,6.2,6.67,3.0,1001.68
2021-04-11,16.3,3.9,10.6,92,45,68,23.4,14.4,49.0,148,1013.8,0.0,0.0,0.0,17.52,39016.02,58,3.0,,,,4.38,2.0,6.6,6.5,8.2,1000.2
2021-04-12,8.4,3.1,6.0,94,72,82,21.9,17.0,43.6,309,1019.4,2.3,2.3,0.0,4.86,699.32,83,0.91,,,,3.12,1.4,6.4,71.92,6.6,1005.59
2021-04-13,8.2,2.6,5.3,94,40,68,19.3,13.9,40.0,321,1026.5,2.3,2.3,0.0,12.75,21320.81,99,1.96,,,,-0.76,-4.7,2.5,36.71,6.6,1012.47
2021-04-14,7.9,2.8,4.9,83,57,69,22.5,15.8,44.3,331,1024.6,2.1,1.9,0.14,14.28,29284.97,99,1.88,,,,-0.49,-2.5,2.0,26.12,10.0,1010.65
2021-04-15,3.0,1.2,1.9,99,72,93,26.3,17.5,48.2,318,1023.0,11.3,7.2,2.87,3.87,0.0,100,0.38,,,,0.95,-1.5,1.7,76.25,9.7,1008.9
2021-04-16,5.1,1.5,3.3,99,81,92,20.5,15.1,37.8,309,1021.0,3.5,3.5,0.0,3.47,0.0,100,0.55,,,,2.05,1.1,3.1,100.0,12.2,1007.01
2021-04-17,7.4,2.8,4.8,97,77,89,14.8,9.6,27.4,299,1020.5,1.3,1.3,0.0,6.04,559.31,95,0.85,,,,3.15,2.2,4.7,94.5,4.0,1006.6
2021-04-18,10.6,4.4,7.1,97,73,89,12.6,5.2,31.0,215,1019.7,3.5,3.5,0.0,10.28,26075.13,90,1.34,,,,5.3,3.5,7.3,72.5,0.7,1005.88
2021-04-19,15.4,4.1,9.0,97,67,86,11.6,8.0,35.3,350,1018.2,4.4,4.4,0.0,10.83,26451.26,72,1.63,,,,6.68,3.4,10.0,49.92,4.3,1004.45
2021-04-20,15.6,4.6,9.5,99,57,83,10.1,7.4,24.8,308,1015.2,0.2,0.2,0.0,19.1,48695.32,35,2.62,,,,6.53,4.3,9.2,10.88,4.9,1001.54
2021-04-21,15.6,5.2,10.6,96,46,72,18.7,10.2,38.9,278,1013.0,0.4,0.4,0.0,19.69,49036.23,27,2.9,,,,5.25,3.2,8.2,3.25,5.2,999.42
2021-04-22,9.6,4.7,7.3,83,40,61,30.0,20.5,58.3,290,1017.4,0.4,0.4,0.0,19.42,46555.54,63,2.8,,,,-0.1,-3.2,4.7,31.12,9.4,1003.62
2021-04-23,8.9,4.1,6.2,84,48,70,25.8,18.4,51.5,284,1023.5,0.9,0.9,0.0,13.26,35368.48,62,1.98,,,,0.89,-2.2,2.7,46.54,10.0,1009.56
2021-04-24,11.8,2.3,7.4,89,48,67,20.5,10.8,40.3,294,1023.5,0.0,0.0,0.0,11.26,19290.84,82,2.03,,,,1.21,0.0,2.7,39.42,6.4,1009.68
2021-04-25,9.2,2.2,5.8,77,39,57,22.4,12.7,46.8,322,1022.3,0.3,0.3,0.0,19.22,43920.02,54,2.64,,,,-2.44,-4.2,0.4,16.46,4.4,1008.35
2021-04-26,8.9,0.2,4.4,79,38,57,11.8,8.8,28.1,323,1020.9,0.0,0.0,0.0,16.33,41622.46,50,2.3,,,,-3.77,-5.1,-2.1,20.71,5.7,1006.91
2021-04-27,10.4,-2.5,4.9,87,37,59,12.3,8.9,27.4,95,1016.7,0.0,0.0,0.0,23.59,50400.0,14,3.09,,,,-3.28,-4.2,-1.1,2.0,3.2,1002.78
2021-04-28,16.6,1.6,9.0,65,34,55,18.9,13.4,43.2,127,1010.7,0.0,0.0,0.0,15.57,45177.75,51,3.05,,,,0.16,-4.2,5.5,1.08,8.0,997.07
2021-04-29,17.7,5.2,11.6,82,54,72,17.3,11.5,46.8,184,1005.3,0.5,0.5,0.0,14.23,37039.86,86,2.54,,,,6.46,2.2,9.9,12.62,6.2,991.89
2021-04-30,14.8,8.1,10.8,92,46,67,25.2,15.5,51.5,291,1010.5,0.0,0.0,0.0,23.17,50400.0,58,3.36,,,,4.54,1.9,8.4,11.96,4.2,997.0
2021-05-01,12.0,7.2,9.4,91,68,79,12.6,6.6,22.7,69,1013.5,9.8,9.8,0.0,9.28,5608.8,99,1.55,,,,5.9,4.6,6.6,74.46,4.2,999.92
2021-05-02,8.8,5.8,7.4,95,82,89,35.4,20.2,67.7,333,1007.7,36.8,36.8,0.0,4.16,6642.7,94,0.65,,,,5.77,4.0,7.1,81.5,11.0,994.06
2021-05-03,9.9,4.8,7.2,89,50,69,31.1,21.8,60.1,278,1017.5,1.0,1.0,0.0,17.25,45985.56,66,2.42,,,,1.55,-0.6,4.8,49.71,8.4,1003.67
2021-05-04,17.1,3.6,10.8,76,40,58,27.8,17.8,54.4,207,1009.2,0.2,0.2,0.0,16.71,31900.52,93,3.45,,,,2.67,-1.4,6.1,0.88,8.5,995.69
2021-05-05,13.6,7.5,11.0,78,45,63,24.8,19.1,50.0,234,1002.7,0.3,0.3,0.0,14.43,25549.47,70,2.91,,,,4.07,0.8,6.9,3.17,14.1,989.27
2021-05-06,12.1,4.2,8.4,78,44,63,24.3,16.9,54.7,246,1008.4,0.5,0.5,0.0,21.41,47267.54,49,3.05,,,,1.7,-1.1,4.8,9.62,3.6,994.8
2021-05-07,11.0,5.5,8.0,93,54,77,31.8,14.7,62.6,289,1008.1,5.4,5.4,0.0,16.79,32178.61,73,2.19,,,,4.08,1.0,6.3,60.71,2.1,994.5
2021-05-08,13.4,3.5,8.4,88,40,64,21.1,15.1,46.1,267,1019.0,0.6,0.6,0.0,21.6,51060.6,28,3.08,,,,1.43,-0.2,3.4,6.79,3.1,1005.3
2021-05-09,21.8,6.1,14.1,72,41,59,20.9,15.6,40.7,163,1015.5,0.0,0.0,0.0,25.65,51547.31,51,4.76,,,,6.01,0.9,11.1,0.0,11.9,1002.07
2021-05-10,25.2,10.4,17.5,81,42,57,20.8,15.1,41.4,155,1011.2,0.0,0.0,0.0,25.38,51507.41,45,5.22,,,,8.58,2.7,13.9,0.0,8.5,997.96
2021-05-11,28.2,13.4,20.6,84,32,57,23.5,17.1,45.7,139,1007.6,0.0,0.0,0.0,26.31,52285.4,14,6.09,,,,11.18,8.2,13.7,0.0,9.8,994.55
2021-05-12,23.6,14.2,19.0,97,54,70,19.2,11.7,34.2,291,1005.3,12.6,12.6,0.0,21.21,51399.22,57,4.14,,,,13.26,8.9,15.9,23.67,5.8,992.22
2021-05-13,19.8,12.4,15.1,96,57,85,21.6,13.4,40.3,306,1001.6,1.5,1.5,0.0,16.78,34603.67,79,2.68,,,,12.49,11.1,14.4,62.79,8.2,988.41
2021-05-14,14.5,9.9,12.6,94,68,83,21.6,16.8,43.6,284,1004.6,1.2,1.2,0.0,10.89,8230.61,91,1.82,,,,9.67,7.7,11.4,81.54,6.4,991.21
2021-05-15,17.9,6.6,13.1,95,48,73,17.7,8.1,35.3,204,1008.4,1.5,1.5,0.0,19.18,38922.96,70,3.23,,,,8.07,5.8,9.9,3.21,1.8,994.98
2021-05-16,16.4,10.2,13.1,96,55,79,14.3,7.5,33.1,206,1004.8,4.9,4.9,0.0,17.65,41085.69,54,2.66,,,,9.29,7.2,10.6,11.42,1.5,991.44
2021-05-17,17.4,7.6,12.7,94,59,78,14.1,5.8,23.8,204,1004.1,0.4,0.4,0.0,16.28,29855.99,77,2.61,,,,8.84,6.6,11.6,8.96,1.3,990.75
2021-05-18,16.1,10.4,13.0,85,62,74,22.3,16.5,43.9,294,1008.7,2.3,2.3,0.0,19.2,45138.7,86,3.02,,,,8.43,6.9,10.9,33.54,8.4,995.31
2021-05-19,15.5,7.8,11.4,95,61,81,18.3,11.0,38.5,297,1013.2,3.1,3.1,0.0,20.79,49261.84,58,2.91,,,,8.16,6.7,10.8,23.62,7.1,999.72
2021-05-20,16.3,7.3,11.8,94,52,76,20.9,12.0,42.1,295,1017.0,0.6,0.6,0.0,23.27,52582.13,50,3.33,,,,7.38,5.8,9.4,15.38,6.0,1003.44
2021-05-21,19.0,6.8,13.6,91,43,67,23.6,15.0,50.8,215,1011.5,0.0,0.0,0.0,22.45,40212.22,83,4.05,,,,7.08,5.3,8.8,0.46,6.6,998.11
2021-05-22,17.0,9.6,12.9,88,43,73,28.1,13.5,55.4,233,1007.5,5.1,5.1,0.0,17.31,30724.2,71,2.87,,,,7.81,4.3,10.5,16.58,6.2,994.12
2021-05-23,16.2,6.8,12.0,88,50,72,21.7,11.3,42.5,255,1013.9,0.8,0.8,0.0,19.67,52567.09,55,3.05,,,,6.82,4.3,8.7,5.92,6.9,1000.4
2021-05-24,19.3,5.8,13.5,95,47,70,21.4,12.8,42.5,164,1018.0,0.1,0.1,0.0,21.42,38815.64,61,3.79,,,,7.64,4.9,9.1,14.46,5.7,1004.48
2021-05-25,14.8,10.0,12.8,91,52,73,24.6,15.8,46.4,236,1013.6,1.3,1.3,0.0,10.68,7569.52,86,2.25,,,,7.9,4.7,10.8,19.88,8.3,1000.17
2021-05-26,17.0,7.9,12.3,80,47,66,22.9,16.7,62.6,217,1015.3,0.4,0.4,0.0,18.9,35990.07,70,3.41,,,,5.96,3.8,8.3,8.33,11.7,1001.78
2021-05-27,16.5,9.6,13.1,88,46,67,21.0,14.0,38.9,252,1014.8,0.2,0.2,0.0,19.91,50463.62,54,3.42,,,,6.94,4.7,9.1,19.58,7.2,1001.38
2021-05-28,15.9,7.9,12.1,91,60,79,20.4,13.7,42.1,287,1019.2,1.2,1.2,0.0,19.59,44234.64,57,2.84,,,,8.44,6.4,10.5,27.42,7.5,1005.63
2021-05-29,14.9,8.0,11.5,94,62,82,21.4,14.2,57.2,308,1021.3,4.3,4.3,0.0,19.61,44701.32,65,2.71,,,,8.3,7.1,9.9,23.5,7.7,1007.62
2021-05-30,15.4,8.7,11.6,93,53,76,16.2,12.3,33.1,349,1023.9,2.0,2.0,0.0,15.95,33973.95,59,2.55,,,,7.29,5.8,8.9,37.29,6.2,1010.22
2021-05-31,18.2,6.6,12.9,89,38,67,16.0,9.1,32.4,15,1022.5,0.1,0.1,0.0,22.04,48920.69,45,3.63,,,,6.17,3.6,8.1,4.42,4.1,1008.92
2021-06-01,19.7,6.6,14.5,91,45,68,11.2,7.1,26.3,241,1018.9,0.0,0.0,0.0,20.72,41698.78,72,3.63,,,,8.06,5.1,11.4,5.0,1.9,1005.42
2021-06-02,22.1,11.2,16.7,92,36,59,16.6,11.8,35.3,117,1020.7,0.0,0.0,0.0,24.09,50119.41,63,4.76,,,,7.99,6.3,10.1,0.33,6.3,1007.33
2021-06-03,22.9,9.9,17.2,81,36,56,12.9,7.8,28.8,110,1024.8,0.0,0.0,0.0,28.37,57206.2,5,5.1,,,,7.56,6.2,10.2,0.04,3.7,1011.38
2021-06-04,24.9,10.5,18.6,86,36,56,14.6,9.9,31.3,126,1023.3,0.1,0.1,0.0,24.79,49952.89,54,5.07,,,,9.0,6.3,10.6,0.5,5.0,1009.94
2021-06-05,24.5,15.3,20.0,85,43,63,13.8,10.8,32.8,85,1019.4,1.0,1.0,0.0,26.03,55288.48,55,5.15,,,,12.28,9.6,14.1,4.38,6.6,1006.2
2021-06-06,24.6,12.3,19.6,89,41,63,10.1,6.7,22.7,59,1019.3,0.1,0.1,0.0,22.96,56307.66,29,4.44,,,,11.64,10.1,13.4,1.54,1.8,1006.07
2021-06-07,26.0,13.9,20.6,83,34,57,12.7,5.7,25.9,292,1019.3,0.0,0.0,0.0,20.67,56207.8,61,4.35,,,,11.06,8.5,14.1,0.29,0.8,1006.11
2021-06-08,26.5,13.6,21.2,90,31,53,16.6,10.3,36.4,346,1019.0,0.0,0.0,0.0,27.45,57472.68,13,5.98,,,,10.03,7.8,12.6,0.17,5.7,1005.83
2021-06-09,24.9,15.2,20.4,76,30,49,17.7,12.0,38.9,340,1019.5,0.0,0.0,0.0,27.84,55817.93,28,5.97,,,,8.44,5.2,11.2,0.71,6.4,1006.31
2021-06-10,23.8,12.6,19.3,91,46,64,12.8,6.7,29.2,296,1019.1,0.9,0.9,0.0,20.41,54013.15,37,3.97,,,,11.99,8.4,15.6,2.29,4.0,1005.82
2021-06-11,24.9,14.8,20.2,95,40,65,17.4,9.8,36.7,312,1016.6,0.3,0.3,0.0,21.71,54664.13,52,4.44,,,,12.73,10.1,15.4,3.75,1.8,1003.42
2021-06-12,23.9,14.6,18.9,91,54,77,28.0,15.1,55.1,279,1014.1,10.1,10.1,0.0,11.19,19084.02,85,2.64,,,,14.52,12.6,17.5,9.79,6.1,1000.91
2021-06-13,16.5,12.8,14.7,89,46,62,29.8,21.2,56.9,308,1020.8,0.3,0.3,0.0,14.39,31619.1,71,3.39,,,,7.32,4.8,12.3,59.12,9.5,1007.3
2021-06-14,21.2,9.4,16.2,89,42,61,10.6,6.6,23.4,286,1022.7,0.0,0.0,0.0,27.23,57600.0,27,4.68,,,,8.14,6.8,11.0,25.71,2.6,1009.3
2021-06-15,26.0,9.9,19.3,90,41,63,14.8,4.9,26.6,187,1018.4,0.0,0.0,0.0,24.56,45097.9,78,4.68,,,,11.39,8.2,15.5,0.71,1.1,1005.19
2021-06-16,25.5,16.4,21.0,97,51,72,17.6,8.0,38.9,44,1018.4,0.2,0.2,0.0,21.96,57132.39,40,4.23,,,,15.56,14.1,17.4,13.46,3.9,1005.27
2021-06-17,30.5,16.6,24.3,89,30,55,14.3,11.0,32.4,130,1017.8,0.0,0.0,0.0,28.76,57600.0,3,6.53,,,,13.47,10.8,15.4,0.08,7.4,1004.84
2021-06-18,31.6,19.0,25.7,68,30,49,15.6,11.7,31.3,136,1017.0,0.0,0.0,0.0,27.32,57600.0,10,6.9,,,,13.44,11.6,15.6,0.12,7.6,1004.12
2021-06-19,32.7,18.6,26.2,82,29,53,11.3,8.3,24.5,134,1014.9,0.0,0.0,0.0,28.42,57600.0,3,6.47,,,,14.92,12.0,17.5,0.0,4.6,1001.98
2021-06-20,32.7,20.5,27.0,77,32,52,14.5,11.0,32.0,136,1011.1,0.0,0.0,0.0,26.04,53540.12,39,6.55,,,,15.7,13.5,17.4,0.0,6.2,998.28
2021-06-21,31.6,20.8,25.4,87,36,65,19.4,11.4,36.7,147,1007.2,1.0,1.0,0.0,20.92,41428.57,70,5.15,,,,18.01,14.8,20.7,0.92,3.0,994.37
2021-06-22,26.0,19.0,21.5,96,55,84,17.1,12.2,36.4,303,1010.1,11.9,11.9,0.0,11.75,18894.04,85,2.5,,,,18.53,16.2,20.2,41.33,4.3,997.11
2021-06-23,24.0,17.8,19.9,94,56,81,14.9,8.5,29.5,349,1017.9,2.7,2.7,0.0,17.86,36014.18,71,3.29,,,,16.41,14.3,18.0,49.25,3.7,1004.75
2021-06-24,24.5,16.5,20.7,96,62,80,15.6,11.4,37.1,328,1016.3,5.8,5.8,0.0,20.33,36576.23,75,3.86,,,,16.93,15.8,18.5,37.62,6.0,1003.2
2021-06-25,21.9,15.6,18.4,94,58,81,12.4,8.4,28.8,330,1016.7,2.6,2.6,0.0,18.33,42066.28,87,3.22,,,,14.82,13.2,16.1,21.67,4.6,1003.42
2021-06-26,23.5,15.3,19.1,97,59,80,9.8,6.2,25.6,329,1018.3,1.2,1.2,0.0,22.88,55565.74,50,3.99,,,,15.4,14.7,16.2,10.33,2.3,1005.09
2021-06-27,24.5,15.1,20.3,97,42,70,7.9,5.1,21.6,302,1017.6,0.7,0.7,0.0,23.27,57600.0,42,4.3,,,,13.86,10.9,15.8,4.0,1.9,1004.43
2021-06-28,27.1,14.2,21.5,94,39,63,8.4,5.5,19.4,165,1016.7,0.0,0.0,0.0,25.26,57600.0,48,4.95,,,,13.22,11.6,14.6,0.75,3.2,1003.58
2021-06-29,29.0,16.4,23.0,84,40,62,19.5,10.1,38.2,120,1011.8,0.0,0.0,0.0,22.67,41805.45,72,5.17,,,,14.68,13.2,17.3,2.42,4.3,998.79
2021-06-30,24.5,17.6,20.7,91,53,74,28.8,15.6,54.7,235,1007.7,6.2,6.2,0.0,19.92,50388.95,64,3.95,,,,15.69,14.2,18.0,20.67,2.4,994.71
2021-07-01,22.5,16.3,19.2,89,51,70,16.8,11.5,35.3,264,1010.8,0.0,0.0,0.0,19.83,50193.15,54,3.96,,,,13.48,12.1,14.4,12.12,6.0,997.73
2021-07-02,20.1,13.9,17.4,92,64,81,17.3,12.1,35.6,283,1014.2,3.0,3.0,0.0,13.71,26453.44,64,2.52,,,,13.93,12.2,16.5,39.67,6.6,1000.91
2021-07-03,22.6,15.5,18.9,88,55,73,19.6,14.1,39.6,300,1014.6,0.2,0.2,0.0,19.36,55013.36,68,3.8,,,,13.75,12.3,14.9,13.92,6.0,1001.43
2021-07-04,23.8,14.1,19.5,96,49,72,8.2,3.7,21.6,320,1012.0,0.2,0.2,0.0,20.23,54192.98,41,3.73,,,,13.8,12.5,15.1,5.83,0.8,998.89
2021-07-05,25.7,15.1,20.5,92,45,71,15.1,6.2,31.0,249,1010.4,0.6,0.6,0.0,21.37,46800.0,56,4.13,,,,14.8,13.0,16.9,5.67,1.1,997.38
2021-07-06,29.9,14.8,22.7,94,37,65,16.5,9.1,35.3,165,1012.3,0.0,0.0,0.0,24.43,57600.0,34,5.33,,,,14.9,13.4,16.6,8.75,3.9,999.28
2021-07-07,27.0,17.3,21.2,91,56,72,22.2,12.3,46.4,321,1015.7,0.0,0.0,0.0,20.05,45929.05,44,4.19,,,,15.87,14.1,17.5,20.12,4.5,1002.58
2021-07-08,24.0,16.5,19.8,94,68,83,13.7,7.3,31.7,32,1019.9,26.1,26.1,0.0,11.15,8980.73,87,2.35,,,,16.82,14.5,20.0,48.42,3.3,1006.63
2021-07-09,24.6,17.9,20.9,97,68,82,15.6,9.7,43.9,204,1015.0,3.6,3.6,0.0,14.39,30421.18,74,2.95,,,,17.6,14.5,19.2,23.12,3.0,1001.88
2021-07-10,23.8,14.5,19.6,79,49,66,22.1,11.7,43.9,263,1018.0,0.0,0.0,0.0,21.85,55459.26,45,4.27,,,,12.73,10.9,15.7,36.04,1.5,1004.81
2021-07-11,25.6,14.6,20.7,93,53,74,13.4,9.0,29.5,99,1017.0,1.0,1.0,0.0,21.54,48733.02,71,4.22,,,,15.5,13.2,18.3,13.29,4.8,1003.89
2021-07-12,23.9,18.1,20.6,98,67,84,11.0,7.6,28.8,131,1013.9,9.8,9.8,0.0,16.6,29943.77,74,3.05,,,,17.64,16.5,19.2,23.33,3.2,1000.77
2021-07-13,28.2,17.2,23.1,96,57,76,14.7,11.6,30.6,103,1009.7,0.0,0.0,0.0,23.27,56218.06,43,4.69,,,,18.45,15.9,20.6,26.46,7.6,996.71
2021-07-14,26.0,21.0,23.4,94,64,78,14.5,8.0,36.4,133,1009.6,4.5,4.5,0.0,15.36,28351.52,87,3.23,,,,19.34,17.7,21.0,4.33,1.1,996.68
2021-07-15,24.9,16.6,21.3,100,59,79,7.2,4.7,19.8,206,1011.8,0.5,0.5,0.0,20.13,51859.56,59,3.7,,,,17.29,16.5,19.4,18.0,1.0,998.75
2021-07-16,26.3,17.2,21.7,95,63,83,11.1,7.6,28.8,319,1015.1,12.4,12.4,0.0,15.14,39574.47,74,2.99,,,,18.6,16.4,20.3,24.12,2.4,1002.02
2021-07-17,25.7,19.0,22.3,95,66,83,14.8,9.0,27.0,317,1015.5,3.9,3.9,0.0,18.64,46659.15,70,3.6,,,,19.21,17.7,21.1,36.29,1.9,1002.5
2021-07-18,26.9,19.6,22.5,96,50,75,18.6,14.2,37.4,333,1015.7,1.9,1.9,0.0,20.76,43685.86,67,4.35,,,,17.28,15.3,19.8,43.58,6.7,1002.69
2021-07-19,21.2,16.3,19.2,90,59,74,19.4,11.8,40.7,312,1016.7,3.6,3.6,0.0,16.49,50498.34,42,3.24,,,,14.27,9.9,17.1,29.46,4.8,1003.52
2021-07-20,20.5,14.1,17.7,83,53,66,16.0,12.3,31.3,308,1017.8,0.2,0.2,0.0,17.94,51092.77,49,3.68,,,,11.15,9.6,13.1,10.83,10.0,1004.49
2021-07-21,21.8,12.5,17.9,90,51,69,15.1,10.8,30.6,301,1021.1,0.4,0.4,0.0,17.91,40686.55,57,3.53,,,,11.81,10.1,14.1,20.83,6.0,1007.82
2021-07-22,22.5,15.4,19.1,90,52,72,9.7,5.2,19.1,316,1021.4,0.3,0.3,0.0,18.37,48531.21,72,3.37,,,,13.62,11.8,15.0,26.33,1.6,1008.14
2021-07-23,25.0,16.1,20.3,90,44,69,9.6,4.2,19.4,143,1017.4,0.0,0.0,0.0,19.59,46983.71,55,3.76,,,,13.88,11.7,15.3,3.92,1.1,1004.23
2021-07-24,27.2,14.1,21.2,94,40,66,11.2,7.1,24.1,106,1014.4,0.0,0.0,0.0,24.47,53963.47,17,4.87,,,,13.8,12.4,16.9,0.42,4.4,1001.28
2021-07-25,24.4,18.1,21.3,83,64,72,16.8,11.6,34.6,110,1011.8,0.3,0.3,0.0,13.21,27221.26,81,3.06,,,,16.09,13.6,17.8,4.29,3.2,998.75
2021-07-26,27.9,17.2,22.5,92,51,74,12.3,6.6,34.6,244,1011.0,0.4,0.4,0.0,21.2,41814.96,69,4.26,,,,17.46,15.6,20.5,10.5,0.5,998.01
2021-07-27,28.2,18.0,23.4,96,39,71,17.3,8.1,33.5,258,1013.0,0.0,0.0,0.0,21.81,47968.95,60,4.59,,,,17.08,13.1,19.2,3.21,1.8,1000.06
2021-07-28,28.4,18.6,22.5,88,49,73,18.3,8.6,36.4,273,1011.9,1.2,1.2,0.0,19.43,39023.18,61,4.05,,,,17.29,16.2,19.1,3.08,3.5,998.85
2021-07-29,25.8,15.8,21.0,94,39,68,20.1,10.7,40.0,259,1012.3,0.9,0.9,0.0,19.97,51379.24,30,4.26,,,,14.2,10.6,16.9,6.12,5.4,999.25
2021-07-30,26.8,16.6,21.7,81,37,59,18.3,10.3,37.4,268,1010.3,0.0,0.0,0.0,21.84,49337.88,41,4.86,,,,12.63,10.6,16.4,5.38,2.9,997.32
2021-07-31,25.8,15.2,21.5,91,45,64,18.7,10.0,37.4,241,1007.4,0.1,0.1,0.0,19.17,43924.52,55,4.25,,,,13.88,11.4,15.4,4.54,5.7,994.45
2021-08-01,19.0,15.0,16.8,91,58,80,13.9,8.9,29.2,321,1008.3,14.3,14.3,0.0,5.27,0.0,94,1.27,,,,13.19,10.2,15.3,28.12,0.5,995.06
2021-08-02,21.5,14.8,17.8,92,55,74,20.5,14.5,46.1,274,1011.0,2.5,2.5,0.0,18.94,43282.59,72,3.53,,,,12.86,11.0,14.1,16.79,9.6,997.78
2021-08-03,22.1,13.2,18.0,92,56,74,8.4,5.0,25.6,224,1014.5,0.2,0.2,0.0,20.6,44447.11,50,3.57,,,,13.1,12.0,14.3,3.0,1.9,1001.25
2021-08-04,20.5,14.5,17.1,97,67,85,11.5,5.0,25.9,162,1013.6,6.5,6.5,0.0,14.82,28626.96,76,2.55,,,,14.45,13.9,15.4,2.5,1.6,1000.38
2021-08-05,20.3,14.7,16.7,96,70,87,14.5,10.0,33.1,44,1009.4,5.1,5.1,0.0,7.84,4158.71,100,1.58,,,,14.44,13.1,15.6,12.83,4.8,996.17
2021-08-06,21.5,14.6,17.7,95,46,74,19.1,13.6,44.3,315,1005.9,2.5,2.5,0.0,20.3,43261.66,75,3.58,,,,12.49,9.0,14.8,6.92,2.5,992.79
2021-08-07,25.2,14.6,20.0,93,44,69,15.1,9.3,32.4,230,1007.2,0.0,0.0,0.0,20.26,50400.0,45,3.98,,,,13.57,11.9,16.1,12.54,4.2,994.14
2021-08-08,24.0,16.8,20.4,94,46,69,17.3,11.9,39.6,245,1010.6,4.2,4.2,0.0,19.23,40127.29,72,3.95,,,,14.16,11.8,16.8,7.54,5.1,997.54
2021-08-09,23.4,14.4,19.1,82,45,65,13.3,8.0,24.5,264,1019.1,0.1,0.1,0.0,22.29,50400.0,32,4.14,,,,12.0,10.4,14.0,3.83,1.5,1005.88
2021-08-10,25.5,14.1,19.6,95,48,74,15.0,6.5,42.1,187,1017.9,1.9,1.9,0.0,17.87,46800.0,56,3.38,,,,14.58,12.5,17.0,1.75,2.2,1004.68
2021-08-11,22.0,15.2,18.6,96,53,73,18.9,11.6,38.9,287,1018.6,0.4,0.4,0.0,19.38,44781.2,37,3.6,,,,13.42,11.8,15.6,10.5,5.8,1005.4
2021-08-12,24.3,12.1,18.8,95,43,67,8.7,4.3,14.4,261,1022.3,0.0,0.0,0.0,21.81,50400.0,40,3.95,,,,11.95,10.7,13.6,5.42,1.4,1008.98
2021-08-13,28.5,14.4,21.6,84,42,65,9.5,6.7,23.0,170,1021.1,0.0,0.0,0.0,23.04,44568.89,55,4.62,,,,14.13,11.1,20.5,0.79,0.5,1007.9
2021-08-14,27.4,18.7,23.0,88,44,67,16.5,9.9,33.5,275,1019.0,0.0,0.0,0.0,21.51,48214.12,31,4.48,,,,16.13,13.4,17.0,2.04,5.3,1005.95
2021-08-15,28.4,16.5,22.9,91,44,65,10.9,7.0,24.8,279,1014.2,0.0,0.0,0.0,20.58,50400.0,51,4.29,,,,15.52,14.4,16.8,0.83,3.1,1001.21
2021-08-16,28.7,17.3,22.4,90,39,68,18.5,10.7,37.8,229,1007.9,3.3,3.3,0.0,17.78,36959.93,75,4.11,,,,15.75,10.9,19.0,2.42,5.0,994.99
2021-08-17,19.8,13.6,16.8,85,44,61,32.8,23.1,63.0,273,1012.6,1.3,1.3,0.0,13.29,32067.6,87,3.75,,,,8.95,6.8,11.9,28.96,16.6,999.3
2021-08-18,20.9,13.6,17.3,72,44,60,25.4,17.9,50.0,258,1013.7,0.1,0.1,0.0,15.56,42340.79,65,3.89,,,,9.17,6.6,11.5,34.5,11.7,1000.47
2021-08-19,22.5,15.4,18.8,79,51,66,24.8,15.7,49.0,259,1013.2,0.0,0.0,0.0,13.14,28785.73,68,3.31,,,,12.25,10.9,13.9,31.62,4.8,1000.05
2021-08-20,23.5,15.9,18.4,93,56,79,15.6,6.5,29.9,251,1016.1,6.4,6.4,0.0,12.06,33409.3,69,2.28,,,,14.52,13.5,16.5,16.92,4.2,1002.91
2021-08-21,22.9,13.4,18.4,97,51,75,9.4,6.6,27.7,289,1019.5,0.1,0.1,0.0,17.6,49313.2,27,3.17,,,,13.45,12.1,14.6,6.54,2.4,1006.2
2021-08-22,26.0,14.6,19.9,93,48,75,14.8,7.7,32.0,144,1017.0,1.9,1.9,0.0,14.46,32400.0,77,2.98,,,,14.9,13.1,18.7,4.04,1.9,1003.84
2021-08-23,20.5,16.1,18.1,98,71,88,18.8,11.9,38.9,300,1015.6,17.7,17.7,0.0,11.74,23041.16,86,2.07,,,,15.93,14.6,17.1,68.54,6.2,1002.33
2021-08-24,19.2,14.2,16.4,93,53,75,25.3,19.4,49.0,22,1021.2,11.0,11.0,0.0,12.59,23078.29,89,2.56,,,,11.7,8.1,14.9,44.08,5.7,1007.84
2021-08-25,20.8,8.6,15.2,94,43,68,19.1,10.2,35.6,292,1019.2,0.0,0.0,0.0,20.29,48394.92,34,3.66,,,,8.8,7.5,10.1,15.12,4.1,1005.78
2021-08-26,17.8,13.1,15.2,91,60,81,20.0,14.7,41.4,279,1007.4,7.2,7.2,0.0,13.28,35343.06,80,2.27,,,,11.85,8.1,13.7,31.96,9.7,994.09
2021-08-27,17.1,10.8,14.1,95,61,79,10.9,7.3,24.1,249,1010.9,0.9,0.9,0.0,13.94,43180.81,75,2.18,,,,10.3,9.4,11.1,24.46,1.6,997.54
2021-08-28,18.5,11.2,14.7,96,61,81,7.6,4.0,14.8,255,1014.0,1.3,1.3,0.0,14.9,42115.54,68,2.39,,,,11.27,10.3,12.4,25.33,0.8,1000.6
2021-08-29,18.3,11.4,14.7,98,67,87,11.9,6.4,26.3,297,1013.9,4.6,4.6,0.0,13.92,40477.32,73,2.14,,,,12.55,11.1,14.7,27.75,2.2,1000.51
2021-08-30,17.9,10.8,14.1,100,81,93,12.1,7.2,23.8,299,1013.0,3.3,3.3,0.0,8.47,11838.06,95,1.36,,,,12.89,10.6,14.6,38.12,1.9,999.64
2021-08-31,16.7,13.2,15.0,96,81,90,26.4,20.4,50.8,323,1013.3,14.9,14.9,0.0,4.55,0.0,99,1.01,,,,13.39,11.6,15.1,59.83,12.0,999.94
2021-09-01,19.6,12.6,15.9,93,52,74,23.7,18.3,45.4,323,1021.4,0.0,0.0,0.0,15.45,39412.63,73,2.95,,,,10.89,8.9,11.8,48.96,11.4,1007.93
2021-09-02,20.7,11.1,16.2,96,53,76,16.3,11.6,33.1,309,1024.7,0.2,0.2,0.0,16.89,46267.34,40,2.98,,,,11.68,10.5,13.1,4.88,7.7,1011.25
2021-09-03,22.7,11.4,16.8,97,48,77,20.2,11.2,41.8,282,1020.4,0.0,0.0,0.0,18.52,45897.77,14,3.31,,,,12.28,10.9,14.1,9.92,5.0,1007.02
2021-09-04,21.0,11.1,16.0,96,53,76,14.4,5.9,25.6,49,1018.3,0.2,0.2,0.0,15.66,44458.2,41,2.8,,,,11.54,8.9,14.1,40.79,2.2,1004.98
2021-09-05,20.2,11.4,15.5,74,44,59,15.2,12.9,32.8,106,1024.0,0.0,0.0,0.0,19.21,43239.0,45,3.79,,,,7.32,6.6,8.5,10.08,11.4,1010.57
2021-09-06,20.1,8.1,14.3,92,42,65,13.8,10.3,30.6,127,1025.7,0.0,0.0,0.0,18.92,44543.95,50,3.35,,,,7.18,6.1,9.0,2.5,8.0,1012.19
2021-09-07,20.8,11.6,16.2,92,57,75,10.5,7.2,22.3,255,1023.6,0.0,0.0,0.0,9.29,31449.95,70,1.86,,,,11.48,7.7,13.3,7.62,2.2,1010.18
2021-09-08,24.5,11.1,17.8,98,45,71,13.0,8.6,27.4,156,1022.3,0.0,0.0,0.0,18.5,44262.63,16,3.62,,,,11.72,9.6,13.7,1.5,2.5,1009.0
2021-09-09,25.4,12.4,18.7,75,35,57,19.8,14.1,41.0,157,1016.9,0.0,0.0,0.0,19.04,44674.66,0,4.42,,,,9.4,7.5,11.1,0.0,10.0,1003.68
2021-09-10,27.3,13.7,19.9,68,34,54,13.8,9.4,29.5,167,1015.5,0.0,0.0,0.0,18.39,44351.36,0,4.14,,,,9.84,6.2,14.8,0.0,5.8,1002.39
2021-09-11,24.6,15.1,18.6,97,59,74,14.6,7.6,30.2,243,1016.4,0.8,0.8,0.0,13.55,27357.98,51,2.64,,,,13.76,8.7,18.2,1.21,4.7,1003.2
2021-09-12,23.6,15.4,18.8,97,57,82,13.9,7.7,32.8,285,1016.6,0.4,0.4,0.0,14.82,39537.99,60,2.72,,,,15.4,14.4,16.5,7.92,3.6,1003.41
2021-09-13,21.9,15.5,18.0,97,58,81,13.6,8.7,31.0,299,1017.4,0.5,0.5,0.0,12.02,38742.04,68,2.26,,,,14.44,13.2,15.6,22.58,4.7,1004.15
2021-09-14,22.3,12.0,17.6,95,57,74,9.1,5.5,17.6,74,1018.7,0.0,0.0,0.0,14.06,43200.0,35,2.54,,,,12.69,11.2,14.1,30.54,2.2,1005.4
2021-09-15,25.7,12.6,19.4,94,49,70,14.1,9.7,28.1,134,1015.2,0.0,0.0,0.0,15.22,39940.76,62,3.25,,,,13.38,11.6,14.9,4.25,5.9,1001.98
2021-09-16,22.2,16.8,18.9,91,72,85,14.5,9.1,31.7,274,1012.4,5.0,5.0,0.0,7.81,18049.2,94,1.51,,,,16.3,13.6,17.5,26.54,3.9,999.22
2021-09-17,18.8,13.2,15.4,94,69,84,20.8,14.5,42.8,290,1012.5,3.1,3.1,0.0,9.34,17988.43,80,1.64,,,,12.65,10.8,14.1,48.0,8.6,999.15
2021-09-18,15.3,11.8,13.4,93,69,84,20.4,15.7,40.0,307,1013.6,4.2,4.2,0.0,5.69,8657.2,92,1.2,,,,10.71,9.5,13.1,85.75,11.5,1000.16
2021-09-19,14.6,8.2,11.4,90,56,76,13.7,9.0,25.6,339,1016.7,0.1,0.1,0.0,8.2,22658.18,76,1.47,,,,7.13,5.9,10.1,73.0,4.7,1003.13
2021-09-20,13.9,8.1,11.1,92,55,73,15.7,8.3,31.0,356,1019.9,0.0,0.0,0.0,7.53,14548.07,73,1.5,,,,6.22,4.4,7.3,63.21,3.8,1006.32
2021-09-21,15.1,6.1,10.6,95,54,82,15.8,9.3,33.8,296,1025.5,3.0,3.0,0.0,10.31,31531.11,71,1.59,,,,7.49,5.3,10.1,41.29,5.5,1011.82
2021-09-22,14.1,10.4,11.9,95,64,82,16.6,9.9,33.1,327,1023.9,10.9,10.9,0.0,8.72,18518.73,97,1.45,,,,8.67,7.2,9.9,81.0,4.6,1010.25
2021-09-23,20.0,11.1,15.7,89,49,70,30.6,16.3,58.7,257,1016.1,0.0,0.0,0.0,11.35,27336.61,88,2.8,,,,9.78,7.8,11.2,18.46,7.8,1002.78
2021-09-24,17.7,12.4,14.8,85,53,70,35.7,25.9,67.7,287,1011.9,1.4,1.4,0.0,9.17,24566.65,93,2.62,,,,9.23,6.7,12.1,76.17,11.4,998.54
2021-09-25,21.1,14.9,17.9,90,60,73,22.0,13.1,43.6,263,1016.4,0.0,0.0,0.0,10.01,26575.41,80,2.32,,,,12.92,10.6,14.4,75.21,1.1,1003.12
2021-09-26,22.8,13.8,17.9,95,56,79,12.9,8.2,26.6,114,1019.6,0.0,0.0,0.0,13.86,40727.32,34,2.48,,,,13.98,13.1,14.7,25.17,2.5,1006.33
2021-09-27,20.9,13.8,16.9,97,68,85,17.1,11.5,34.2,115,1018.4,0.0,0.0,0.0,10.79,27351.96,76,1.84,,,,14.3,13.2,15.1,42.46,4.8,1005.04
2021-09-28,19.2,13.1,15.3,98,75,90,15.1,6.6,26.3,112,1021.1,1.2,1.2,0.0,6.92,11618.0,78,1.2,,,,13.58,10.4,14.9,38.92,1.5,1007.62
2021-09-29,15.4,9.0,12.6,94,64,79,15.7,11.9,32.4,124,1020.4,1.0,1.0,0.0,10.07,33086.92,98,1.66,,,,9.06,6.5,12.6,1.33,4.5,1006.9
2021-09-30,15.6,9.8,12.6,93,50,71,17.1,10.3,36.0,278,1025.8,0.1,0.1,0.0,12.78,36101.52,38,2.12,,,,7.13,4.8,12.1,8.12,1.6,1012.15
2021-10-01,16.6,4.4,10.5,95,47,72,20.1,11.6,40.3,135,1025.5,0.0,0.0,0.0,13.69,39601.8,48,2.35,,,,5.22,3.6,6.9,0.0,5.2,1011.82
2021-10-02,20.8,8.9,14.3,91,54,71,17.6,13.4,32.4,171,1017.5,0.0,0.0,0.0,12.58,39600.0,43,2.58,,,,8.75,5.4,11.7,5.92,9.7,1004.08
2021-10-03,20.0,10.0,14.6,83,54,68,20.8,15.6,41.4,150,1013.7,0.0,0.0,0.0,12.93,36000.0,63,2.7,,,,8.49,5.4,11.4,0.25,10.0,1000.37
2021-10-04,21.5,9.1,15.4,96,62,82,10.9,7.8,24.8,274,1016.4,0.0,0.0,0.0,11.84,37517.52,55,1.98,,,,12.02,8.4,14.2,22.08,5.4,1003.03
2021-10-05,24.6,12.1,17.7,97,46,72,27.6,16.4,53.3,139,1012.2,0.0,0.0,0.0,12.59,39321.4,35,3.13,,,,11.92,10.4,13.2,6.92,5.2,999.0
2021-10-06,17.2,12.8,14.8,98,60,88,15.0,6.3,38.2,302,1016.8,5.3,5.3,0.0,3.8,0.0,99,0.83,,,,12.74,9.4,14.4,85.04,2.0,1003.35
2021-10-07,16.0,11.8,13.4,94,67,85,13.0,11.1,27.7,5,1026.0,0.4,0.4,0.0,5.43,14400.0,93,1.07,,,,10.92,8.6,11.7,83.42,8.3,1012.43
2021-10-08,13.1,6.0,9.5,80,55,66,14.1,12.1,32.0,84,1031.8,0.0,0.0,0.0,12.76,39024.98,18,2.03,,,,3.28,-0.1,6.2,2.42,8.4,1017.92
2021-10-09,12.7,3.7,7.6,73,41,59,15.5,12.5,33.5,89,1033.7,0.0,0.0,0.0,12.68,38925.7,0,2.16,,,,-0.03,-0.9,1.4,0.0,10.1,1019.74
2021-10-10,13.1,1.1,6.2,84,39,67,11.2,8.3,24.5,97,1029.9,0.0,0.0,0.0,12.5,38826.21,1,1.74,,,,0.22,-1.2,1.6,0.0,6.3,1015.89
2021-10-11,13.1,-0.3,6.9,94,56,78,19.0,9.1,37.8,272,1022.3,0.2,0.2,0.0,8.47,27568.38,48,1.33,,,,3.1,-1.4,7.3,14.88,2.4,1008.48
2021-10-12,11.0,5.4,8.1,94,77,89,22.7,14.2,44.3,276,1015.5,5.2,5.2,0.0,5.48,20290.48,62,0.74,,,,6.45,4.3,7.8,35.0,9.0,1001.75
2021-10-13,9.1,3.0,5.7,95,74,87,19.0,13.7,37.8,293,1019.2,2.8,2.8,0.0,7.7,34962.6,44,0.89,,,,3.7,2.2,5.3,21.88,10.8,1005.32
2021-10-14,10.6,3.0,7.5,96,73,84,15.5,10.5,28.1,232,1022.2,1.1,1.1,0.0,3.51,5409.97,94,0.72,,,,4.86,2.3,7.3,53.04,6.6,1008.4
2021-10-15,15.3,8.1,11.6,91,62,79,25.0,18.5,46.1,236,1016.4,1.6,1.6,0.0,9.59,32400.0,85,1.69,,,,7.88,6.7,8.9,55.42,12.7,1002.89
2021-10-16,11.7,5.2,8.2,96,59,81,16.5,11.3,32.4,285,1021.1,0.0,0.0,0.0,8.75,29742.98,46,1.18,,,,4.91,3.7,6.1,42.12,4.5,1007.29
2021-10-17,12.6,1.3,7.6,96,50,73,17.2,9.1,33.8,250,1021.4,0.0,0.0,0.0,7.06,25523.05,85,1.34,,,,2.75,0.8,5.4,56.83,4.5,1007.64
2021-10-18,13.2,7.9,9.8,93,64,83,14.0,10.0,24.5,267,1024.5,1.5,1.5,0.0,4.4,7894.79,100,0.81,,,,6.94,3.1,8.6,64.71,6.2,1010.8
2021-10-19,17.4,6.4,11.7,87,53,70,12.6,9.7,24.5,197,1022.8,0.0,0.0,0.0,8.76,26689.15,97,1.7,,,,6.22,3.9,8.2,2.75,6.8,1009.18
2021-10-20,21.4,13.6,16.7,76,50,62,28.8,18.7,51.1,213,1012.1,0.0,0.0,0.0,8.12,19129.66,91,2.84,,,,9.21,7.8,10.8,17.67,15.0,998.87
2021-10-21,18.4,11.8,14.7,74,44,57,49.0,29.1,93.6,230,1001.7,0.2,0.2,0.0,4.08,17794.56,76,3.07,,,,6.12,1.0,10.1,17.0,17.8,988.52
2021-10-22,11.8,6.3,9.5,72,42,57,33.5,25.5,61.6,257,1011.3,0.1,0.1,0.0,7.89,29079.0,56,2.62,,,,0.99,-1.9,3.6,17.08,16.3,997.75
2021-10-23,10.2,5.1,7.3,90,60,75,29.4,21.5,57.6,280,1022.8,0.3,0.3,0.0,8.47,33662.5,16,1.45,,,,3.04,1.9,5.4,12.38,12.5,1008.98
2021-10-24,11.2,1.5,6.1,98,55,81,15.0,9.8,29.2,168,1031.3,0.0,0.0,0.0,8.94,33784.44,45,1.21,,,,2.83,1.1,4.9,11.92,3.6,1017.3
2021-10-25,13.6,2.8,7.3,88,45,64,18.6,12.7,33.5,166,1024.1,0.0,0.0,0.0,9.31,33117.16,42,1.68,,,,0.7,-1.1,3.2,0.0,7.6,1010.25
2021-10-26,14.6,4.0,8.5,88,56,73,12.9,9.1,23.0,220,1021.7,0.0,0.0,0.0,7.44,28955.76,76,1.28,,,,3.85,-0.8,7.2,6.12,5.9,1007.96
2021-10-27,15.1,5.7,9.5,94,60,81,14.0,9.6,27.4,237,1025.2,0.0,0.0,0.0,7.49,32400.0,93,1.16,,,,6.33,4.7,8.3,7.29,6.1,1011.39
2021-10-28,16.0,3.7,8.8,98,60,84,12.8,9.2,26.3,148,1024.1,0.0,0.0,0.0,8.5,32773.63,10,1.22,,,,5.94,2.9,9.2,0.08,4.7,1010.31
2021-10-29,16.1,5.8,9.6,77,41,63,14.8,11.2,27.0,155,1018.3,0.0,0.0,0.0,8.67,32834.45,38,1.73,,,,2.65,0.8,6.1,0.0,7.5,1004.59
2021-10-30,17.1,4.4,10.6,80,45,59,24.7,14.1,42.8,151,1013.9,0.0,0.0,0.0,8.57,32493.69,2,2.14,,,,2.74,0.2,5.8,0.0,8.1,1000.36
2021-10-31,17.5,8.2,11.7,75,51,65,17.1,12.2,34.6,152,1013.1,0.0,0.0,0.0,6.59,30468.55,73,1.66,,,,5.35,3.1,8.4,0.0,8.7,999.57
2021-11-01,16.8,6.9,10.6,85,53,74,17.1,10.8,33.1,165,1005.3,0.0,0.0,0.0,7.72,32400.0,31,1.32,,,,6.03,3.3,10.1,15.71,2.8,991.82
2021-11-02,10.1,5.2,8.2,97,77,90,13.6,6.8,25.2,262,1002.2,10.3,10.3,0.0,2.07,6265.61,91,0.37,,,,6.75,4.3,8.6,64.33,2.3,988.62
2021-11-03,12.1,3.4,8.2,95,65,83,18.1,10.0,31.7,153,1005.4,0.4,0.4,0.0,7.28,28560.87,57,1.06,,,,5.25,2.7,7.3,40.25,6.6,991.82
2021-11-04,14.8,9.1,10.4,91,62,78,33.2,23.6,59.0,174,1001.0,5.2,5.2,0.0,2.93,8821.35,88,1.27,,,,6.54,2.8,10.7,62.29,15.6,987.65
2021-11-05,9.0,6.2,7.8,90,67,76,26.0,20.2,54.7,252,1016.6,1.1,1.1,0.0,2.3,0.0,77,1.05,,,,3.89,2.7,5.4,69.04,15.6,1002.83
2021-11-06,11.6,5.4,7.8,90,52,75,22.4,15.0,41.4,250,1026.5,0.0,0.0,0.0,6.72,32400.0,38,1.21,,,,3.44,2.0,4.8,23.42,7.1,1012.64
2021-11-07,8.6,4.7,6.5,87,68,77,23.4,18.5,41.4,229,1016.4,2.0,2.0,0.0,3.01,9866.38,69,0.93,,,,2.72,0.9,5.2,28.46,10.6,1002.57
2021-11-08,8.9,5.6,7.6,87,76,82,24.0,17.4,43.9,271,1018.7,0.9,0.9,0.0,1.54,0.0,90,0.67,,,,4.73,3.4,6.1,85.54,13.0,1004.92
2021-11-09,9.7,5.3,7.5,94,76,89,14.9,9.3,26.6,252,1029.5,1.5,1.5,0.0,3.76,19043.98,80,0.53,,,,5.68,4.4,6.4,72.38,1.3,1015.58
2021-11-10,11.1,1.7,5.6,95,59,83,15.6,10.8,29.5,158,1027.9,0.0,0.0,0.0,6.27,29952.69,58,0.85,,,,2.77,0.8,4.1,0.33,7.6,1013.95
2021-11-11,9.4,0.2,4.3,96,73,88,10.5,7.3,18.4,231,1024.8,0.0,0.0,0.0,6.24,31904.95,50,0.67,,,,2.46,-0.3,5.4,1.38,2.8,1010.79
2021-11-12,6.7,-0.6,3.2,99,86,92,13.5,8.6,23.8,147,1023.3,0.0,0.0,0.0,3.33,3068.53,87,0.39,,,,2.1,-0.9,4.4,83.83,4.3,1009.26
2021-11-13,9.5,0.8,4.6,97,66,86,14.0,9.4,28.1,160,1017.5,0.0,0.0,0.0,4.38,17012.89,84,0.61,,,,2.31,0.2,3.7,1.62,4.5,1003.54
2021-11-14,6.6,0.7,3.6,99,79,91,9.2,5.2,16.9,19,1023.2,0.0,0.0,0.0,4.4,21215.39,78,0.44,,,,2.29,0.2,4.8,65.75,1.1,1009.21
2021-11-15,7.1,4.0,5.5,91,79,86,14.0,10.1,25.9,92,1029.5,0.0,0.0,0.0,2.07,1357.81,99,0.39,,,,3.32,2.5,4.2,99.21,6.4,1015.5
2021-11-16,9.9,2.7,5.3,100,68,90,17.1,10.9,31.3,137,1025.6,0.0,0.0,0.0,5.27,28439.2,62,0.6,,,,3.63,1.9,5.4,33.0,7.1,1011.65
2021-11-17,8.6,3.0,5.5,93,71,84,13.7,10.4,24.1,215,1020.8,0.1,0.1,0.0,3.59,16802.27,91,0.57,,,,2.83,1.6,4.0,64.08,7.7,1006.92
2021-11-18,9.5,4.8,7.4,91,69,78,26.7,20.3,50.4,273,1024.2,0.0,0.0,0.0,2.94,10173.72,91,0.91,,,,3.9,3.2,5.4,61.25,14.0,1010.35
2021-11-19,10.9,7.8,9.6,90,72,84,29.9,27.6,53.3,278,1022.1,3.2,3.2,0.0,1.12,0.0,100,0.8,,,,7.02,3.5,8.2,100.0,22.4,1008.39
2021-11-20,11.3,9.4,10.3,87,73,82,25.8,21.9,48.2,276,1020.8,0.2,0.2,0.0,1.34,0.0,99,0.85,,,,7.25,4.9,8.2,99.38,16.6,1007.08
2021-11-21,9.1,4.2,6.9,94,72,83,17.4,11.5,33.8,257,1011.5,0.1,0.1,0.0,3.54,17945.7,84,0.61,,,,4.17,3.2,4.9,60.83,7.9,997.79
2021-11-22,7.0,2.4,5.3,96,78,89,15.2,10.3,30.2,329,1018.9,2.4,2.4,0.0,2.65,8035.29,83,0.36,,,,3.62,0.6,5.9,63.17,5.2,1005.03
2021-11-23,4.6,-0.6,2.6,92,75,85,20.0,13.0,35.3,279,1026.5,0.0,0.0,0.0,1.3,6795.04,68,0.34,,,,0.3,-2.8,2.9,61.38,9.4,1012.41
2021-11-24,6.9,3.7,5.3,91,74,84,13.4,10.1,23.0,241,1024.1,0.1,0.1,0.0,1.57,625.87,93,0.36,,,,2.71,0.9,3.5,92.25,6.5,1010.1
2021-11-25,4.8,-2.0,1.7,95,66,81,25.5,12.6,45.7,202,1012.4,0.0,0.0,0.0,2.75,9943.04,58,0.5,,,,-1.25,-2.8,0.8,58.79,6.6,998.38
2021-11-26,3.1,0.9,1.7,100,73,86,11.7,5.5,20.5,205,1001.8,4.8,1.9,2.1,1.47,0.0,100,0.28,,,,-0.43,-2.3,1.0,84.29,1.1,987.99
2021-11-27,3.8,-1.2,1.5,99,79,91,14.6,8.7,27.0,165,995.6,0.9,0.5,0.28,4.83,25349.57,69,0.41,,,,0.06,-2.2,1.0,39.83,3.4,981.81
2021-11-28,1.4,-2.2,-0.1,100,87,95,15.0,7.2,25.9,354,997.1,7.8,1.5,4.41,1.3,221.11,98,0.17,,,,-0.81,-3.1,0.8,64.04,2.6,983.28
2021-11-29,1.8,-0.3,0.5,99,83,94,22.7,18.4,41.8,295,1000.1,1.2,0.5,0.56,1.89,1970.74,95,0.21,,,,-0.4,-1.1,0.7,94.04,13.9,986.23
2021-11-30,4.0,0.4,2.3,95,75,86,34.3,23.8,63.4,267,1000.9,5.1,3.0,1.47,1.34,0.0,99,0.46,,,,0.18,-1.4,2.0,74.46,13.2,987.12
2021-12-01,7.7,0.3,4.1,90,77,84,34.2,18.9,61.2,238,998.8,1.8,1.8,0.0,1.04,0.0,100,0.54,,,,1.54,-1.2,3.8,74.42,7.7,985.11
2021-12-02,8.0,-1.1,4.4,78,56,69,27.8,20.3,51.1,257,996.3,0.5,0.5,0.0,4.43,27666.81,30,1.12,,,,-0.94,-4.7,4.4,14.75,12.0,982.68
2021-12-03,4.0,-3.0,-0.2,91,50,72,21.3,16.3,38.9,259,1009.4,0.0,0.0,0.0,4.59,27634.01,36,0.78,,,,-4.79,-6.4,-4.0,1.38,13.0,995.32
2021-12-04,2.9,-0.3,1.0,81,56,66,20.4,13.0,35.6,175,1004.7,0.6,0.0,0.42,1.59,1179.79,95,0.71,,,,-4.69,-6.4,-2.9,35.92,8.9,990.8
2021-12-05,3.0,-0.5,1.3,97,73,90,15.8,10.0,28.1,217,1003.6,4.1,0.9,2.24,0.73,0.0,100,0.22,,,,-0.27,-3.0,1.8,95.5,4.7,989.75
2021-12-06,0.6,-0.9,-0.1,97,81,89,13.8,10.4,27.0,349,1012.4,2.0,0.0,1.4,0.8,0.0,100,0.21,,,,-1.65,-2.5,0.1,100.0,6.5,998.35
2021-12-07,0.3,-1.5,-0.7,90,81,86,13.4,8.8,23.4,107,1014.8,0.0,0.0,0.0,2.11,5470.6,95,0.24,,,,-2.79,-3.1,-2.3,93.79,3.9,1000.67
2021-12-08,-0.3,-3.9,-2.5,92,76,85,24.1,18.4,43.6,119,1010.6,0.0,0.0,0.0,3.23,15876.92,90,0.35,,,,-4.69,-6.3,-3.5,58.21,14.2,996.45
2021-12-09,0.9,-3.7,-1.6,94,77,86,18.5,11.5,32.0,113,1007.2,3.3,0.0,2.38,1.18,0.0,98,0.28,,,,-3.67,-6.1,-2.0,53.79,6.4,993.09
2021-12-10,2.4,-3.5,-1.0,97,79,91,12.9,8.6,27.0,147,1002.7,1.1,0.0,0.77,3.3,18182.52,67,0.27,,,,-2.3,-4.7,-0.2,59.08,4.3,988.72
2021-12-11,1.1,-3.8,-1.1,94,81,89,11.3,7.4,19.4,206,1012.7,0.0,0.0,0.0,3.19,23815.42,82,0.26,,,,-2.73,-4.9,-1.6,83.92,4.1,998.6
2021-12-12,1.9,-4.4,-1.7,98,73,89,9.3,5.4,20.2,253,1025.3,0.0,0.0,0.0,3.72,22835.15,73,0.28,,,,-3.42,-5.1,-1.5,25.58,2.5,1011.01
2021-12-13,2.4,-0.6,0.9,100,80,95,10.5,6.0,18.4,271,1026.5,0.4,0.4,0.0,0.84,0.0,100,0.13,,,,0.2,-3.5,1.8,99.96,2.3,1012.32
2021-12-14,5.0,0.5,2.5,100,92,97,9.9,6.4,16.6,253,1027.1,0.3,0.3,0.0,1.72,6407.08,99,0.21,,,,2.07,0.4,4.0,87.54,2.9,1013.02
2021-12-15,7.2,3.6,5.5,96,90,93,14.4,10.5,24.5,273,1029.7,0.1,0.1,0.0,0.86,0.0,100,0.19,,,,4.5,2.8,5.8,94.83,7.2,1015.71
2021-12-16,7.3,5.4,6.8,95,90,93,21.5,17.5,38.5,290,1031.4,0.8,0.8,0.0,0.52,0.0,100,0.2,,,,5.66,3.9,6.6,100.0,12.7,1017.42
2021-12-17,5.2,2.7,4.5,94,79,88,27.3,22.0,49.3,310,1033.9,0.0,0.0,0.0,1.39,69.83,100,0.38,,,,2.75,1.6,4.0,99.83,17.6,1019.75
2021-12-18,5.2,2.2,3.6,92,85,90,23.5,18.2,43.6,295,1033.4,0.0,0.0,0.0,0.78,0.0,100,0.26,,,,2.1,0.6,4.0,100.0,12.9,1019.2
2021-12-19,6.3,2.8,5.4,94,84,90,29.9,26.0,52.6,296,1018.8,2.7,2.7,0.0,0.78,0.0,89,0.37,,,,3.82,0.6,4.9,88.92,19.6,1004.92
2021-12-20,1.9,-2.2,0.4,91,79,86,26.8,20.7,49.0,310,1020.7,0.9,0.2,0.49,1.22,0.0,59,0.37,,,,-1.77,-4.1,0.3,58.62,13.5,1006.53
2021-12-21,-0.6,-3.7,-2.0,93,72,85,16.3,6.9,28.8,296,1026.1,0.1,0.0,0.07,1.57,10782.91,85,0.19,,,,-4.28,-5.8,-3.5,59.5,1.8,1011.78
2021-12-22,-0.9,-4.9,-2.7,94,70,83,11.1,7.4,20.9,268,1028.7,0.0,0.0,0.0,2.59,17647.93,80,0.24,,,,-5.23,-7.1,-3.1,50.92,2.3,1014.27
2021-12-23,0.6,-5.6,-2.0,87,60,71,15.1,10.6,26.3,182,1016.7,1.3,0.0,0.91,1.77,0.0,100,0.49,,,,-6.73,-8.8,-3.2,6.88,6.2,1002.48
2021-12-24,7.4,0.4,3.4,97,77,89,29.7,19.2,54.0,270,999.5,9.2,6.2,2.1,0.54,0.0,100,0.32,,,,1.7,-3.0,5.2,99.54,9.2,985.76
2021-12-25,0.6,-6.4,-3.9,94,62,80,18.9,7.2,33.8,347,1012.2,0.5,0.0,0.35,3.6,25770.88,64,0.27,,,,-6.92,-9.6,-0.2,14.62,0.5,997.91
2021-12-26,-4.4,-11.0,-8.4,93,67,84,12.2,7.8,20.2,118,1016.9,0.0,0.0,0.0,3.46,20052.23,30,0.22,,,,-10.66,-12.9,-7.7,30.29,3.1,1002.36
2021-12-27,-4.0,-9.6,-7.0,79,50,70,17.4,15.7,33.1,118,1013.6,0.0,0.0,0.0,3.99,27168.45,9,0.5,,,,-11.56,-14.1,-8.3,0.46,12.9,999.11
2021-12-28,1.2,-6.5,-2.4,92,64,82,17.7,16.0,30.2,129,1006.4,1.8,1.8,0.0,2.55,11286.72,72,0.39,,,,-5.17,-8.8,-1.0,30.04,14.3,992.26
2021-12-29,3.8,-1.2,0.9,95,89,93,16.7,7.3,29.5,185,1005.6,5.2,3.8,0.98,2.39,12486.04,87,0.21,,,,-0.13,-2.2,2.3,81.75,3.6,991.71
2021-12-30,10.9,1.5,5.7,95,90,93,22.0,11.0,38.2,238,1013.2,7.0,7.0,0.0,1.29,0.0,100,0.23,,,,4.58,0.8,9.6,92.79,5.9,999.45
2021-12-31,13.5,10.6,11.8,93,68,83,25.0,21.6,43.2,268,1015.8,2.8,2.8,0.0,1.8,6601.38,98,0.84,,,,8.84,6.8,10.1,80.92,16.9,1002.23
2022-01-01,12.0,9.4,10.8,96,83,91,27.4,20.8,48.6,288,1020.9,2.6,2.6,0.0,0.92,1279.81,100,0.42,,,,9.28,8.4,9.7,91.38,9.1,1007.25
2022-01-02,11.2,5.8,8.6,95,67,84,24.2,13.3,42.5,223,1016.8,0.1,0.1,0.0,2.68,14804.64,89,0.68,,,,5.98,4.2,8.1,17.25,6.1,1003.09
2022-01-03,10.2,4.9,8.3,84,65,73,34.7,23.1,61.9,265,1008.9,0.7,0.7,0.0,3.22,23172.58,57,1.21,,,,3.72,1.1,5.4,26.29,12.4,995.25
2022-01-04,8.6,5.4,7.1,93,82,90,19.4,12.7,36.4,226,998.8,6.0,6.0,0.0,0.7,0.0,100,0.25,,,,5.49,3.0,7.3,71.0,7.1,985.29
2022-01-05,5.8,-0.1,3.7,93,67,85,22.5,15.2,41.4,247,999.6,3.2,3.1,0.07,0.66,0.0,92,0.36,,,,1.35,-3.2,4.0,70.08,7.7,985.92
2022-01-06,4.1,-3.3,1.0,89,58,73,32.0,22.2,58.3,289,1011.3,2.2,1.4,0.56,3.26,22896.97,60,0.79,,,,-3.28,-7.2,0.8,56.62,10.2,997.3
2022-01-07,2.6,-4.0,-1.4,89,55,72,13.3,9.8,23.4,195,1018.9,0.0,0.0,0.0,3.57,22754.86,65,0.55,,,,-5.86,-8.6,-2.8,1.33,6.4,1004.68
2022-01-08,3.2,-2.1,-0.3,89,60,76,13.3,8.4,24.8,177,1012.3,0.3,0.1,0.14,4.01,25027.43,84,0.48,,,,-4.13,-8.7,-1.5,25.21,4.7,998.23
2022-01-09,2.5,-2.6,-0.3,89,70,82,15.5,11.9,28.8,143,1003.5,0.0,0.0,0.0,4.56,27300.86,80,0.43,,,,-3.12,-4.4,-2.2,30.04,6.3,989.6
2022-01-10,2.2,-3.7,-0.3,91,72,84,11.3,7.1,19.8,69,1018.3,0.0,0.0,0.0,3.06,12917.83,83,0.33,,,,-2.67,-5.3,-0.9,58.08,2.3,1004.1
2022-01-11,0.5,-6.2,-2.5,92,62,77,11.6,6.9,21.6,47,1035.2,0.0,0.0,0.0,4.45,27212.25,47,0.43,,,,-6.12,-7.4,-4.3,47.29,2.5,1020.7
2022-01-12,0.8,-8.1,-3.5,95,52,84,13.9,8.3,24.8,240,1037.3,0.2,0.0,0.14,3.49,21156.94,64,0.36,,,,-6.01,-9.2,-0.2,35.83,4.8,1022.72
2022-01-13,4.7,-0.2,2.2,98,80,91,25.3,20.2,49.3,280,1033.9,0.0,0.0,0.0,1.76,7200.0,89,0.33,,,,0.78,-0.6,1.8,68.12,13.2,1019.69
2022-01-14,5.2,2.1,3.3,92,84,89,31.7,26.1,58.3,287,1027.6,0.3,0.3,0.0,1.23,0.0,94,0.39,,,,1.62,0.8,3.6,91.29,18.6,1013.46
2022-01-15,2.9,-1.6,0.6,96,82,92,18.7,12.6,35.3,288,1029.0,0.0,0.0,0.0,3.02,14011.88,61,0.27,,,,-0.49,-2.2,1.7,49.04,5.4,1014.75
2022-01-16,3.8,-4.0,0.0,97,63,85,23.5,11.1,42.1,249,1022.3,0.7,0.6,0.07,3.89,20509.62,83,0.5,,,,-2.4,-4.6,0.6,34.5,5.0,1008.05
2022-01-17,4.3,-0.4,2.6,93,63,80,38.3,29.5,76.0,287,1018.2,2.8,2.8,0.0,0.97,3600.0,67,0.67,,,,-0.55,-5.2,2.7,60.5,21.2,1004.15
2022-01-18,1.9,-1.6,-0.3,92,72,84,23.2,16.8,42.1,293,1033.5,0.0,0.0,0.0,3.35,19916.93,39,0.45,,,,-2.72,-5.3,-1.3,39.75,7.6,1019.16
2022-01-19,5.0,-0.6,1.9,92,73,82,20.2,11.6,35.3,229,1026.1,0.0,0.0,0.0,4.44,21600.0,86,0.56,,,,-0.92,-3.0,0.6,55.29,7.2,1011.91
2022-01-20,3.5,-1.2,1.2,87,45,70,41.6,27.5,76.7,279,1012.8,3.5,0.6,2.03,4.3,19774.93,86,1.03,,,,-3.8,-9.1,0.9,49.0,16.6,998.79
2022-01-21,0.3,-2.8,-1.3,78,59,69,31.3,26.3,58.0,295,1020.5,0.4,0.0,0.35,4.92,28800.0,58,0.98,,,,-6.36,-7.8,-5.2,34.58,21.4,1006.22
2022-01-22,0.4,-6.8,-1.7,95,70,86,26.8,15.8,47.9,321,1024.5,2.6,0.0,1.82,4.82,18815.37,80,0.42,,,,-3.79,-7.8,-0.4,59.5,7.1,1010.21
2022-01-23,1.3,-6.8,-0.9,98,86,92,8.9,5.3,15.1,308,1031.8,0.2,0.2,0.0,1.02,0.0,99,0.19,,,,-1.93,-7.8,0.6,80.92,2.1,1017.38
2022-01-24,3.0,0.3,1.3,99,87,94,7.6,4.9,13.3,177,1034.9,0.0,0.0,0.0,1.57,0.0,100,0.22,,,,0.49,-0.6,1.6,100.0,1.5,1020.62
2022-01-25,3.7,2.7,3.0,97,86,92,18.3,13.8,33.1,290,1030.9,1.0,1.0,0.0,1.44,0.0,100,0.27,,,,1.89,1.3,2.5,99.83,8.1,1016.74
2022-01-26,2.8,1.8,2.3,97,84,92,22.7,18.6,41.8,280,1027.2,3.0,3.0,0.0,0.86,0.0,100,0.24,,,,1.11,-0.6,2.0,99.54,15.9,1013.08
2022-01-27,4.8,1.4,2.7,97,73,82,30.2,21.7,54.0,262,1018.6,1.3,0.9,0.28,0.9,0.0,100,0.6,,,,-0.13,-1.3,1.4,100.0,11.2,1004.6
2022-01-28,4.6,0.4,3.3,81,59,74,38.9,32.1,69.8,294,1018.3,0.5,0.4,0.07,3.2,14231.86,73,1.1,,,,-0.92,-5.8,1.0,56.71,20.4,1004.29
2022-01-29,7.7,-0.6,2.6,99,69,82,38.1,19.2,67.7,252,1020.0,5.6,5.4,0.14,1.49,0.0,100,0.57,,,,-0.13,-5.1,3.1,61.12,11.9,1005.93
2022-01-30,7.8,2.7,5.0,82,57,69,51.5,39.2,96.5,285,1008.6,1.3,1.3,0.0,4.05,22316.25,64,1.58,,,,-0.38,-3.2,3.9,56.04,28.7,994.84
2022-01-31,3.8,-2.3,1.6,94,60,75,29.0,13.2,58.3,286,1008.2,0.5,0.3,0.14,2.31,230.93,90,0.7,,,,-2.52,-3.8,-0.6,61.67,4.3,994.27
2022-02-01,3.5,-2.6,1.0,97,67,85,31.5,18.6,56.2,268,1007.7,5.6,1.8,2.66,2.72,3600.0,90,0.54,,,,-1.28,-3.1,1.1,68.67,6.9,993.79
2022-02-02,4.5,1.1,3.3,92,81,88,34.8,28.6,65.2,293,1004.0,6.4,5.0,0.98,3.21,8780.56,92,0.53,,,,1.47,-0.2,2.6,85.54,20.9,990.24
2022-02-03,7.4,-0.6,2.8,94,55,82,19.2,12.6,37.1,248,1018.5,4.5,4.5,0.0,5.93,22073.36,96,0.75,,,,-0.15,-1.8,2.8,58.62,7.8,1004.46
2022-02-04,7.5,3.6,5.0,92,80,86,17.7,12.3,34.9,227,1011.7,1.6,1.6,0.0,3.27,10813.9,97,0.52,,,,2.94,1.6,4.6,75.17,7.6,997.89
2022-02-05,6.6,1.6,4.0,83,54,68,38.0,24.0,68.8,268,1014.1,0.6,0.6,0.0,6.22,29021.43,61,1.29,,,,-1.36,-4.3,2.7,28.83,13.4,1000.22
2022-02-06,7.6,1.5,4.7,81,67,73,31.4,22.7,56.2,231,1007.0,2.1,2.1,0.0,2.88,7052.43,100,1.09,,,,0.18,-3.5,2.7,68.12,14.4,993.26
2022-02-07,5.0,2.1,3.5,89,60,75,39.3,27.6,75.6,292,1005.6,2.9,2.0,0.63,4.91,25858.73,79,1.07,,,,-0.73,-3.3,2.2,53.08,10.2,991.83
2022-02-08,7.4,2.2,4.9,87,61,77,30.2,24.4,53.6,280,1022.1,1.6,1.6,0.0,1.48,3600.0,97,0.91,,,,1.05,-2.7,5.2,85.71,15.7,1008.16
2022-02-09,9.8,7.0,7.9,91,65,78,27.4,21.5,50.4,268,1024.3,1.0,1.0,0.0,4.47,14188.39,99,1.12,,,,4.19,1.8,5.8,96.75,16.9,1010.5
2022-02-10,12.2,6.5,8.5,82,60,73,24.9,16.2,45.4,244,1019.8,0.2,0.2,0.0,5.88,24519.88,85,1.33,,,,3.83,3.0,5.2,64.42,9.2,1006.1
2022-02-11,6.8,1.0,3.5,100,81,91,22.2,12.6,41.4,293,1021.2,9.0,6.6,1.68,2.32,10746.2,75,0.29,,,,2.15,-0.3,4.2,70.04,2.2,1007.16
2022-02-12,4.1,-2.7,0.8,94,55,79,18.7,11.5,33.8,236,1033.1,0.0,0.0,0.0,8.18,34801.89,31,0.85,,,,-2.66,-4.5,0.2,16.5,4.7,1018.76
2022-02-13,7.8,-1.5,2.1,79,49,67,18.8,14.5,34.6,177,1022.9,0.0,0.0,0.0,9.13,34976.41,48,1.31,,,,-3.46,-5.4,-0.8,0.0,9.4,1008.78
2022-02-14,8.1,-0.8,3.1,74,52,64,23.2,16.7,43.6,168,1013.1,0.0,0.0,0.0,9.36,35221.84,2,1.51,,,,-3.23,-6.3,-0.4,0.58,11.9,999.23
2022-02-15,10.1,0.1,4.7,87,62,77,13.0,9.0,23.8,217,1011.8,2.1,2.1,0.0,6.76,29718.71,81,0.97,,,,0.86,-2.9,3.9,31.88,6.1,998.0
2022-02-16,9.6,2.8,6.2,90,61,74,31.1,20.8,56.2,213,1006.0,0.6,0.6,0.0,5.27,11216.68,86,1.32,,,,1.83,-0.6,4.8,36.33,9.1,992.35
2022-02-17,13.4,5.4,8.9,84,44,67,52.3,37.4,101.9,266,992.9,13.9,13.3,0.42,6.24,21379.12,88,2.18,,,,2.74,-2.5,7.8,36.54,25.8,979.57
2022-02-18,11.6,3.7,6.8,81,50,64,35.0,24.5,61.2,246,1005.3,1.1,1.1,0.0,7.7,24886.71,62,1.95,,,,0.51,-2.6,5.4,23.46,14.8,991.64
2022-02-19,10.9,2.2,6.8,75,38,46,50.4,32.0,99.7,263,1006.7,0.4,0.4,0.0,7.75,34892.84,24,2.81,,,,-4.05,-7.2,6.6,10.12,12.1,993.07
2022-02-20,8.9,1.0,5.3,80,54,68,31.3,20.2,58.3,239,1009.3,2.1,1.8,0.21,4.1,7200.0,100,1.3,,,,-0.22,-5.6,3.5,56.25,11.5,995.51
2022-02-21,8.7,3.7,6.9,82,44,64,34.4,25.2,70.2,246,997.8,2.8,2.8,0.0,7.42,22797.27,79,1.77,,,,0.39,-5.1,5.0,32.67,9.6,984.26
2022-02-22,6.3,2.5,4.3,86,57,74,30.8,22.2,58.7,280,1009.9,1.5,1.5,0.0,6.83,27005.02,86,1.2,,,,-0.07,-2.3,2.2,55.58,10.8,996.05
2022-02-23,8.4,1.4,5.3,88,50,74,37.3,22.2,67.3,281,1019.2,3.4,3.4,0.0,7.9,36000.0,54,1.35,,,,0.7,-1.8,4.1,46.71,6.2,1005.32
2022-02-24,10.9,-1.2,4.7,90,47,70,23.2,14.2,42.5,185,1017.8,0.0,0.0,0.0,9.74,32400.0,57,1.61,,,,-0.63,-2.8,1.1,0.54,7.8,1003.92
2022-02-25,7.9,1.4,4.9,81,38,63,26.3,19.7,49.0,265,1017.0,0.2,0.2,0.0,10.55,36000.0,50,1.77,,,,-1.87,-6.2,2.8,15.54,9.2,1003.16
2022-02-26,5.9,-1.1,2.4,93,64,81,15.6,10.7,27.4,320,1029.4,1.1,1.0,0.07,5.3,17745.37,64,0.73,,,,-0.57,-3.9,1.5,55.46,6.4,1015.2
2022-02-27,5.4,-2.3,1.3,92,69,84,14.1,8.6,27.7,32,1036.8,0.6,0.6,0.0,9.19,36000.0,45,0.91,,,,-1.27,-3.7,1.0,38.58,3.3,1022.45
2022-02-28,3.3,-3.3,-0.8,86,45,69,17.6,11.2,35.3,67,1036.7,0.0,0.0,0.0,11.21,36000.0,14,1.17,,,,-6.09,-8.1,-3.8,10.29,6.9,1022.24
2022-03-01,5.8,-5.3,-1.0,89,40,71,9.2,7.3,21.6,104,1035.2,0.0,0.0,0.0,12.18,36310.19,7,1.23,,,,-5.85,-7.6,-3.2,0.0,4.1,1020.74
2022-03-02,5.3,-6.0,-1.4,83,33,61,11.3,5.8,15.8,66,1027.2,0.0,0.0,0.0,12.53,36631.1,4,1.35,,,,-8.62,-10.1,-7.4,0.0,1.9,1012.81
2022-03-03,6.4,-5.1,-0.2,86,34,64,16.6,8.4,31.0,332,1020.4,0.0,0.0,0.0,12.32,32976.29,29,1.45,,,,-6.89,-9.4,-4.0,12.17,2.5,1006.23
2022-03-04,3.3,-3.5,-0.1,94,75,86,12.6,9.3,26.6,343,1022.0,1.4,0.5,0.63,5.07,4918.22,73,0.58,,,,-2.18,-5.1,-0.3,60.75,6.7,1007.81
2022-03-05,2.7,-1.8,0.0,94,58,79,11.0,8.6,24.5,28,1024.5,0.5,0.0,0.35,8.95,28340.04,65,0.91,,,,-3.46,-5.9,-2.1,60.83,5.0,1010.28
2022-03-06,1.8,-3.1,-0.6,87,56,73,9.4,5.0,18.4,11,1024.5,0.5,0.0,0.35,5.8,10499.19,87,0.71,,,,-4.92,-6.8,-3.2,90.12,0.5,1010.21
2022-03-07,5.3,-2.8,1.2,80,50,68,22.1,13.1,42.5,330,1023.8,0.6,0.2,0.28,8.57,22322.45,78,1.18,,,,-4.24,-6.7,-2.0,74.21,6.6,1009.59
2022-03-08,5.9,-3.9,0.9,93,50,77,10.8,7.7,24.1,350,1025.6,0.0,0.0,0.0,11.58,36507.57,39,1.18,,,,-2.95,-4.9,-1.1,25.96,5.2,1011.38
2022-03-09,8.2,-2.2,2.4,90,50,73,16.1,10.1,32.8,329,1025.8,0.0,0.0,0.0,13.68,38176.09,14,1.54,,,,-2.26,-3.7,-0.8,2.54,5.8,1011.7
2022-03-10,4.6,-2.2,1.5,91,38,63,17.6,14.0,32.8,95,1032.8,0.0,0.0,0.0,14.22,38566.21,24,1.7,,,,-5.45,-10.0,0.3,20.62,9.1,1018.58
2022-03-11,4.5,-4.5,-0.7,62,34,48,22.5,18.4,42.8,120,1034.5,0.0,0.0,0.0,14.66,40819.61,0,2.02,,,,-10.56,-13.4,-9.6,0.0,15.3,1020.1
2022-03-12,7.8,-4.2,0.8,62,34,46,17.4,13.4,31.0,131,1030.4,0.0,0.0,0.0,14.68,41220.21,4,2.17,,,,-9.59,-14.6,-4.7,0.0,9.2,1016.08
2022-03-13,10.1,-3.5,2.4,65,26,49,19.2,13.6,38.2,119,1026.6,0.0,0.0,0.0,14.76,41499.71,0,2.35,,,,-7.8,-10.6,-4.2,0.0,8.2,1012.46
2022-03-14,12.4,-0.9,5.1,61,29,47,18.6,13.8,36.0,152,1028.0,0.0,0.0,0.0,15.08,40226.42,13,2.62,,,,-5.49,-10.9,-0.2,3.38,8.5,1013.99
2022-03-15,13.6,1.0,7.4,92,50,71,15.9,8.0,28.4,150,1028.5,0.0,0.0,0.0,12.17,29730.38,78,1.91,,,,2.2,-1.5,4.8,9.46,1.3,1014.53
2022-03-16,12.1,5.4,8.2,94,45,71,17.0,11.0,33.5,27,1025.3,2.6,2.6,0.0,12.23,30525.28,72,1.84,,,,3.0,0.3,5.6,30.71,4.8,1011.5
2022-03-17,11.3,0.8,6.2,92,40,66,19.7,13.5,39.2,116,1032.1,0.0,0.0,0.0,15.17,42450.34,59,2.22,,,,-0.25,-4.0,2.2,7.21,8.6,1018.1
2022-03-18,10.0,-1.0,4.0,67,35,54,13.9,9.8,23.8,81,1040.1,0.0,0.0,0.0,15.54,42687.24,40,2.22,,,,-4.72,-6.8,-1.9,0.0,6.3,1025.85
2022-03-19,8.9,-3.2,2.9,84,30,54,21.0,13.0,39.6,78,1042.8,0.0,0.0,0.0,15.7,40698.65,16,2.33,,,,-6.37,-7.8,-4.2,0.0,6.6,1028.46
2022-03-20,10.5,-1.4,4.1,57,29,47,18.8,15.0,34.6,112,1042.2,0.0,0.0,0.0,16.46,43159.12,0,2.71,,,,-6.69,-9.1,-3.5,0.0,12.4,1027.98
2022-03-21,11.7,-2.7,4.3,68,29,52,17.6,11.7,35.6,125,1039.9,0.0,0.0,0.0,16.79,43200.0,0,2.57,,,,-5.37,-8.0,-2.3,0.0,7.7,1025.72
2022-03-22,15.6,-1.4,6.4,75,30,57,12.5,9.2,23.4,124,1037.1,0.0,0.0,0.0,16.86,43200.0,0,2.69,,,,-2.14,-5.2,3.0,0.0,6.6,1022.97
2022-03-23,19.5,-2.7,7.9,87,28,60,14.7,6.4,25.6,123,1030.9,0.0,0.0,0.0,17.32,43200.0,0,2.79,,,,-0.42,-4.6,5.2,0.0,2.5,1016.95
2022-03-24,14.9,-0.6,6.6,85,27,61,10.2,6.9,19.1,17,1028.7,0.0,0.0,0.0,17.21,43200.0,0,2.54,,,,-1.32,-4.0,1.5,0.0,1.1,1014.78
2022-03-25,14.9,-1.5,7.1,84,29,59,12.0,7.4,24.5,298,1028.3,0.0,0.0,0.0,17.39,43200.0,0,2.6,,,,-1.1,-3.9,2.0,0.04,1.1,1014.36
2022-03-26,16.2,4.0,9.5,90,42,68,29.2,17.4,53.6,302,1027.1,0.1,0.1,0.0,12.84,27351.4,34,2.53,,,,3.5,0.5,6.4,28.79,8.7,1013.26
2022-03-27,12.5,0.2,6.4,93,32,57,12.8,9.0,27.7,126,1031.3,0.0,0.0,0.0,17.68,43200.0,16,2.51,,,,-2.23,-4.8,5.1,6.0,4.2,1017.29
2022-03-28,18.5,2.0,10.2,82,35,60,17.6,12.1,33.8,266,1020.9,0.0,0.0,0.0,17.61,43200.0,0,3.18,,,,2.19,-2.1,5.2,0.0,7.6,1007.23
2022-03-29,10.6,4.6,8.1,92,52,70,19.9,13.3,38.5,295,1010.4,0.0,0.0,0.0,10.23,26416.54,82,1.7,,,,2.73,0.1,5.3,33.96,4.4,996.75
2022-03-30,11.2,-0.1,5.7,96,48,75,17.8,6.9,32.0,14,1005.0,7.6,7.6,0.0,11.28,21600.0,96,1.62,,,,1.32,-0.6,4.2,38.42,0.4,991.38
2022-03-31,4.8,1.2,3.0,96,67,84,23.1,17.7,42.1,67,1003.2,4.3,3.4,0.63,3.79,0.0,100,0.77,,,,0.39,-0.7,1.5,100.0,13.8,989.42
2022-04-01,3.7,0.3,1.8,82,59,70,23.4,17.7,42.5,45,1002.7,5.8,0.8,3.5,3.53,0.0,100,1.04,,,,-3.15,-4.4,-0.6,97.62,12.1,988.82
2022-04-02,7.2,0.1,3.0,62,39,48,26.0,19.1,47.5,9,1007.8,0.4,0.0,0.28,9.44,10452.92,100,2.19,,,,-7.17,-9.3,-4.7,57.79,12.6,993.9
2022-04-03,4.2,-0.9,1.4,63,39,52,19.5,16.5,38.9,325,1016.6,0.0,0.0,0.0,13.14,23092.33,94,2.02,,,,-7.59,-8.9,-6.4,61.88,11.1,1002.59
2022-04-04,8.4,-0.1,4.3,77,32,53,32.6,21.7,63.0,236,1011.5,1.1,1.1,0.0,15.75,39600.0,74,2.72,,,,-4.84,-7.9,-0.1,23.54,13.2,997.67
2022-04-05,8.9,4.0,6.2,92,65,81,27.7,21.8,56.5,263,1002.2,4.4,4.4,0.0,7.07,7200.0,100,1.24,,,,3.08,0.1,5.4,78.79,6.6,988.58
2022-04-06,15.6,7.1,10.7,90,47,73,27.1,18.5,50.8,241,1002.4,3.5,3.5,0.0,9.36,17193.64,96,2.05,,,,5.66,4.0,7.8,58.79,12.5,989.05
2022-04-07,17.0,8.1,12.0,85,40,62,37.2,22.8,68.0,225,993.5,5.9,5.9,0.0,16.55,31749.73,90,3.45,,,,4.6,3.0,7.2,16.42,9.8,980.22
2022-04-08,11.7,6.2,9.1,83,41,55,39.0,25.0,73.4,262,994.9,1.4,1.4,0.0,15.31,31014.88,74,3.18,,,,0.14,-3.5,5.4,17.38,6.1,981.5
2022-04-09,9.4,3.8,6.3,91,39,68,24.5,17.1,51.8,283,1002.4,2.8,2.8,0.0,17.37,36000.0,56,2.34,,,,0.38,-3.9,4.2,13.75,5.5,988.79
2022-04-10,8.6,1.6,4.6,88,52,72,23.9,18.7,50.0,279,1015.1,1.6,1.2,0.28,15.4,39795.39,44,1.92,,,,-0.2,-2.0,1.2,29.67,10.4,1001.22
2022-04-11,10.2,1.2,5.5,91,41,66,19.3,13.2,37.8,284,1020.4,0.7,0.6,0.07,16.92,41085.97,52,2.26,,,,-0.97,-2.8,0.8,14.08,1.9,1006.55
2022-04-12,13.8,-1.3,6.8,87,39,62,14.9,9.1,26.3,117,1021.0,0.0,0.0,0.0,20.93,44808.51,34,3.01,,,,-0.48,-3.2,2.3,0.0,4.8,1007.18
2022-04-13,18.2,3.1,10.4,69,34,57,14.2,12.8,28.8,121,1020.8,0.0,0.0,0.0,21.23,47438.32,27,3.64,,,,1.88,-2.0,6.8,0.0,8.9,1007.14
2022-04-14,21.5,5.7,13.7,84,37,62,21.1,9.2,37.8,135,1018.4,0.0,0.0,0.0,19.54,42682.22,89,3.57,,,,5.9,2.5,10.4,0.04,2.3,1004.88
2022-04-15,13.6,7.4,11.1,95,62,81,24.8,17.0,47.9,313,1021.1,3.3,3.3,0.0,13.17,30319.6,84,1.96,,,,7.83,4.8,10.4,57.0,7.1,1007.42
2022-04-16,9.8,3.2,6.5,94,38,64,24.6,19.8,46.4,5,1029.7,1.4,1.4,0.0,14.95,31770.32,71,2.43,,,,-0.45,-4.0,4.4,56.04,11.0,1015.71
2022-04-17,12.4,0.8,6.5,76,33,55,19.2,10.3,36.7,12,1028.7,0.0,0.0,0.0,20.97,45933.19,55,3.09,,,,-2.49,-3.6,-0.9,0.75,5.1,1014.75
2022-04-18,12.2,1.8,7.2,76,31,54,17.6,9.9,32.8,25,1019.2,0.0,0.0,0.0,20.35,47272.79,74,3.03,,,,-2.23,-4.7,0.6,6.42,2.1,1005.45
2022-04-19,9.5,3.7,6.7,77,45,58,17.9,11.6,36.7,39,1014.0,1.4,1.3,0.07,13.64,29488.57,91,2.21,,,,-1.02,-3.3,1.8,38.46,5.0,1000.21
2022-04-20,6.9,1.1,4.7,91,66,82,21.9,11.9,43.6,296,1014.9,3.8,3.8,0.0,4.17,0.0,90,0.78,,,,1.89,-1.0,4.3,72.71,5.6,1001.02
2022-04-21,10.9,3.3,7.6,97,64,82,6.4,4.1,15.8,166,1013.3,0.6,0.6,0.0,10.05,3986.21,97,1.48,,,,4.68,2.8,6.7,66.38,1.8,999.64
2022-04-22,13.9,5.0,9.4,98,54,76,21.4,11.9,43.6,86,1010.8,0.3,0.3,0.0,9.42,14889.74,85,1.82,,,,5.1,2.0,7.1,66.83,2.3,997.25
2022-04-23,15.1,1.6,9.4,92,43,66,14.4,8.1,29.5,63,1010.0,0.0,0.0,0.0,16.53,30859.65,45,2.67,,,,2.88,0.5,6.6,20.92,2.5,996.43
2022-04-24,13.8,4.8,9.4,97,49,77,25.6,15.1,47.9,73,1003.8,16.6,16.6,0.0,6.24,10687.24,72,1.42,,,,5.38,2.6,9.4,43.25,6.7,990.32
2022-04-25,10.0,7.8,8.8,98,69,83,19.9,14.0,37.4,351,1007.6,0.3,0.3,0.0,5.46,1678.57,99,1.06,,,,6.0,4.6,8.9,96.08,6.4,994.02
2022-04-26,13.2,3.6,9.1,97,55,77,9.2,6.2,22.3,312,1016.5,0.6,0.6,0.0,17.86,40660.52,46,2.48,,,,4.92,3.2,6.1,35.29,1.1,1002.85
2022-04-27,15.9,2.8,10.5,97,40,67,10.5,6.4,22.7,356,1022.1,0.1,0.1,0.0,18.04,39734.62,56,2.95,,,,3.95,1.9,7.4,7.88,0.5,1008.39
2022-04-28,16.2,4.2,11.0,92,38,65,19.1,11.2,37.8,316,1026.5,0.1,0.1,0.0,20.05,45918.67,60,3.28,,,,3.88,1.4,6.7,6.46,5.9,1012.8
2022-04-29,16.8,5.1,11.2,85,38,60,11.4,7.6,24.8,346,1027.6,0.0,0.0,0.0,22.72,49826.41,46,3.62,,,,3.2,1.6,5.7,3.88,4.1,1013.9
2022-04-30,17.2,3.3,10.9,87,36,60,8.6,7.1,20.9,106,1023.8,0.0,0.0,0.0,22.16,48827.36,89,3.58,,,,2.72,1.2,5.2,0.54,4.7,1010.13
2022-05-01,18.8,5.6,12.9,74,36,56,9.5,5.8,23.8,112,1020.6,0.1,0.1,0.0,22.08,50400.0,77,3.63,,,,3.72,0.5,8.1,0.0,0.7,1006.99
2022-05-02,19.5,6.2,13.4,80,37,58,13.2,6.4,22.7,17,1018.0,0.0,0.0,0.0,22.74,50400.0,28,3.86,,,,4.88,2.7,7.6,0.75,3.6,1004.53
2022-05-03,19.8,6.7,13.7,86,36,59,13.3,8.3,27.7,348,1015.8,0.0,0.0,0.0,20.58,46518.3,32,3.8,,,,5.09,3.2,6.8,2.33,0.4,1002.31
2022-05-04,19.7,8.4,14.4,78,37,57,12.5,5.9,22.0,68,1017.6,0.0,0.0,0.0,20.92,48581.47,77,3.74,,,,5.36,2.3,7.9,5.04,1.4,1004.13
2022-05-05,22.5,6.9,14.7,92,38,68,17.4,6.9,37.1,92,1018.6,3.2,3.2,0.0,21.72,46373.95,63,3.76,,,,8.12,5.2,11.4,4.38,0.7,1005.2
2022-05-06,18.8,9.8,14.5,97,41,67,11.8,8.5,27.7,335,1023.0,0.0,0.0,0.0,21.12,48106.67,78,3.6,,,,7.5,4.6,10.9,8.79,3.4,1009.53
2022-05-07,20.5,7.4,14.9,90,35,57,9.4,4.8,18.7,221,1022.4,0.0,0.0,0.0,20.69,50322.02,32,3.69,,,,5.75,4.4,8.1,2.88,1.0,1008.96
2022-05-08,21.6,7.8,14.6,89,46,71,12.9,6.6,30.2,309,1023.3,6.1,6.1,0.0,22.65,51149.91,36,3.71,,,,9.12,6.1,12.4,11.92,1.8,1009.77
2022-05-09,21.0,9.4,15.2,75,30,51,14.8,9.3,25.6,52,1026.8,0.0,0.0,0.0,24.04,51153.73,28,4.58,,,,4.58,2.3,8.2,10.0,4.4,1013.24
2022-05-10,23.8,8.3,16.4,71,30,52,13.8,9.8,28.8,156,1021.8,0.0,0.0,0.0,24.26,51821.58,34,4.82,,,,5.75,2.5,8.6,0.0,6.1,1008.41
2022-05-11,27.1,13.2,20.8,74,33,52,20.1,12.0,38.5,227,1013.7,0.0,0.0,0.0,21.62,50662.15,77,5.28,,,,10.09,7.7,13.1,0.38,6.6,1000.58
2022-05-12,23.2,14.2,20.4,58,28,45,35.0,21.7,64.1,269,1013.3,0.0,0.0,0.0,24.91,51030.01,43,6.37,,,,7.62,3.2,12.1,2.58,7.8,1000.25
2022-05-13,23.0,11.9,17.3,69,29,51,28.7,12.1,52.6,281,1016.4,0.0,0.0,0.0,19.57,39262.21,80,4.55,,,,6.58,4.1,11.6,3.5,3.1,1003.14
2022-05-14,20.5,9.8,15.8,74,36,53,27.6,16.1,52.2,288,1018.7,0.0,0.0,0.0,18.44,46115.72,73,4.31,,,,5.78,4.7,7.4,16.54,7.2,1005.35
2022-05-15,20.9,9.2,15.3,84,33,57,13.4,8.4,29.9,319,1020.7,0.0,0.0,0.0,25.16,52981.27,30,4.42,,,,6.2,4.0,7.9,5.62,6.1,1007.28
2022-05-16,23.1,8.4,16.9,84,32,53,15.5,5.9,28.4,86,1019.5,0.0,0.0,0.0,26.11,49351.07,59,4.79,,,,6.41,4.1,8.6,0.0,1.8,1006.15
2022-05-17,21.4,14.0,17.1,55,39,46,17.1,9.8,31.7,49,1019.0,0.0,0.0,0.0,15.8,24021.19,86,3.93,,,,5.42,2.6,8.4,0.33,5.8,1005.7
2022-05-18,19.3,7.6,13.9,60,22,39,16.9,9.7,30.6,114,1027.7,0.0,0.0,0.0,28.44,54006.3,21,5.17,,,,-0.58,-3.2,2.4,0.0,5.6,1014.09
2022-05-19,25.5,8.2,17.6,66,26,44,17.4,10.9,33.1,178,1023.8,0.0,0.0,0.0,27.32,53520.53,43,5.86,,,,4.3,0.1,8.1,0.0,7.1,1010.42
2022-05-20,25.9,16.2,21.6,70,47,56,21.0,14.0,43.9,255,1017.7,0.2,0.2,0.0,23.1,50400.0,89,5.31,,,,12.32,5.3,17.0,4.38,4.4,1004.58
2022-05-21,20.2,14.7,18.0,81,40,56,35.3,27.3,69.5,284,1014.3,5.2,5.2,0.0,22.49,51552.83,61,5.17,,,,8.83,4.9,16.6,12.42,4.6,1001.07
2022-05-22,17.5,11.6,14.7,76,46,59,25.2,16.6,47.9,308,1015.3,0.0,0.0,0.0,16.76,37860.32,63,3.63,,,,6.42,5.1,7.9,33.5,5.9,1001.95
2022-05-23,19.6,6.6,14.6,95,36,61,19.1,11.5,33.1,118,1012.1,0.0,0.0,0.0,25.21,54068.61,66,4.64,,,,6.15,4.0,8.3,0.0,6.9,998.71
2022-05-24,24.9,13.0,18.0,94,47,68,19.2,12.5,45.4,177,1007.0,7.2,7.2,0.0,16.49,25899.7,91,3.79,,,,11.62,4.2,16.3,17.83,0.5,993.82
2022-05-25,16.8,12.9,15.0,94,65,84,11.5,7.2,23.8,261,1014.6,5.7,5.7,0.0,8.41,11664.66,78,1.57,,,,12.2,10.1,14.1,7.25,0.5,1001.21
2022-05-26,20.9,11.8,16.9,87,41,61,30.3,19.2,56.5,266,1017.3,0.0,0.0,0.0,19.06,47264.77,55,4.41,,,,8.75,6.9,11.3,7.96,10.3,1004.04
2022-05-27,17.5,11.9,15.0,90,54,69,24.5,17.4,45.4,265,1014.5,9.8,9.8,0.0,5.94,11857.13,76,2.14,,,,9.17,2.8,12.8,26.12,12.2,1001.15
2022-05-28,14.8,8.7,11.9,78,47,61,32.6,22.8,67.3,278,1013.1,2.7,2.7,0.0,23.75,54000.0,38,3.86,,,,4.58,2.8,5.7,18.92,11.2,999.62
2022-05-29,15.8,7.1,12.2,87,44,62,14.4,9.5,30.6,254,1012.6,0.0,0.0,0.0,20.27,39030.75,58,3.34,,,,4.72,3.0,7.2,12.58,4.0,999.15
2022-05-30,16.6,8.6,12.2,85,44,70,14.3,7.4,29.2,256,1012.0,0.5,0.5,0.0,21.58,38408.36,62,3.44,,,,6.42,4.3,7.9,16.58,3.6,998.56
2022-05-31,20.2,5.8,13.8,96,42,68,12.1,7.1,27.4,162,1015.4,0.1,0.1,0.0,24.22,50400.0,55,4.04,,,,7.25,5.1,11.6,2.42,0.7,1002.0
2022-06-01,21.1,12.4,16.7,91,34,64,18.8,11.2,39.2,266,1013.9,0.4,0.4,0.0,26.6,50319.14,41,4.73,,,,9.08,4.8,12.5,0.17,3.0,1000.66
2022-06-02,20.4,10.9,15.6,87,33,60,19.4,11.9,39.2,287,1019.2,0.3,0.3,0.0,26.26,48905.62,33,4.69,,,,7.12,3.5,9.7,7.96,2.9,1005.78
2022-06-03,24.4,7.7,17.4,92,37,60,12.9,8.6,25.6,122,1021.2,0.0,0.0,0.0,25.21,48120.84,42,4.91,,,,8.7,5.4,11.2,0.67,5.4,1007.85
2022-06-04,24.4,15.0,19.5,81,43,63,11.0,7.3,25.6,58,1017.9,0.9,0.9,0.0,16.28,21900.4,88,3.57,,,,12.14,8.9,14.8,3.79,1.1,1004.68
2022-06-05,25.9,13.2,20.3,89,35,60,18.3,11.0,32.0,89,1019.0,0.0,0.0,0.0,28.27,56329.18,33,5.82,,,,11.41,9.2,14.1,0.75,0.8,1005.83
2022-06-06,21.8,15.7,19.2,90,56,70,16.3,10.2,28.8,165,1015.4,0.6,0.6,0.0,13.89,31397.82,78,3.07,,,,13.49,8.9,16.1,5.83,3.3,1002.16
2022-06-07,24.4,13.9,18.3,97,51,82,16.9,6.2,33.8,270,1013.5,8.4,8.4,0.0,16.2,32400.0,72,3.01,,,,14.9,12.1,16.2,3.54,1.8,1000.34
2022-06-08,22.2,14.9,18.3,98,57,79,10.2,6.0,24.1,149,1010.8,1.3,1.3,0.0,19.66,42505.14,79,3.58,,,,14.22,12.9,15.4,7.25,1.8,997.67
2022-06-09,22.1,14.1,17.8,97,57,84,20.2,10.6,38.9,325,1009.7,15.6,15.6,0.0,11.56,10372.04,92,2.42,,,,14.75,13.1,16.8,34.17,1.1,996.5
2022-06-10,23.9,14.7,19.2,87,40,65,19.0,15.4,37.8,320,1019.2,0.2,0.2,0.0,20.5,37484.45,66,4.43,,,,11.78,9.0,14.4,17.46,7.6,1006.0
2022-06-11,25.1,13.1,19.8,83,35,58,8.6,4.5,18.4,302,1021.9,0.0,0.0,0.0,22.32,44309.62,45,4.32,,,,10.53,8.2,13.4,0.38,1.8,1008.7
2022-06-12,27.2,14.4,21.6,89,33,58,14.5,7.4,27.4,257,1019.5,0.0,0.0,0.0,23.58,43144.95,57,5.09,,,,12.07,9.3,14.8,0.12,4.1,1006.36
2022-06-13,20.5,14.4,17.7,88,39,68,23.5,11.6,48.6,297,1015.8,8.5,8.5,0.0,13.05,19339.29,66,3.01,,,,11.35,5.5,15.4,12.5,1.8,1002.52
2022-06-14,19.6,10.7,15.5,85,36,57,22.9,15.4,44.6,297,1020.9,0.4,0.4,0.0,23.3,55791.27,44,4.54,,,,6.53,4.2,8.9,4.92,4.8,1007.52
2022-06-15,23.5,8.9,17.0,86,35,58,12.1,5.7,20.9,177,1020.6,0.0,0.0,0.0,27.12,55968.53,64,4.96,,,,7.92,5.3,10.1,0.96,0.8,1007.22
2022-06-16,26.8,13.8,20.5,80,27,56,20.0,10.7,39.6,204,1016.6,0.5,0.5,0.0,19.77,49858.56,64,4.82,,,,10.71,5.9,15.0,1.21,4.5,1003.43
2022-06-17,24.9,13.6,19.7,75,28,50,21.5,13.3,38.2,317,1021.9,0.0,0.0,0.0,20.61,47146.35,87,5.05,,,,8.41,5.3,10.0,9.21,6.8,1008.62
2022-06-18,31.0,15.6,23.9,68,27,47,19.8,12.4,39.2,225,1018.3,0.0,0.0,0.0,27.16,54042.04,49,6.88,,,,11.03,8.9,14.1,0.0,3.4,1005.28
2022-06-19,32.0,20.5,27.1,63,30,44,28.1,18.6,54.4,202,1010.3,0.0,0.0,0.0,28.61,57600.0,12,8.34,,,,13.42,11.9,15.1,0.0,8.1,997.49
2022-06-20,28.2,13.5,20.7,90,51,72,24.3,12.1,53.3,308,1009.1,12.2,12.2,0.0,18.06,35823.69,50,3.91,,,,15.26,10.8,18.1,25.12,3.6,996.03
2022-06-21,20.7,11.7,16.2,87,40,62,30.3,20.4,56.5,298,1012.8,0.5,0.5,0.0,20.53,57600.0,38,4.25,,,,8.38,6.6,10.6,16.21,7.7,999.46
2022-06-22,25.0,9.9,18.4,93,35,60,9.0,5.1,18.4,228,1013.2,0.0,0.0,0.0,28.72,55535.6,43,5.21,,,,9.41,7.7,13.0,0.0,0.0,1000.02
2022-06-23,27.6,13.2,21.2,85,33,54,14.1,10.0,29.9,105,1014.7,0.0,0.0,0.0,28.76,57600.0,0,6.2,,,,10.58,9.2,13.1,0.0,6.9,1001.59
2022-06-24,30.0,16.4,24.0,78,30,48,22.3,15.4,43.2,132,1012.2,0.0,0.0,0.0,27.36,52671.9,38,7.06,,,,11.46,9.8,13.2,0.0,7.4,999.23
2022-06-25,28.0,18.6,23.5,84,42,60,13.5,7.9,31.3,151,1011.5,1.2,1.2,0.0,23.52,52518.99,72,5.13,,,,14.88,11.6,18.5,0.38,2.9,998.56
2022-06-26,31.5,18.9,25.3,83,31,56,12.4,6.2,27.7,127,1014.8,0.0,0.0,0.0,25.4,57600.0,18,5.73,,,,14.92,12.3,17.4,0.04,0.4,1001.86
2022-06-27,33.2,20.1,27.2,71,27,48,21.4,12.1,42.1,146,1015.0,0.0,0.0,0.0,24.86,54356.64,30,6.83,,,,14.28,11.4,16.7,0.0,6.5,1002.16
2022-06-28,26.5,21.5,23.8,89,46,63,19.9,11.9,38.9,320,1018.2,4.1,4.1,0.0,17.73,30589.29,88,4.22,,,,16.05,12.4,19.6,37.08,3.8,1005.19
2022-06-29,26.5,17.8,22.7,90,55,69,15.8,8.9,27.7,80,1016.6,1.0,1.0,0.0,13.07,10532.18,99,3.28,,,,16.42,13.3,17.5,36.88,4.1,1003.59
2022-06-30,29.1,19.4,24.5,95,51,74,16.1,6.8,28.1,128,1012.9,1.9,1.9,0.0,23.68,50953.54,75,4.87,,,,19.08,16.6,20.8,5.83,1.1,1000.0
2022-07-01,30.2,18.5,23.8,93,53,73,28.2,12.3,54.0,295,1012.8,7.2,7.2,0.0,20.09,41919.3,57,4.6,,,,18.53,14.1,20.9,19.12,2.2,999.82
2022-07-02,23.0,15.4,19.1,90,44,67,20.2,13.0,41.4,318,1023.3,0.2,0.2,0.0,20.09,46985.85,65,4.08,,,,12.22,9.9,14.2,51.12,3.7,1010.04
2022-07-03,26.0,13.1,20.2,95,40,65,11.8,7.2,26.3,135,1020.1,0.0,0.0,0.0,23.03,53821.98,38,4.46,,,,12.59,10.9,15.1,22.96,3.4,1006.92
2022-07-04,28.6,16.4,22.8,86,33,58,17.5,10.7,36.4,289,1016.4,0.0,0.0,0.0,23.35,55054.66,60,5.4,,,,13.5,10.8,15.9,0.0,5.0,1003.39
2022-07-05,24.6,17.8,20.7,86,39,66,13.0,8.4,26.6,10,1018.3,8.3,8.3,0.0,12.02,10894.54,84,2.96,,,,13.6,9.7,16.3,6.5,3.6,1005.18
2022-07-06,22.2,15.4,19.2,91,36,57,20.2,13.8,42.5,313,1019.3,0.2,0.2,0.0,24.25,55974.82,22,5.2,,,,9.79,5.1,14.7,2.42,0.8,1006.03
2022-07-07,21.5,13.1,17.8,74,42,58,16.1,9.7,33.5,270,1018.2,0.0,0.0,0.0,18.89,34058.0,96,4.05,,,,9.12,6.4,12.1,18.58,3.9,1004.88
2022-07-08,21.9,15.1,17.8,94,44,71,26.9,17.4,52.2,305,1022.4,5.1,5.1,0.0,21.52,47563.48,62,4.17,,,,11.94,8.7,14.4,45.29,5.1,1009.05
2022-07-09,21.6,14.9,17.7,80,44,66,24.4,16.2,51.1,294,1021.5,1.5,1.5,0.0,19.31,39944.21,86,3.99,,,,11.09,9.0,12.2,39.12,8.7,1008.2
2022-07-10,17.9,13.4,15.6,88,48,65,26.0,18.8,50.0,302,1017.9,2.7,2.7,0.0,16.89,41321.14,67,3.59,,,,8.7,6.5,11.9,32.5,9.1,1004.53
2022-07-11,19.8,11.6,15.9,79,47,64,26.0,14.9,50.4,301,1018.9,9.9,9.9,0.0,18.62,41156.95,42,3.67,,,,9.02,6.9,12.1,15.17,3.2,1005.57
2022-07-12,24.4,11.8,18.6,92,31,57,26.8,17.5,50.8,310,1020.4,0.0,0.0,0.0,22.4,52761.75,49,5.36,,,,8.78,6.3,11.6,5.21,9.9,1007.08
2022-07-13,29.1,14.8,22.1,76,28,50,25.6,15.3,47.9,282,1018.2,0.0,0.0,0.0,22.26,50400.0,49,5.97,,,,10.26,7.6,12.6,0.0,8.5,1005.15
2022-07-14,27.1,19.0,22.8,79,40,54,19.0,13.4,39.2,287,1015.1,1.3,1.3,0.0,20.28,37873.05,87,5.41,,,,12.52,9.1,15.3,8.25,8.0,1002.03
2022-07-15,21.5,14.9,18.3,78,31,47,24.4,17.1,49.0,294,1017.8,0.0,0.0,0.0,23.01,40357.98,47,5.38,,,,6.2,3.6,14.8,5.46,8.0,1004.55
2022-07-16,20.9,12.8,17.2,65,38,51,32.5,16.5,60.8,280,1018.9,2.6,2.6,0.0,16.61,40736.02,57,4.29,,,,6.8,4.4,10.9,8.83,6.0,1005.57
2022-07-17,22.0,11.4,17.2,77,34,54,16.9,12.8,34.9,295,1025.2,0.0,0.0,0.0,22.95,56522.46,34,4.72,,,,7.22,5.0,8.5,5.79,7.4,1011.75
2022-07-18,27.6,11.1,20.5,84,28,51,9.8,5.6,23.4,237,1024.5,0.0,0.0,0.0,24.15,45079.1,66,4.88,,,,8.72,7.3,14.8,0.0,1.5,1011.21
2022-07-19,33.4,14.9,24.9,76,21,43,10.8,6.1,21.2,267,1020.5,0.0,0.0,0.0,26.39,52271.67,24,5.99,,,,9.88,7.8,11.8,0.0,3.6,1007.51
2022-07-20,35.5,17.6,27.8,77,21,41,14.4,9.0,27.0,121,1019.2,0.0,0.0,0.0,26.52,56365.88,29,6.97,,,,11.74,9.6,14.4,0.0,4.7,1006.37
2022-07-21,36.7,20.2,29.1,66,20,41,18.4,12.6,32.8,141,1017.0,0.0,0.0,0.0,25.31,53032.03,57,7.59,,,,12.98,9.9,15.8,0.0,9.0,1004.16
2022-07-22,31.4,20.8,26.4,76,30,50,17.1,10.3,33.5,290,1017.1,0.0,0.0,0.0,22.13,52481.12,36,5.85,,,,14.4,11.6,16.6,0.29,2.6,1004.17
2022-07-23,29.4,18.7,22.9,80,41,66,17.8,9.5,32.4,332,1015.9,9.5,9.5,0.0,15.98,35761.82,71,3.71,,,,15.85,13.2,19.1,5.92,3.8,1002.88
2022-07-24,27.2,15.8,21.4,93,27,55,14.9,10.1,33.5,315,1019.3,0.0,0.0,0.0,26.81,53523.19,20,5.58,,,,10.55,6.3,15.2,1.75,5.0,1006.14
2022-07-25,32.4,15.1,24.6,78,24,45,15.2,11.1,32.8,148,1014.0,0.0,0.0,0.0,26.22,53165.57,47,6.69,,,,10.35,9.0,11.9,0.0,6.4,1001.0
2022-07-26,25.9,20.5,23.4,68,38,50,22.2,15.1,41.8,297,1010.9,0.0,0.0,0.0,14.44,21404.81,81,4.7,,,,12.25,9.6,15.8,4.08,6.0,997.94
2022-07-27,23.6,15.3,19.4,90,43,60,18.3,10.5,37.4,305,1016.1,0.2,0.2,0.0,16.92,36877.52,40,3.97,,,,10.8,5.7,13.9,6.58,2.5,1002.88
2022-07-28,25.8,11.8,19.3,76,26,47,14.1,5.5,23.4,84,1019.1,0.0,0.0,0.0,24.07,52118.3,37,4.79,,,,6.71,4.9,10.2,0.04,1.8,1005.82
2022-07-29,26.9,16.0,21.6,75,38,50,16.2,12.8,34.6,101,1017.8,0.1,0.1,0.0,18.57,42037.29,89,4.98,,,,10.38,6.8,15.2,2.92,10.8,1004.67
2022-07-30,19.0,16.0,17.7,94,76,88,23.5,13.2,41.4,22,1014.1,30.3,30.3,0.0,4.7,0.0,98,1.19,,,,15.53,14.3,16.8,63.92,8.2,1000.87
2022-07-31,24.2,15.6,19.1,95,44,73,23.1,17.5,45.0,331,1014.0,7.1,7.1,0.0,20.65,38055.05,62,4.06,,,,13.52,11.2,15.3,16.04,6.7,1000.87
2022-08-01,25.0,14.8,19.5,91,61,78,16.9,9.9,34.2,266,1014.0,5.1,5.1,0.0,17.04,33973.19,66,3.25,,,,15.57,12.0,17.4,10.04,3.5,1000.87
2022-08-02,25.0,16.6,20.5,94,50,73,12.4,8.9,25.2,307,1018.2,0.4,0.4,0.0,22.9,50400.0,49,4.19,,,,15.12,13.1,16.7,13.17,2.5,1005.02
2022-08-03,29.5,16.4,23.0,87,42,64,12.6,8.5,26.3,137,1017.7,0.0,0.0,0.0,23.84,50232.49,46,5.04,,,,15.13,13.1,17.2,1.04,4.5,1004.63
2022-08-04,30.6,18.3,24.6,73,39,57,14.8,11.3,30.6,125,1016.4,0.0,0.0,0.0,23.92,50650.3,39,5.73,,,,14.96,12.7,18.0,0.0,8.8,1003.48
2022-08-05,33.8,19.3,26.6,75,31,54,19.7,10.7,34.6,124,1013.2,0.0,0.0,0.0,24.29,50400.0,28,6.03,,,,15.77,13.9,17.8,0.0,2.9,1000.38
2022-08-06,25.0,16.1,19.8,93,42,67,24.9,15.7,49.3,328,1021.4,9.4,9.4,0.0,16.52,32163.03,94,3.67,,,,12.92,8.4,19.6,38.17,6.6,1008.18
2022-08-07,22.5,12.7,18.3,70,37,50,14.7,10.1,26.3,49,1024.6,0.0,0.0,0.0,23.65,50400.0,28,4.93,,,,7.32,6.3,8.7,5.54,5.6,1011.22
2022-08-08,25.5,11.6,18.8,85,29,53,14.2,7.9,30.2,70,1024.0,0.0,0.0,0.0,21.17,44653.8,65,4.43,,,,8.2,6.2,10.6,1.42,3.8,1010.68
2022-08-09,25.5,13.8,20.1,85,34,58,11.4,6.4,29.9,39,1025.8,0.1,0.1,0.0,19.35,49529.64,37,4.08,,,,10.77,8.6,12.8,2.17,0.0,1012.56
2022-08-10,26.5,13.1,20.1,94,33,60,15.0,8.1,30.2,53,1026.2,0.0,0.0,0.0,19.89,48355.42,33,4.35,,,,11.02,8.5,13.4,2.71,3.3,1012.95
2022-08-11,26.5,14.1,20.4,80,31,54,18.4,8.8,33.1,78,1023.8,0.0,0.0,0.0,20.2,47511.43,37,4.69,,,,10.01,7.1,12.6,2.46,2.2,1010.59
2022-08-12,26.1,13.7,20.6,94,43,64,14.5,9.0,31.3,78,1021.2,0.1,0.1,0.0,22.12,50400.0,18,4.64,,,,12.87,11.4,14.4,4.62,4.9,1008.02
2022-08-13,24.8,17.6,21.1,93,61,77,15.1,9.0,34.9,68,1017.0,4.0,4.0,0.0,12.6,24538.8,98,2.7,,,,16.78,12.8,19.0,37.58,1.6,1003.9
2022-08-14,24.2,18.5,20.6,96,67,87,11.0,7.1,32.8,52,1011.4,13.3,13.3,0.0,10.62,20507.41,85,2.06,,,,18.24,17.4,19.1,20.42,2.0,998.29
2022-08-15,27.1,18.1,22.1,96,61,81,12.4,7.8,27.4,119,1006.6,10.8,10.8,0.0,18.36,43831.45,67,3.55,,,,18.45,17.2,19.4,8.75,2.3,993.66
2022-08-16,29.7,18.6,23.8,95,44,71,15.5,7.5,27.7,239,1008.7,0.6,0.6,0.0,19.57,48653.55,56,4.08,,,,17.65,16.2,18.9,3.25,2.2,995.79
2022-08-17,31.0,17.5,24.6,94,38,65,9.6,4.9,15.5,299,1011.1,0.2,0.2,0.0,20.4,50400.0,36,4.28,,,,16.58,14.6,18.0,1.04,1.1,998.21
2022-08-18,32.0,19.4,26.1,90,39,61,15.9,10.9,28.4,111,1010.9,0.0,0.0,0.0,19.93,48710.91,84,5.16,,,,17.15,15.3,19.2,0.46,5.9,998.06
2022-08-19,31.9,21.2,25.9,83,40,65,18.1,10.4,34.9,178,1009.4,0.6,0.6,0.0,16.28,34623.42,98,4.12,,,,18.37,16.5,20.9,0.54,1.6,996.52
2022-08-20,25.7,19.8,22.1,96,66,85,15.8,8.3,30.6,295,1011.5,17.7,17.7,0.0,10.37,11363.54,100,2.11,,,,19.26,18.9,19.8,38.0,2.5,998.53
2022-08-21,19.5,15.9,17.7,96,83,91,24.2,18.9,43.6,320,1013.2,24.5,24.5,0.0,3.52,0.0,100,0.93,,,,16.28,14.3,18.5,99.67,12.8,999.98
2022-08-22,19.1,14.4,16.7,93,82,88,19.1,15.0,35.3,345,1014.7,9.3,9.3,0.0,4.31,349.41,100,1.08,,,,14.62,13.0,16.1,96.08,10.9,1001.44
2022-08-23,22.3,16.5,18.8,98,77,90,15.2,10.8,28.8,349,1015.3,20.1,20.1,0.0,7.59,9103.39,89,1.49,,,,17.1,15.6,18.7,78.42,4.0,1002.1
2022-08-24,25.1,17.2,21.0,99,67,86,8.2,5.5,19.1,349,1019.2,6.2,6.2,0.0,13.31,28694.21,74,2.53,,,,18.45,16.9,20.0,59.62,0.0,1006.02
2022-08-25,25.3,18.5,21.6,98,74,88,9.2,5.1,22.3,47,1018.0,13.7,13.7,0.0,11.91,27427.02,78,2.27,,,,19.51,17.9,22.4,38.17,0.5,1004.87
2022-08-26,29.5,17.6,23.1,98,41,75,13.1,7.5,25.6,105,1013.0,0.0,0.0,0.0,20.73,48741.64,2,4.27,,,,17.69,14.8,20.1,0.33,2.6,1000.0
2022-08-27,26.1,17.6,21.1,95,65,79,14.1,6.8,27.4,196,1011.4,2.0,2.0,0.0,17.01,39061.81,58,3.25,,,,17.19,14.5,19.9,3.25,1.1,998.3
2022-08-28,21.9,18.0,19.4,97,81,90,18.3,13.0,32.4,289,1013.5,13.3,13.3,0.0,8.33,7213.27,83,1.57,,,,17.79,15.2,19.2,51.42,5.2,1000.34
2022-08-29,22.8,14.4,18.0,94,48,74,17.9,12.6,34.9,290,1018.8,0.0,0.0,0.0,19.05,47511.73,28,3.47,,,,12.83,11.2,14.6,22.17,6.1,1005.48
2022-08-30,21.5,14.1,17.5,94,58,78,10.5,7.6,23.0,326,1020.8,0.6,0.6,0.0,14.82,34376.8,55,2.7,,,,13.38,12.1,15.1,33.5,5.4,1007.49
2022-08-31,20.4,13.0,16.9,93,53,72,13.0,8.9,26.6,45,1021.6,0.4,0.4,0.0,14.89,36322.83,90,2.85,,,,11.59,9.7,13.6,12.54,2.2,1008.21
2022-09-01,19.8,13.6,16.1,81,50,66,14.1,9.9,28.4,39,1021.8,0.1,0.1,0.0,16.64,36133.55,57,3.15,,,,9.6,8.4,11.3,11.67,6.6,1008.43
2022-09-02,19.4,8.8,14.9,94,45,68,13.8,8.9,24.8,79,1021.3,0.0,0.0,0.0,15.93,40946.86,31,3.01,,,,8.47,6.3,10.6,12.12,4.2,1007.82
2022-09-03,20.9,10.4,15.6,73,47,62,18.1,12.8,40.3,100,1019.4,0.0,0.0,0.0,16.11,42288.2,57,3.34,,,,8.21,5.4,10.4,10.08,8.7,1005.97
2022-09-04,21.7,11.6,16.9,87,56,70,12.1,10.4,25.2,91,1021.6,0.0,0.0,0.0,17.83,43996.38,69,3.29,,,,11.28,9.6,12.9,8.92,9.0,1008.24
2022-09-05,22.1,14.2,17.6,80,44,63,17.3,12.6,29.5,93,1025.3,0.0,0.0,0.0,12.97,33028.61,84,3.18,,,,10.09,5.1,11.7,43.83,9.0,1011.96
2022-09-06,21.3,12.6,17.1,64,44,52,16.2,13.0,28.4,101,1022.2,0.0,0.0,0.0,15.94,35441.93,71,3.91,,,,7.16,4.4,9.4,4.33,9.7,1008.82
2022-09-07,23.8,12.5,17.8,73,49,60,16.8,13.1,34.2,115,1016.9,0.3,0.3,0.0,18.18,43794.43,54,3.88,,,,9.88,6.2,13.5,2.0,9.3,1003.62
2022-09-08,26.0,15.0,19.0,95,58,80,19.9,12.0,34.9,124,1011.2,11.3,11.3,0.0,11.48,21600.0,95,2.4,,,,15.31,11.6,19.4,4.08,6.4,998.1
2022-09-09,22.2,13.7,17.8,94,54,80,11.0,6.7,22.7,220,1013.3,2.5,2.5,0.0,14.57,35717.96,64,2.56,,,,14.04,12.5,15.6,3.83,3.9,1000.09
2022-09-10,20.5,12.2,16.2,97,62,86,17.6,7.1,34.9,242,1012.9,16.6,16.6,0.0,13.9,27973.12,88,2.3,,,,13.66,11.8,14.8,15.04,0.7,999.65
2022-09-11,17.9,12.6,15.0,97,66,84,23.0,14.0,43.2,305,1013.5,2.6,2.6,0.0,9.99,26543.55,90,1.75,,,,12.21,10.7,14.3,40.58,5.4,1000.18
2022-09-12,18.6,10.9,14.5,94,56,79,13.3,9.6,28.1,307,1016.6,0.1,0.1,0.0,13.88,37628.23,48,2.33,,,,10.57,9.6,11.6,10.33,5.9,1003.22
2022-09-13,21.6,9.1,15.6,97,56,79,18.4,9.2,36.4,223,1011.1,0.4,0.4,0.0,12.5,37046.98,79,2.38,,,,11.6,8.4,14.3,13.5,5.5,997.78
2022-09-14,19.4,14.6,16.8,96,70,86,9.8,5.7,17.6,271,1005.7,3.1,3.1,0.0,7.48,11996.66,99,1.37,,,,14.41,13.4,15.8,31.42,2.1,992.51
2022-09-15,18.1,13.4,15.7,98,63,78,17.5,12.1,33.8,286,1003.2,8.1,8.1,0.0,9.62,15664.09,80,2.03,,,,11.75,8.9,15.5,50.54,2.5,989.98
2022-09-16,16.9,11.7,13.9,78,55,68,22.0,17.5,46.1,267,1005.5,0.3,0.3,0.0,15.1,43141.93,38,2.86,,,,7.89,6.4,9.0,8.92,12.0,992.24
2022-09-17,15.2,9.9,12.2,79,62,71,25.7,18.2,47.9,267,1005.2,1.5,1.5,0.0,9.68,23005.38,65,2.15,,,,7.05,5.6,8.9,39.67,13.4,991.85
2022-09-18,13.4,7.8,10.1,89,55,77,31.6,18.0,61.2,278,1006.5,8.3,8.3,0.0,7.41,17888.27,80,1.46,,,,6.1,4.2,8.9,40.46,11.1,993.06
2022-09-19,12.5,6.7,9.5,94,65,85,19.1,15.4,36.4,292,1010.4,2.3,2.3,0.0,7.68,16956.49,78,1.17,,,,6.98,5.2,9.1,49.33,10.1,996.79
2022-09-20,13.4,8.1,10.1,95,67,86,21.7,15.3,40.3,295,1017.5,0.8,0.8,0.0,8.76,28142.88,69,1.26,,,,7.75,7.2,8.9,31.75,12.0,1003.9
2022-09-21,14.4,6.4,10.1,97,66,86,16.0,12.8,32.8,305,1023.6,1.2,1.2,0.0,11.01,31515.01,45,1.52,,,,7.7,6.0,9.6,34.67,7.8,1009.91
2022-09-22,14.9,6.4,10.2,97,47,78,11.4,8.1,24.8,327,1023.8,0.4,0.4,0.0,15.03,42265.07,22,2.11,,,,6.1,3.4,8.8,11.21,3.1,1010.06
2022-09-23,15.6,3.7,10.0,97,47,75,9.7,5.8,18.0,223,1020.5,0.0,0.0,0.0,12.86,35345.7,58,1.97,,,,5.3,3.1,9.5,16.92,0.7,1006.86
2022-09-24,16.9,6.2,11.3,93,50,72,8.7,6.2,20.2,141,1015.1,0.0,0.0,0.0,10.52,33216.6,73,1.75,,,,6.1,4.1,9.9,19.42,1.8,1001.54
2022-09-25,18.1,6.1,11.4,97,54,80,8.9,5.8,18.7,140,1012.1,0.0,0.0,0.0,14.24,39600.0,46,2.15,,,,7.78,5.6,10.1,6.92,3.5,998.58
2022-09-26,15.8,7.3,11.3,99,69,87,10.3,8.1,23.4,247,1006.3,0.9,0.9,0.0,10.91,37971.39,31,1.54,,,,9.14,7.2,11.1,18.46,4.5,992.88
2022-09-27,15.6,7.2,11.0,94,66,85,18.2,11.5,34.2,173,999.1,1.6,1.6,0.0,6.51,14118.06,76,1.18,,,,8.42,5.8,10.6,8.0,6.8,985.76
2022-09-28,12.6,6.1,9.0,93,62,84,15.4,9.5,32.0,223,998.8,5.9,5.9,0.0,7.91,21075.75,45,1.15,,,,6.34,4.9,8.1,26.92,3.8,985.34
2022-09-29,13.4,3.4,8.4,96,57,81,11.7,6.0,20.5,232,1004.3,0.1,0.1,0.0,10.99,33651.62,78,1.51,,,,4.95,2.8,7.2,19.62,1.3,990.76
2022-09-30,13.4,5.0,8.5,96,73,89,8.7,5.5,15.1,118,1012.0,0.2,0.2,0.0,5.41,7200.0,95,0.87,,,,6.7,3.8,9.5,7.46,1.9,998.33
2022-10-01,16.0,4.6,10.6,96,60,82,18.9,10.9,36.0,207,1011.1,1.7,1.7,0.0,8.76,20136.43,66,1.55,,,,7.49,3.8,9.9,14.67,5.6,997.58
2022-10-02,16.4,10.0,12.1,93,64,84,25.0,19.5,51.1,276,1013.2,7.1,7.1,0.0,10.39,36000.0,42,1.68,,,,9.28,8.1,10.5,23.29,13.4,999.75
2022-10-03,14.3,9.4,11.4,92,67,81,34.7,25.0,63.0,297,1017.6,1.2,1.2,0.0,8.16,22643.31,62,1.54,,,,8.14,6.7,8.9,45.79,17.3,1004.05
2022-10-04,15.4,7.5,11.6,94,58,81,21.9,16.3,42.1,299,1021.1,0.8,0.8,0.0,9.14,27962.26,60,1.58,,,,8.19,6.6,9.4,55.96,6.5,1007.5
2022-10-05,19.0,7.7,12.8,93,59,76,12.6,9.7,23.8,191,1021.1,0.0,0.0,0.0,8.93,21453.14,90,1.74,,,,8.41,6.3,11.1,0.0,6.7,1007.59
2022-10-06,18.8,7.8,13.8,94,65,78,22.7,13.0,44.6,258,1026.1,0.0,0.0,0.0,8.25,32584.36,39,1.62,,,,9.92,6.9,12.9,15.42,6.9,1012.49
2022-10-07,18.6,4.3,11.2,100,68,88,11.9,8.8,25.2,146,1026.6,0.0,0.0,0.0,10.92,38548.35,58,1.55,,,,9.17,4.3,13.1,40.96,4.9,1012.92
2022-10-08,18.9,11.9,14.3,93,66,82,16.5,11.4,32.0,249,1018.6,0.7,0.7,0.0,6.44,22060.58,94,1.33,,,,11.15,8.1,13.2,17.88,6.8,1005.16
2022-10-09,14.9,6.8,10.4,94,53,78,16.1,9.9,28.4,297,1026.3,0.0,0.0,0.0,11.81,38950.85,7,1.68,,,,6.42,4.5,8.3,9.25,1.8,1012.59
2022-10-10,17.7,5.2,10.9,93,56,77,20.2,13.9,37.1,144,1021.3,0.0,0.0,0.0,10.52,31237.51,36,1.84,,,,6.72,3.9,8.9,1.96,7.2,1007.64
2022-10-11,14.8,6.7,11.1,94,52,77,15.7,11.5,29.2,301,1023.7,0.0,0.0,0.0,11.43,36888.84,36,1.69,,,,7.08,4.7,9.4,15.75,6.6,1010.05
2022-10-12,14.5,5.1,9.0,94,52,78,10.6,5.2,18.4,121,1026.8,0.0,0.0,0.0,10.39,38456.87,34,1.5,,,,5.15,4.1,7.6,21.83,1.8,1012.97
2022-10-13,17.3,4.3,9.4,94,57,83,11.6,8.8,22.3,133,1022.1,0.0,0.0,0.0,11.27,38432.25,25,1.55,,,,6.32,3.2,10.1,4.79,5.6,1008.35
2022-10-14,16.8,6.0,11.1,98,68,87,10.6,7.3,20.9,176,1016.8,0.4,0.4,0.0,10.1,35788.3,45,1.43,,,,8.89,5.7,11.8,9.42,4.1,1003.18
2022-10-15,17.4,10.2,13.4,93,72,86,16.3,12.5,32.0,168,1012.5,0.6,0.6,0.0,5.91,18669.01,77,1.07,,,,11.02,9.1,13.1,25.79,8.0,999.1
2022-10-16,20.9,11.8,15.9,94,69,85,16.0,10.0,32.0,196,1018.5,0.0,0.0,0.0,8.02,28821.08,95,1.4,,,,13.36,10.8,15.2,14.62,6.3,1005.08
2022-10-17,22.6,11.3,16.2,94,60,77,18.0,11.9,31.3,167,1025.5,0.0,0.0,0.0,10.18,36627.25,44,2.12,,,,11.83,9.4,14.4,0.33,5.9,1012.07
2022-10-18,19.6,11.4,14.6,98,66,83,15.0,9.7,27.4,261,1024.7,3.1,3.1,0.0,7.03,22593.78,87,1.29,,,,11.66,8.9,14.6,23.58,5.2,1011.21
2022-10-19,13.2,5.7,11.4,97,64,82,23.8,15.9,44.3,306,1025.7,0.3,0.3,0.0,6.12,25699.89,70,1.17,,,,8.26,4.2,12.1,71.12,6.5,1012.03
2022-10-20,11.9,2.3,6.8,96,58,79,18.5,12.5,35.3,120,1025.9,0.0,0.0,0.0,10.31,35649.53,19,1.43,,,,3.2,1.9,4.7,2.42,6.0,1011.95
2022-10-21,16.1,4.5,10.0,94,58,78,22.8,14.3,42.5,170,1016.2,4.1,4.1,0.0,7.12,20686.77,100,1.4,,,,6.22,3.5,9.2,6.96,9.4,1002.58
2022-10-22,15.3,8.4,11.6,95,81,89,19.1,10.7,33.8,252,1014.3,5.6,5.6,0.0,3.43,7200.0,76,0.62,,,,9.72,6.7,12.9,19.5,6.0,1000.8
2022-10-23,17.9,9.1,12.7,95,73,88,14.5,8.2,25.2,201,1017.9,0.0,0.0,0.0,8.43,27572.53,79,1.22,,,,10.67,8.4,13.4,6.25,5.1,1004.39
2022-10-24,21.0,11.6,15.4,91,62,79,18.1,11.5,32.4,206,1013.7,0.8,0.8,0.0,6.6,16750.22,100,1.44,,,,11.64,9.4,14.0,0.5,6.1,1000.39
2022-10-25,17.5,9.4,13.6,92,59,82,22.1,12.2,40.7,261,1016.3,0.0,0.0,0.0,8.08,29240.18,48,1.42,,,,10.42,8.1,12.2,4.42,7.4,1002.82
2022-10-26,17.1,5.9,10.6,97,68,88,9.8,6.4,14.8,196,1020.8,0.0,0.0,0.0,8.61,33032.57,10,1.15,,,,8.59,5.5,11.6,1.33,2.9,1007.15
2022-10-27,18.6,7.1,12.1,97,72,89,10.1,7.3,22.0,238,1026.3,0.0,0.0,0.0,8.18,32698.35,39,1.15,,,,10.21,6.5,13.7,7.04,1.8,1012.62
2022-10-28,20.9,9.9,14.0,95,62,83,11.5,8.3,18.4,181,1024.1,0.0,0.0,0.0,7.29,32758.7,69,1.27,,,,10.88,8.9,15.1,0.42,5.4,1010.6
2022-10-29,20.4,11.5,15.3,91,66,79,15.3,10.2,25.9,243,1021.9,0.0,0.0,0.0,6.74,27503.03,100,1.38,,,,11.64,9.1,14.6,0.0,5.0,1008.42
2022-10-30,20.4,9.8,13.9,96,70,88,10.6,6.5,20.2,208,1020.0,0.0,0.0,0.0,6.38,25864.88,72,1.01,,,,11.85,9.2,16.9,0.0,0.8,1006.46
2022-10-31,19.1,8.1,12.8,98,67,86,10.1,7.5,20.5,279,1020.5,0.0,0.0,0.0,7.84,32400.0,29,1.16,,,,10.37,6.8,14.5,0.0,2.0,1006.9
2022-11-01,16.9,7.6,12.1,99,73,88,11.3,7.9,23.4,234,1017.8,0.4,0.4,0.0,6.7,31392.66,91,0.98,,,,10.02,7.4,12.2,1.12,4.7,1004.23
2022-11-02,16.0,7.5,11.8,95,55,81,23.2,11.4,41.8,264,1021.4,0.0,0.0,0.0,7.56,30628.69,50,1.28,,,,8.38,6.2,10.8,17.21,6.5,1007.8
2022-11-03,13.8,3.5,8.8,96,62,80,16.8,11.7,28.8,139,1019.5,0.0,0.0,0.0,7.55,32400.0,77,1.22,,,,5.38,2.9,7.1,8.12,5.9,1005.8
2022-11-04,13.2,9.3,11.3,96,71,84,17.2,9.1,32.4,156,1006.2,10.2,10.2,0.0,2.39,1920.67,100,0.65,,,,8.65,7.3,10.2,78.67,2.9,992.77
2022-11-05,10.6,5.0,8.8,97,77,88,24.1,15.7,42.8,299,1013.8,3.8,3.8,0.0,2.06,4326.82,85,0.55,,,,6.97,4.4,9.8,60.62,7.0,1000.18
2022-11-06,11.1,1.5,5.7,100,67,90,15.3,9.4,26.3,154,1019.9,0.0,0.0,0.0,7.08,30696.9,30,0.82,,,,4.0,1.5,6.3,19.79,3.9,1006.02
2022-11-07,12.8,3.9,8.0,94,60,82,20.2,10.6,37.8,207,1016.1,0.0,0.0,0.0,6.57,28800.0,76,0.96,,,,4.95,2.8,6.8,6.58,6.6,1002.39
2022-11-08,15.6,5.6,10.0,93,66,83,15.9,9.9,26.6,188,1016.7,0.0,0.0,0.0,6.71,32241.48,52,0.96,,,,7.14,4.6,9.4,1.0,5.2,1003.05
2022-11-09,14.1,6.8,9.4,91,70,83,13.9,9.3,27.7,178,1015.1,0.0,0.0,0.0,5.32,29963.59,96,0.81,,,,6.67,5.1,8.8,4.33,6.3,1001.45
2022-11-10,13.0,8.5,10.4,92,68,84,22.4,13.3,41.8,265,1022.8,2.0,2.0,0.0,5.61,22890.7,69,0.86,,,,7.72,6.3,9.3,19.12,8.2,1009.07
2022-11-11,13.4,6.2,9.2,92,59,79,13.7,9.9,24.5,255,1031.2,0.0,0.0,0.0,4.62,15864.55,95,0.92,,,,5.52,3.3,9.1,0.29,6.3,1017.38
2022-11-12,12.1,4.6,7.9,95,68,83,11.8,7.6,19.8,307,1033.2,0.0,0.0,0.0,6.39,31818.26,67,0.79,,,,5.2,2.8,7.8,24.17,4.6,1019.21
2022-11-13,8.6,4.3,6.8,99,83,92,13.8,9.7,27.4,113,1030.6,0.0,0.0,0.0,4.92,28214.45,60,0.51,,,,5.58,4.0,7.0,55.29,5.0,1016.6
2022-11-14,11.4,2.5,6.1,100,79,93,14.7,11.3,26.3,123,1023.2,0.0,0.0,0.0,5.95,29543.77,34,0.62,,,,4.9,2.5,8.1,32.96,8.4,1009.3
2022-11-15,12.4,2.3,6.5,99,78,91,10.9,8.0,18.0,171,1014.9,0.0,0.0,0.0,5.79,31390.97,17,0.63,,,,5.12,1.8,9.1,3.04,5.4,1001.12
2022-11-16,6.6,3.6,5.3,100,90,95,18.6,10.7,33.8,70,1007.4,5.3,5.3,0.0,0.84,0.0,96,0.22,,,,4.57,2.7,6.1,83.25,1.8,993.7
2022-11-17,4.1,1.5,3.4,94,71,83,21.9,18.3,40.3,95,1005.9,2.3,1.9,0.28,2.09,0.0,100,0.52,,,,0.82,-1.7,3.0,98.29,14.4,992.06
2022-11-18,1.5,-1.1,0.0,80,61,71,17.2,14.2,32.8,66,1006.6,0.1,0.0,0.07,1.64,0.0,98,0.62,,,,-4.68,-7.7,-1.5,87.67,5.9,992.63
2022-11-19,0.2,-6.1,-3.1,93,58,77,11.8,7.3,20.9,221,1013.8,0.0,0.0,0.0,5.43,30333.84,37,0.49,,,,-6.79,-8.3,-5.3,17.46,4.1,999.58
2022-11-20,1.9,-6.3,-3.3,89,49,78,10.2,6.4,19.4,192,1012.1,0.0,0.0,0.0,5.68,29877.77,10,0.49,,,,-6.8,-7.8,-5.2,8.0,4.0,997.84
2022-11-21,5.4,-5.8,-0.4,96,72,88,16.4,10.1,29.9,190,1006.3,0.3,0.3,0.0,1.67,0.0,84,0.29,,,,-2.27,-7.2,1.4,65.33,1.5,992.29
2022-11-22,4.5,-1.4,1.3,100,81,92,15.6,11.2,29.5,122,1005.0,0.0,0.0,0.0,2.79,9901.19,100,0.3,,,,0.18,-2.5,1.8,100.0,5.6,991.14
2022-11-23,4.5,-0.5,1.7,97,85,94,11.3,6.1,19.4,109,1006.9,0.2,0.2,0.0,2.46,2922.14,99,0.28,,,,0.76,-0.9,2.5,15.75,1.6,992.98
2022-11-24,3.7,-1.7,1.2,99,84,95,7.6,4.1,15.1,93,1012.1,0.7,0.7,0.0,3.26,13095.14,99,0.31,,,,0.42,-2.0,2.2,40.96,1.6,998.12
2022-11-25,8.1,0.2,3.7,99,85,95,9.0,4.5,14.4,198,1018.5,0.0,0.0,0.0,3.01,14747.93,89,0.33,,,,2.94,-0.2,5.9,60.54,1.8,1004.51
2022-11-26,5.8,0.7,4.5,99,89,95,12.8,7.4,24.8,294,1026.4,3.8,3.8,0.0,0.75,0.0,100,0.18,,,,3.83,0.2,5.2,93.92,1.5,1012.38
2022-11-27,6.3,2.8,4.5,99,90,96,10.1,7.0,17.3,145,1029.2,0.7,0.7,0.0,1.88,7222.41,80,0.24,,,,3.87,2.4,5.1,77.96,1.1,1015.18
2022-11-28,5.3,-0.5,2.6,98,76,88,20.3,13.8,40.0,131,1021.6,0.0,0.0,0.0,3.02,18000.0,71,0.41,,,,0.8,-1.0,2.1,60.75,7.7,1007.58
2022-11-29,5.3,0.1,3.5,93,71,79,17.5,12.7,33.5,148,1021.4,0.0,0.0,0.0,2.29,9310.94,95,0.56,,,,0.12,-1.0,0.8,77.75,7.7,1007.41
2022-11-30,0.4,-1.8,-0.5,95,83,90,13.2,11.9,27.0,113,1027.3,0.0,0.0,0.0,2.35,0.0,100,0.23,,,,-2.02,-2.8,-0.9,64.92,9.8,1013.01
2022-12-01,2.6,-1.8,0.7,92,76,84,13.8,9.4,26.3,94,1028.5,0.0,0.0,0.0,1.89,0.0,98,0.3,,,,-1.77,-3.0,-0.5,91.71,6.0,1014.3
2022-12-02,0.9,-1.1,0.1,91,66,79,14.9,11.9,28.4,87,1026.8,0.0,0.0,0.0,1.57,0.0,98,0.4,,,,-3.05,-4.9,-0.8,97.12,8.6,1012.56
2022-12-03,1.9,-1.4,0.2,89,75,83,13.0,11.2,24.5,104,1025.0,0.9,0.0,0.63,1.0,0.0,100,0.3,,,,-2.31,-5.1,0.1,98.21,9.3,1010.79
2022-12-04,6.8,1.4,3.1,94,78,89,16.4,12.2,28.1,118,1021.2,0.0,0.0,0.0,3.69,26377.77,94,0.37,,,,1.35,-0.8,3.3,21.71,9.0,1007.2
2022-12-05,6.2,1.8,4.0,94,81,90,16.4,12.0,28.8,144,1019.6,0.9,0.9,0.0,1.4,427.19,100,0.25,,,,2.52,0.6,4.3,74.92,6.9,1005.63
2022-12-06,4.4,1.9,3.1,98,91,95,13.9,8.4,24.5,289,1015.5,5.9,5.9,0.0,0.7,0.0,100,0.15,,,,2.31,1.5,3.1,100.0,1.5,1001.57
2022-12-07,3.5,1.3,2.1,98,80,89,24.1,16.8,43.6,268,1011.3,2.8,2.7,0.07,2.16,13697.67,97,0.32,,,,0.53,-0.3,1.5,63.88,12.1,997.3
2022-12-08,4.6,-1.1,1.2,93,75,86,15.0,10.2,27.7,207,1010.0,0.0,0.0,0.0,3.2,26932.06,70,0.33,,,,-0.85,-2.7,0.5,21.71,6.1,996.02
2022-12-09,3.0,-3.5,0.1,94,81,89,13.7,8.4,24.5,110,1008.3,0.6,0.3,0.21,3.88,23409.17,73,0.3,,,,-1.51,-4.4,0.2,26.46,2.3,994.35
2022-12-10,1.1,-0.6,0.3,95,83,89,12.6,10.6,23.8,27,1008.1,0.4,0.1,0.21,0.96,0.0,100,0.2,,,,-1.31,-1.9,-0.2,92.46,7.7,994.13
2022-12-11,-0.2,-2.1,-1.4,88,76,84,21.3,16.4,39.2,319,1007.6,2.0,0.0,1.4,1.05,0.0,100,0.33,,,,-3.81,-5.3,-2.0,99.92,11.7,993.55
2022-12-12,0.6,-2.4,-1.2,89,81,85,23.5,19.0,41.8,297,1007.6,5.3,0.0,3.71,1.68,0.0,100,0.35,,,,-3.41,-4.9,-2.3,92.88,12.2,993.55
2022-12-13,-2.0,-5.8,-2.9,85,65,75,20.9,13.9,37.1,276,1013.5,0.4,0.0,0.28,1.58,0.0,91,0.43,,,,-6.68,-7.9,-5.1,91.33,4.9,999.29
2022-12-14,-3.2,-10.1,-5.9,89,62,78,14.3,11.4,27.7,125,1009.2,1.1,0.0,0.77,3.34,16860.52,83,0.35,,,,-9.23,-12.8,-4.8,38.46,7.2,994.88
2022-12-15,-1.3,-6.4,-4.3,93,63,83,9.8,7.3,16.9,229,1009.4,0.3,0.0,0.21,4.19,27473.02,61,0.3,,,,-6.85,-8.0,-4.4,27.25,3.8,995.15
2022-12-16,-2.4,-6.4,-3.7,96,79,85,13.2,10.4,25.6,34,1012.9,4.2,0.0,2.94,0.88,0.0,100,0.21,,,,-5.84,-7.1,-4.4,70.92,7.6,998.6
2022-12-17,-3.6,-4.5,-4.1,89,83,86,15.1,12.1,28.8,319,1024.9,0.1,0.0,0.14,1.86,472.76,100,0.2,,,,-6.03,-6.7,-5.2,100.0,7.4,1010.48
2022-12-18,-4.0,-8.6,-5.4,91,81,86,16.3,9.9,28.8,157,1036.9,0.0,0.0,0.0,2.44,5201.77,95,0.19,,,,-7.38,-9.8,-6.3,91.79,3.6,1022.16
2022-12-19,1.5,-8.9,-3.1,91,75,82,22.0,15.7,40.7,155,1030.8,0.2,0.2,0.0,3.5,22780.13,98,0.39,,,,-5.85,-10.3,-1.5,30.42,7.7,1016.36
2022-12-20,3.5,0.1,1.5,87,80,83,15.6,10.7,26.6,191,1022.0,0.5,0.5,0.0,2.1,4374.58,99,0.33,,,,-1.05,-2.2,0.6,7.08,4.9,1007.82
2022-12-21,4.2,-0.5,2.0,92,84,88,13.2,8.8,22.3,200,1015.0,1.7,1.7,0.0,1.33,159.08,95,0.21,,,,0.17,-2.2,2.0,34.79,5.5,1001.02
2022-12-22,7.9,2.3,5.4,94,84,90,21.1,13.0,36.4,210,1008.8,1.9,1.9,0.0,1.57,3600.0,98,0.31,,,,3.86,1.3,6.2,73.25,7.3,995.02
2022-12-23,9.9,4.2,7.0,96,85,92,18.4,12.1,31.7,234,1006.2,4.7,4.7,0.0,1.35,3600.0,99,0.29,,,,5.85,3.3,7.5,83.0,4.9,992.56
2022-12-24,9.4,5.6,7.7,95,76,88,28.9,16.2,50.8,272,1009.2,4.3,4.3,0.0,0.75,0.0,81,0.4,,,,5.76,4.5,7.2,66.33,7.7,995.6
2022-12-25,7.2,0.9,4.8,97,90,93,14.6,9.3,25.2,184,1019.9,0.8,0.8,0.0,3.15,22026.65,82,0.26,,,,3.8,0.4,6.0,33.75,2.9,1005.94
2022-12-26,13.3,6.1,8.7,91,71,84,18.8,14.4,32.0,222,1013.9,2.6,2.6,0.0,2.84,22037.83,92,0.61,,,,6.02,4.4,8.1,13.38,9.4,1000.25
2022-12-27,7.0,1.1,4.4,93,62,80,30.2,19.5,57.2,274,1022.0,2.0,2.0,0.0,3.74,25050.01,45,0.69,,,,1.24,-0.9,5.5,34.58,8.7,1008.04
2022-12-28,6.9,0.5,3.9,88,65,77,22.3,14.0,42.1,215,1020.3,0.0,0.0,0.0,2.28,7200.0,77,0.65,,,,0.16,-1.3,1.6,21.54,7.6,1006.3
2022-12-29,10.9,6.2,8.1,68,52,60,26.9,20.5,48.2,212,1011.7,0.0,0.0,0.0,3.11,16426.18,93,1.69,,,,0.86,-1.5,2.8,20.17,14.8,998.08
2022-12-30,9.9,4.5,6.6,91,67,79,17.8,12.9,31.0,201,1015.6,0.0,0.0,0.0,4.05,27821.27,70,0.69,,,,3.13,1.0,5.4,7.29,7.6,1001.84
2022-12-31,15.8,5.3,11.8,82,65,73,28.1,22.4,49.7,222,1014.6,0.8,0.8,0.0,2.74,15411.86,100,1.44,,,,7.08,2.5,10.1,31.54,17.1,1001.04
2023-01-01,15.5,10.4,13.7,74,53,62,23.7,18.9,42.1,229,1018.9,0.0,0.0,0.0,3.74,25039.54,93,1.96,,,,6.58,5.3,8.1,0.38,9.1,1005.43
2023-01-02,13.9,8.0,10.6,82,65,73,19.3,12.0,32.8,202,1019.5,0.0,0.0,0.0,3.3,22346.2,94,0.96,,,,5.86,4.9,7.8,3.58,5.5,1005.91
2023-01-03,10.5,1.8,7.2,95,67,83,18.7,13.7,34.2,274,1026.9,0.1,0.1,0.0,2.61,18439.92,64,0.62,,,,4.3,1.0,6.7,35.33,6.2,1013.04
2023-01-04,9.8,-0.5,4.4,96,70,84,26.2,16.3,46.4,223,1022.3,1.5,1.5,0.0,1.89,8715.04,75,0.64,,,,1.78,-1.3,5.2,45.33,6.1,1008.36
2023-01-05,11.1,4.2,8.5,87,67,79,35.1,28.5,65.2,281,1011.8,4.9,4.9,0.0,2.37,15665.81,80,1.03,,,,5.11,0.6,6.5,63.83,21.9,998.21
2023-01-06,8.9,3.0,5.3,91,78,83,19.1,12.9,41.4,254,1020.7,0.8,0.8,0.0,1.66,4655.57,99,0.44,,,,2.68,-0.1,6.4,70.58,2.9,1006.78
2023-01-07,9.6,3.7,6.5,94,83,91,15.6,8.6,29.5,198,1019.5,0.1,0.1,0.0,2.28,13305.43,75,0.32,,,,5.0,2.8,6.9,44.42,4.5,1005.69
2023-01-08,8.6,3.0,5.3,93,80,89,14.5,12.2,27.7,162,1011.2,0.0,0.0,0.0,3.95,21562.26,88,0.42,,,,3.67,1.9,5.4,12.33,8.6,997.37
2023-01-09,7.7,1.6,4.0,96,85,92,15.9,9.9,28.4,198,1002.9,1.7,1.7,0.0,1.35,3158.42,94,0.26,,,,2.81,0.9,6.2,28.96,6.5,989.17
2023-01-10,6.4,1.6,3.9,96,81,90,21.3,12.9,41.8,296,1015.2,0.4,0.4,0.0,1.8,8864.8,92,0.3,,,,2.47,0.9,3.6,60.25,6.8,1001.3
2023-01-11,7.8,-1.2,3.5,96,62,81,18.5,12.3,32.4,180,1017.1,3.0,3.0,0.0,2.49,10204.81,70,0.55,,,,0.47,-2.0,4.7,37.62,5.8,1003.15
2023-01-12,9.1,4.7,7.1,92,68,81,22.4,16.8,39.2,225,1014.8,0.7,0.7,0.0,3.88,24264.45,79,0.82,,,,3.85,2.8,5.2,38.75,10.5,1001.02
2023-01-13,10.9,5.8,8.5,92,71,81,23.4,17.3,40.7,220,1010.5,3.8,3.8,0.0,3.42,18786.95,96,0.89,,,,5.27,4.1,6.6,46.42,6.5,996.85
2023-01-14,8.6,3.2,5.8,90,57,76,23.4,15.8,41.4,209,1015.3,0.0,0.0,0.0,4.56,28215.95,48,0.96,,,,1.73,-0.8,3.3,9.83,10.9,1001.51
2023-01-15,9.6,4.8,7.5,92,51,74,29.7,21.4,52.6,206,1004.1,3.3,3.3,0.0,0.78,0.0,97,1.16,,,,2.87,-0.9,4.7,42.79,7.3,990.55
2023-01-16,6.5,0.9,3.2,92,65,80,18.9,15.0,34.2,170,999.5,0.0,0.0,0.0,4.95,25300.61,41,0.7,,,,-0.0,-1.1,0.9,10.38,10.2,985.78
2023-01-17,6.5,-1.8,2.6,90,54,76,19.2,13.9,36.0,186,989.4,0.0,0.0,0.0,5.07,28800.0,47,0.76,,,,-1.48,-4.3,1.9,16.62,6.1,975.82
2023-01-18,2.6,-2.5,1.2,100,82,92,11.4,6.0,19.4,68,993.4,3.1,2.0,0.77,1.23,0.0,99,0.2,,,,0.05,-3.8,1.5,73.29,1.3,979.65
2023-01-19,2.2,-3.5,0.5,97,71,87,12.0,7.4,24.1,283,1006.4,0.1,0.1,0.0,4.13,21600.0,96,0.39,,,,-1.52,-4.7,0.9,50.46,1.4,992.43
2023-01-20,2.2,-4.2,-1.0,95,69,87,15.5,6.5,27.0,350,1015.2,0.0,0.0,0.0,4.25,23040.04,93,0.39,,,,-3.0,-5.0,-1.1,48.96,0.5,1001.05
2023-01-21,0.4,-2.0,-0.4,95,85,90,22.6,16.6,41.4,357,1019.7,8.3,0.0,5.81,1.04,0.0,100,0.27,,,,-1.93,-3.8,-0.3,99.29,5.7,1005.53
2023-01-22,2.0,-0.8,0.8,99,78,92,14.4,10.8,27.0,63,1027.7,4.3,1.2,2.17,1.23,0.0,100,0.24,,,,-0.34,-1.9,0.9,97.58,6.2,1013.42
2023-01-23,2.5,1.0,1.6,94,88,92,13.2,10.0,24.8,49,1036.0,0.0,0.0,0.0,1.45,0.0,100,0.24,,,,0.37,0.2,0.8,100.0,6.9,1021.75
2023-01-24,3.9,1.3,2.3,91,86,89,13.3,10.4,23.8,59,1038.8,0.0,0.0,0.0,1.2,0.0,100,0.26,,,,0.71,-0.2,1.8,99.75,6.1,1024.43
2023-01-25,2.7,1.4,1.9,97,87,92,6.9,3.7,13.0,131,1033.6,0.2,0.0,0.14,1.14,0.0,100,0.22,,,,0.76,0.6,1.0,100.0,1.8,1019.39
2023-01-26,1.8,0.2,1.0,96,68,86,6.1,3.6,13.0,151,1022.3,0.0,0.0,0.0,1.57,174.89,97,0.26,,,,-1.14,-3.5,0.6,91.79,0.7,1008.18
2023-01-27,1.8,0.4,0.8,92,78,87,14.3,10.7,27.4,18,1021.8,1.1,0.0,0.77,1.1,0.0,100,0.27,,,,-1.15,-2.0,-0.5,99.12,4.6,1007.68
2023-01-28,0.6,-3.5,-0.4,92,75,82,14.0,11.5,27.7,353,1026.2,0.4,0.0,0.28,1.87,0.0,97,0.36,,,,-3.08,-6.4,-0.6,94.21,7.8,1011.89
2023-01-29,1.0,-3.3,-0.8,84,65,76,17.7,13.0,32.8,260,1025.4,0.1,0.0,0.07,1.02,0.0,94,0.47,,,,-4.55,-6.7,-2.1,87.88,7.2,1011.13
2023-01-30,4.2,-0.7,1.6,88,64,76,31.4,23.1,56.5,258,1009.8,3.8,2.6,0.84,1.39,3901.42,99,0.71,,,,-2.15,-6.1,1.0,84.5,12.9,995.84
2023-01-31,4.0,1.3,2.9,88,70,82,31.0,26.1,56.9,283,1013.7,3.3,2.8,0.35,3.51,12274.42,87,0.74,,,,0.08,-1.5,1.9,72.75,20.4,999.79
2023-02-01,4.7,1.7,3.5,91,76,83,34.2,27.4,63.7,274,1010.2,6.8,4.6,1.54,2.98,3953.96,93,0.7,,,,0.82,-0.3,2.4,53.75,18.6,996.31
2023-02-02,5.2,-0.1,3.1,89,69,78,37.1,27.5,69.5,295,1013.3,1.7,1.7,0.0,4.82,22988.32,72,0.94,,,,-0.35,-3.3,1.3,57.67,14.0,999.43
2023-02-03,6.2,-2.7,2.3,97,76,88,35.6,19.8,70.6,273,1015.3,17.5,13.8,2.59,0.91,0.0,96,0.37,,,,0.44,-4.1,4.8,62.79,6.4,1001.34
2023-02-04,4.4,-2.4,0.3,94,60,77,36.6,25.4,68.0,335,1027.3,2.2,1.6,0.42,6.21,30852.81,57,0.84,,,,-3.36,-6.1,2.8,40.33,17.8,1013.02
2023-02-05,-0.1,-5.2,-2.7,93,60,79,18.4,8.6,33.8,356,1038.9,0.1,0.0,0.07,5.59,18734.49,81,0.53,,,,-6.06,-7.1,-4.9,50.67,4.6,1024.27
2023-02-06,0.2,-5.1,-2.7,85,48,71,10.4,5.8,21.6,127,1040.7,0.0,0.0,0.0,5.79,25379.99,86,0.56,,,,-7.52,-9.6,-6.4,35.5,3.6,1026.15
2023-02-07,-0.1,-7.4,-3.6,91,59,78,7.6,5.8,19.4,333,1043.0,0.0,0.0,0.0,4.35,14109.27,60,0.44,,,,-6.91,-8.6,-5.2,59.71,3.1,1028.27
2023-02-08,1.5,-4.9,-1.7,86,56,72,17.0,9.3,33.5,139,1044.1,0.0,0.0,0.0,4.6,12604.75,71,0.61,,,,-6.21,-6.9,-5.4,71.38,3.4,1029.54
2023-02-09,4.8,-5.0,-1.0,87,31,61,18.3,13.0,35.6,173,1036.9,0.0,0.0,0.0,8.31,33533.13,24,1.19,,,,-8.21,-11.4,-6.7,0.0,7.6,1022.42
2023-02-10,4.2,-3.0,0.6,77,54,67,23.9,14.8,45.7,259,1034.9,0.0,0.0,0.0,5.76,18523.38,88,1.0,,,,-4.81,-8.3,-1.5,54.12,11.2,1020.58
2023-02-11,6.6,-1.0,3.6,93,66,77,30.2,21.1,54.0,270,1029.2,0.1,0.1,0.0,2.28,2611.09,100,0.81,,,,0.02,-4.8,4.8,80.17,12.8,1015.07
2023-02-12,7.7,4.8,5.9,98,73,89,18.2,12.3,33.5,300,1035.8,0.2,0.2,0.0,3.99,7757.65,98,0.55,,,,4.16,3.2,4.8,97.54,7.2,1021.75
2023-02-13,6.6,5.0,5.8,94,77,87,22.3,14.2,40.7,292,1037.1,0.9,0.9,0.0,2.26,0.0,97,0.46,,,,3.74,2.5,5.4,97.29,9.0,1023.0
2023-02-14,6.4,0.9,3.9,96,70,86,11.8,8.2,24.5,294,1036.9,0.0,0.0,0.0,3.84,1687.26,87,0.52,,,,1.69,-0.2,3.4,87.67,3.2,1022.71
2023-02-15,8.2,-2.2,1.9,93,65,85,10.3,8.5,21.2,152,1030.8,0.0,0.0,0.0,9.27,35312.89,18,0.92,,,,-0.46,-3.2,3.6,4.54,4.0,1016.55
2023-02-16,9.6,-2.7,1.7,90,53,79,13.8,9.3,24.5,241,1024.4,0.0,0.0,0.0,8.35,35270.74,75,1.0,,,,-1.77,-4.3,2.2,0.54,6.6,1010.28
2023-02-17,11.7,1.1,6.3,90,77,84,32.9,17.4,58.0,245,1017.1,3.6,3.6,0.0,1.91,0.0,100,0.67,,,,3.65,-1.5,8.0,49.33,7.4,1003.29
2023-02-18,10.2,5.9,7.9,93,62,76,40.3,25.6,72.7,279,1013.3,8.2,8.2,0.0,2.01,0.0,98,1.21,,,,3.86,-0.2,7.6,52.29,6.8,999.61
2023-02-19,6.8,1.9,4.9,97,63,82,24.1,15.4,45.4,309,1016.3,9.6,9.6,0.0,3.07,3214.06,98,0.68,,,,1.94,-3.0,5.6,83.33,8.0,1002.42
2023-02-20,11.9,0.3,6.5,80,57,70,36.8,22.7,66.2,266,1017.0,0.0,0.0,0.0,4.77,10129.97,98,1.6,,,,1.31,-3.1,5.1,48.96,12.1,1003.19
2023-02-21,11.1,6.0,9.1,85,71,78,38.2,26.2,70.6,287,1012.7,2.1,2.1,0.0,6.37,25200.0,95,1.4,,,,5.39,2.5,6.8,70.92,9.4,999.03
2023-02-22,8.6,0.4,5.0,95,62,80,16.2,7.5,28.1,23,1018.0,0.0,0.0,0.0,7.62,23615.76,63,1.03,,,,1.54,-0.3,3.2,52.58,1.1,1004.08
2023-02-23,10.7,0.6,5.3,89,70,80,15.0,12.2,27.7,129,1014.9,0.0,0.0,0.0,8.15,28187.33,100,1.09,,,,2.08,-1.5,6.4,15.17,7.3,1001.03
2023-02-24,7.0,4.7,6.2,97,77,87,14.3,9.8,29.2,277,1004.6,2.2,2.2,0.0,2.78,3600.0,100,0.49,,,,4.2,1.7,6.5,83.92,3.6,990.98
2023-02-25,4.2,0.0,2.5,91,80,86,33.6,22.8,64.1,284,997.8,3.1,2.7,0.28,3.9,0.0,93,0.58,,,,0.35,-1.6,1.9,72.46,12.7,984.05
2023-02-26,2.3,-2.2,0.1,90,57,76,20.2,16.1,40.3,345,1015.0,0.7,0.0,0.49,6.41,17908.24,73,0.84,,,,-3.81,-5.7,-1.9,61.04,10.4,1000.88
2023-02-27,3.0,-3.4,0.1,84,52,70,13.8,10.4,29.2,16,1027.3,0.7,0.1,0.42,8.34,25175.85,75,0.99,,,,-4.86,-6.8,-3.0,77.38,3.4,1013.05
2023-02-28,4.1,-4.4,-0.3,89,52,73,8.3,5.3,15.8,50,1031.5,0.0,0.0,0.0,10.53,36000.0,57,1.04,,,,-4.86,-6.0,-3.3,43.75,1.5,1017.11
2023-03-01,5.5,-5.1,-1.0,89,43,71,9.4,4.7,18.4,66,1029.4,0.0,0.0,0.0,12.2,36325.7,6,1.23,,,,-6.16,-7.1,-4.3,0.0,1.0,1015.02
2023-03-02,7.6,-4.7,0.1,94,48,74,11.6,5.7,19.1,70,1024.5,0.0,0.0,0.0,12.16,36271.1,7,1.3,,,,-4.44,-7.3,-1.5,0.08,0.8,1010.28
2023-03-03,3.0,-4.0,-0.6,99,64,87,15.0,10.0,30.2,301,1021.8,0.0,0.0,0.0,6.54,14850.56,77,0.67,,,,-2.59,-4.3,-0.6,69.46,1.5,1007.55
2023-03-04,4.2,-1.3,1.9,92,79,85,32.1,21.5,59.0,282,1016.1,0.9,0.9,0.0,2.34,0.0,98,0.55,,,,-0.38,-2.6,1.5,97.62,10.7,1002.09
2023-03-05,3.0,-0.2,1.3,93,61,81,26.6,14.4,51.1,285,1011.4,2.8,0.2,1.82,6.65,19701.5,98,0.78,,,,-1.73,-3.8,-0.1,68.54,4.0,997.45
2023-03-06,5.5,-1.5,1.8,94,58,77,17.4,10.9,36.7,250,1005.3,2.1,0.4,1.26,7.41,10638.51,100,1.0,,,,-2.0,-2.8,-1.1,43.08,5.2,991.4
2023-03-07,6.4,-2.3,2.6,97,61,77,26.8,16.0,49.7,220,999.7,0.0,0.0,0.0,8.11,14684.45,96,1.26,,,,-1.36,-3.0,0.6,37.12,4.6,986.0
2023-03-08,4.3,0.5,2.4,98,72,86,12.8,10.3,28.4,226,999.1,3.9,2.9,0.7,5.28,2499.74,100,0.65,,,,0.25,-1.0,2.2,61.17,4.1,985.36
2023-03-09,3.7,2.2,2.9,98,87,94,13.8,7.4,24.5,62,996.5,6.8,6.2,0.42,2.85,0.0,100,0.39,,,,2.0,1.5,2.8,98.08,1.8,982.82
2023-03-10,13.9,3.5,8.9,96,58,78,21.9,15.4,41.0,208,993.1,4.1,4.1,0.0,6.66,17723.4,92,1.39,,,,5.02,2.8,6.6,13.58,5.9,979.68
2023-03-11,8.0,-0.1,3.2,85,51,73,38.7,26.3,69.5,295,998.2,2.8,0.6,1.54,5.46,13800.08,80,1.11,,,,-1.29,-6.0,4.9,65.42,15.3,984.55
2023-03-12,6.7,-1.6,2.5,80,42,60,23.9,17.1,46.8,264,1012.4,0.0,0.0,0.0,9.99,19161.39,69,1.71,,,,-4.76,-5.8,-3.2,46.29,10.5,998.46
2023-03-13,12.8,4.7,9.0,89,53,77,27.2,18.8,49.0,213,1005.8,1.5,1.5,0.0,3.94,1858.19,99,1.22,,,,5.11,-0.7,8.1,46.33,12.3,992.27
2023-03-14,13.7,4.6,10.7,90,54,66,38.9,20.6,72.7,219,996.5,3.5,3.5,0.0,6.74,14333.21,92,2.02,,,,4.57,1.5,7.3,12.62,13.7,983.22
2023-03-15,6.8,-0.4,3.2,89,48,71,27.5,16.3,68.4,297,1013.0,0.4,0.4,0.0,11.44,33779.09,66,1.49,,,,-1.8,-3.6,1.7,17.42,6.4,999.11
2023-03-16,8.1,-2.5,2.2,92,40,71,14.2,9.9,30.2,280,1023.2,0.0,0.0,0.0,14.68,42158.56,14,1.68,,,,-3.19,-4.8,1.3,5.5,4.1,1009.08
2023-03-17,11.4,-0.9,4.5,73,40,59,21.4,14.3,41.4,136,1020.5,0.0,0.0,0.0,13.58,41560.82,84,2.18,,,,-3.07,-5.2,-0.3,0.0,7.7,1006.59
2023-03-18,14.1,2.1,7.5,65,39,53,19.8,14.2,38.2,165,1016.2,0.0,0.0,0.0,12.62,31618.11,89,2.53,,,,-1.66,-5.4,3.3,0.0,9.0,1002.47
2023-03-19,15.1,2.7,8.4,90,48,67,10.3,8.1,18.0,167,1016.2,0.0,0.0,0.0,11.17,30004.16,92,1.87,,,,2.33,-2.7,8.2,0.0,4.6,1002.52
2023-03-20,15.6,6.2,9.9,95,59,86,16.0,10.7,33.8,287,1016.8,3.7,3.7,0.0,11.1,25070.08,89,1.55,,,,7.55,5.1,9.4,24.33,6.5,1003.15
2023-03-21,11.0,7.6,8.9,95,67,84,11.7,8.3,24.8,285,1016.9,1.6,1.6,0.0,5.71,907.96,97,0.97,,,,6.22,4.9,7.8,80.04,1.8,1003.18
2023-03-22,16.8,7.6,11.8,90,51,74,13.0,9.1,29.9,201,1012.3,0.1,0.1,0.0,11.67,34305.63,94,2.03,,,,7.13,5.6,9.1,29.29,4.4,998.78
2023-03-23,17.8,8.1,12.6,85,47,68,23.3,13.0,43.2,229,1009.1,0.0,0.0,0.0,7.16,13355.7,100,1.99,,,,6.54,4.8,8.2,10.71,6.6,995.65
2023-03-24,19.1,10.2,13.7,91,54,75,26.5,14.4,53.6,225,1006.1,2.2,2.2,0.0,8.22,21505.7,100,1.92,,,,9.25,7.4,11.1,17.04,8.8,992.82
2023-03-25,13.6,7.3,10.2,88,53,71,27.0,15.9,51.5,259,1005.5,1.1,1.1,0.0,13.74,42202.39,74,2.25,,,,4.94,2.4,7.9,8.62,8.9,991.98
2023-03-26,12.1,6.0,8.6,93,52,72,23.8,16.3,45.4,256,1004.3,2.6,2.6,0.0,11.48,37352.09,83,1.96,,,,3.67,2.1,6.2,29.25,5.5,990.76
2023-03-27,6.6,-0.5,3.6,95,40,69,30.5,18.8,56.9,325,1008.2,3.6,3.3,0.21,9.67,18759.74,68,1.45,,,,-2.1,-8.5,5.2,54.21,6.7,994.4
2023-03-28,4.3,-2.7,1.3,80,40,61,34.1,23.6,64.8,308,1019.4,0.9,0.0,0.7,12.52,35447.41,46,1.74,,,,-5.78,-9.3,-3.0,30.67,5.4,1005.3
2023-03-29,10.4,-4.3,3.4,85,42,64,18.1,9.6,36.0,206,1020.8,0.0,0.0,0.0,16.57,41294.99,69,2.23,,,,-3.16,-7.8,0.2,21.92,5.4,1006.77
2023-03-30,16.9,4.2,10.3,87,59,76,22.5,14.5,40.3,216,1010.8,2.2,2.2,0.0,11.72,19386.54,99,2.0,,,,6.18,0.6,9.2,18.04,7.5,997.27
2023-03-31,15.3,6.5,10.2,94,63,83,19.5,12.4,38.9,230,1003.1,7.1,7.1,0.0,11.53,26679.14,60,1.72,,,,7.22,4.8,8.9,23.71,5.0,989.62
2023-04-01,10.9,6.9,8.9,94,80,89,21.3,13.0,41.0,286,1000.5,7.4,7.4,0.0,4.66,4430.26,94,0.78,,,,7.27,5.4,8.7,80.42,6.3,987.03
2023-04-02,7.1,2.2,4.6,99,62,79,23.8,18.3,43.6,6,1015.7,5.1,4.8,0.21,5.89,0.0,100,1.07,,,,1.18,-3.1,6.0,94.25,13.4,1001.8
2023-04-03,5.2,-1.4,2.4,80,42,58,23.6,18.8,45.7,12,1027.4,0.0,0.0,0.0,16.24,39788.48,56,2.14,,,,-5.25,-7.4,-3.4,47.21,9.1,1013.23
2023-04-04,3.2,-1.1,1.1,73,49,58,18.1,12.8,35.6,0,1026.9,0.0,0.0,0.0,10.68,15852.21,86,1.55,,,,-6.3,-7.7,-4.2,85.04,4.5,1012.73
2023-04-05,6.2,-2.2,1.9,85,45,67,14.8,9.6,31.7,311,1022.7,0.3,0.2,0.07,13.19,31707.4,50,1.62,,,,-3.9,-4.9,-2.1,30.96,5.6,1008.64
2023-04-06,7.0,-3.7,2.2,91,48,68,15.8,8.0,30.2,31,1021.9,0.0,0.0,0.0,15.28,35299.84,61,1.85,,,,-3.45,-5.4,-1.6,36.29,1.5,1007.82
2023-04-07,5.4,1.3,3.4,96,73,88,14.3,11.1,30.2,324,1018.5,7.0,6.8,0.14,4.86,0.0,100,0.67,,,,1.55,-1.5,3.8,100.0,5.4,1004.5
2023-04-08,9.8,3.2,6.2,97,60,80,17.0,12.0,32.8,71,1022.6,0.2,0.2,0.0,10.35,11072.02,98,1.39,,,,2.74,1.5,4.3,96.46,5.1,1008.72
2023-04-09,10.4,3.3,6.4,100,74,87,12.6,8.8,25.6,334,1025.7,3.4,3.4,0.0,6.77,2692.56,79,0.97,,,,4.34,2.2,6.6,51.25,3.2,1011.79
2023-04-10,14.4,2.3,7.9,100,55,84,8.8,4.5,15.8,175,1024.8,0.0,0.0,0.0,14.94,33980.21,68,2.09,,,,5.03,2.3,7.2,66.71,0.7,1010.92
2023-04-11,14.1,4.8,7.8,93,59,84,23.7,13.3,41.8,225,1013.0,2.8,2.8,0.0,9.13,9607.11,98,1.34,,,,5.22,3.3,7.6,13.0,8.8,999.35
2023-04-12,13.2,1.8,7.6,92,40,70,19.6,11.6,33.5,187,1009.6,0.0,0.0,0.0,19.43,46548.55,27,2.83,,,,1.79,-0.2,4.0,10.42,2.6,995.9
2023-04-13,10.1,5.6,7.8,92,67,82,17.2,11.7,32.8,280,1005.8,11.4,11.4,0.0,4.19,0.0,99,0.91,,,,4.78,0.9,7.4,77.62,4.3,992.25
2023-04-14,11.8,5.9,9.0,97,78,90,19.8,9.0,33.8,357,1005.3,5.6,5.6,0.0,5.48,33.75,100,0.95,,,,7.4,5.2,10.1,52.54,3.6,991.72
2023-04-15,12.7,7.3,10.0,93,55,75,20.8,11.6,38.2,120,1006.8,2.0,2.0,0.0,13.94,32427.36,93,2.0,,,,5.63,3.7,8.3,45.17,1.3,993.35
2023-04-16,14.4,3.7,8.9,100,56,85,8.7,4.7,17.3,344,1016.8,1.8,1.8,0.0,16.52,34142.54,62,2.35,,,,6.16,3.7,8.4,33.08,1.5,1003.13
2023-04-17,14.8,4.6,10.0,98,56,80,18.9,12.1,35.6,29,1021.5,3.1,3.1,0.0,16.84,38810.9,66,2.53,,,,6.45,4.2,8.8,23.33,4.4,1007.78
2023-04-18,13.2,8.4,10.7,93,71,83,20.1,16.8,37.8,38,1023.8,3.2,3.2,0.0,9.15,4345.17,99,1.55,,,,7.83,7.1,8.8,87.42,12.8,1010.15
2023-04-19,9.8,4.0,6.6,91,71,81,18.0,13.2,34.2,358,1020.6,5.5,3.6,1.33,11.65,21659.88,80,1.48,,,,3.54,0.8,6.7,54.54,4.7,1006.72
2023-04-20,14.9,4.2,9.3,95,59,80,14.4,8.8,29.2,61,1020.2,3.1,3.1,0.0,13.71,33501.89,74,2.11,,,,5.72,2.8,9.2,61.67,4.2,1006.52
2023-04-21,18.9,4.3,11.9,88,36,65,13.7,10.0,28.1,82,1018.4,0.0,0.0,0.0,19.9,49815.45,19,3.38,,,,5.08,2.5,9.0,0.17,6.1,1004.83
2023-04-22,19.1,4.3,12.0,90,38,66,11.6,8.2,23.8,128,1014.7,0.0,0.0,0.0,23.14,50006.67,9,3.76,,,,5.12,2.8,8.1,0.0,4.8,1001.2
2023-04-23,18.6,7.8,13.5,87,58,75,15.4,9.5,30.2,162,1009.8,1.2,1.2,0.0,13.75,26352.29,63,2.41,,,,8.95,4.4,13.2,0.12,2.8,996.37
2023-04-24,17.0,11.1,13.2,92,65,81,18.0,9.8,33.8,210,1005.3,10.9,10.9,0.0,12.74,24242.04,93,2.12,,,,10.0,7.8,11.2,23.62,4.0,992.02
2023-04-25,11.9,5.7,9.4,79,54,68,22.9,17.3,43.6,295,1008.3,0.3,0.3,0.0,13.97,35154.29,74,2.4,,,,3.68,-0.1,6.2,22.29,12.2,994.78
2023-04-26,9.2,3.1,6.2,80,49,63,24.0,18.1,46.1,290,1015.5,0.8,0.8,0.0,18.16,42432.08,43,2.54,,,,-0.4,-1.1,0.8,33.12,10.1,1001.67
2023-04-27,10.6,1.5,6.0,91,50,72,18.3,11.1,36.4,288,1020.6,0.8,0.8,0.0,18.83,47130.74,52,2.41,,,,1.08,-0.7,3.0,16.67,7.0,1006.72
2023-04-28,16.5,3.8,10.1,88,43,68,14.8,9.8,28.4,150,1018.3,0.1,0.1,0.0,15.67,26192.96,95,2.74,,,,3.95,2.0,6.3,7.0,3.9,1004.62
2023-04-29,15.9,8.1,11.9,89,69,80,20.4,12.1,35.6,250,1013.2,9.1,9.1,0.0,15.52,37083.92,87,2.41,,,,8.65,4.2,11.4,33.12,1.8,999.72
2023-04-30,13.9,5.2,10.2,92,41,68,19.5,12.2,35.6,331,1020.9,0.0,0.0,0.0,24.8,50400.0,14,3.43,,,,3.96,0.9,7.8,9.33,6.9,1007.27
2023-05-01,17.6,1.3,10.4,94,40,69,16.6,10.9,33.5,121,1018.9,0.0,0.0,0.0,24.9,50400.0,48,3.72,,,,4.29,0.4,8.6,2.96,6.1,1005.27
2023-05-02,17.1,10.4,13.4,82,51,71,18.4,12.1,36.7,284,1018.1,0.6,0.6,0.0,14.83,23681.43,100,2.72,,,,8.06,6.7,9.6,12.92,5.8,1004.65
2023-05-03,13.8,5.6,10.1,83,44,65,13.7,10.5,25.9,345,1026.9,0.1,0.1,0.0,19.5,44579.53,58,2.97,,,,3.57,1.4,7.7,49.21,7.0,1013.16
2023-05-04,16.6,2.8,10.5,88,43,64,10.2,6.3,18.7,103,1025.0,0.0,0.0,0.0,24.65,44650.05,36,3.75,,,,3.46,1.0,6.7,0.08,2.3,1011.31
2023-05-05,20.0,8.0,13.9,82,39,59,21.3,11.2,37.1,99,1020.6,0.0,0.0,0.0,24.33,49842.51,91,4.38,,,,5.4,3.0,8.1,0.0,6.8,1007.08
2023-05-06,13.8,9.2,11.3,90,62,76,20.2,12.6,37.1,77,1017.7,9.5,9.5,0.0,8.63,7000.71,99,1.88,,,,7.08,4.4,9.8,53.67,1.8,1004.09
2023-05-07,11.6,6.8,9.3,87,60,72,19.8,15.1,38.2,70,1024.1,0.0,0.0,0.0,12.13,9679.76,93,2.09,,,,4.3,1.7,6.1,93.08,10.3,1010.31
2023-05-08,14.3,3.1,9.1,89,45,64,21.1,14.7,42.1,103,1028.8,0.0,0.0,0.0,26.13,51609.93,2,3.65,,,,2.18,0.9,3.8,2.12,8.6,1014.93
2023-05-09,17.1,4.8,11.1,75,39,58,24.1,18.2,47.9,121,1023.7,0.0,0.0,0.0,26.06,51567.63,8,4.29,,,,2.8,0.3,4.9,5.33,10.0,1010.06
2023-05-10,19.2,8.0,13.7,73,42,60,24.1,17.3,45.7,135,1016.2,0.0,0.0,0.0,20.44,47430.36,44,3.97,,,,5.72,2.0,8.2,8.83,9.7,1002.7
2023-05-11,19.9,8.4,14.8,88,37,60,18.7,12.1,33.1,109,1017.3,0.0,0.0,0.0,19.09,40874.76,47,3.88,,,,6.55,3.5,9.4,0.12,7.1,1003.88
2023-05-12,21.0,10.0,15.3,67,35,52,20.4,15.5,38.5,96,1019.0,0.0,0.0,0.0,23.85,50433.5,19,4.95,,,,4.97,2.5,8.6,0.25,12.7,1005.62
2023-05-13,18.9,10.2,14.4,66,37,55,17.8,12.1,38.5,105,1021.8,0.2,0.2,0.0,22.43,48961.04,60,4.31,,,,5.25,2.2,8.5,4.75,5.1,1008.26
2023-05-14,19.9,8.3,14.3,89,41,63,11.9,8.8,26.3,126,1018.3,0.3,0.3,0.0,20.4,38205.93,72,3.68,,,,6.85,4.4,11.4,4.08,1.8,1004.87
2023-05-15,16.2,10.9,13.2,94,71,85,21.6,10.9,42.5,283,1008.2,16.0,16.0,0.0,12.5,21056.34,84,1.96,,,,10.71,9.7,11.4,61.92,0.5,994.83
2023-05-16,18.5,9.4,13.2,91,63,80,17.1,12.3,32.4,304,1012.6,4.7,4.7,0.0,18.76,32224.6,72,3.0,,,,9.69,7.3,11.4,40.5,7.4,999.21
2023-05-17,13.1,8.6,10.9,92,52,71,22.9,16.1,43.9,332,1019.9,3.0,3.0,0.0,10.86,6372.8,100,2.14,,,,5.48,3.0,9.4,40.54,6.8,1006.25
2023-05-18,15.2,5.9,10.6,76,43,62,15.0,10.6,28.4,38,1026.3,0.0,0.0,0.0,16.64,25579.62,97,2.93,,,,3.26,1.7,5.5,12.58,6.4,1012.56
2023-05-19,14.6,8.2,11.6,86,67,76,15.8,10.4,32.0,83,1026.5,0.1,0.1,0.0,8.7,3600.0,96,1.68,,,,7.48,5.5,9.8,69.17,5.8,1012.87
2023-05-20,20.7,11.1,15.7,88,58,75,18.3,13.2,36.0,90,1024.3,0.0,0.0,0.0,21.31,46986.82,76,3.55,,,,11.0,8.6,14.2,58.71,7.8,1010.82
2023-05-21,25.3,13.8,19.3,94,43,68,18.4,14.4,38.9,92,1019.7,0.0,0.0,0.0,25.44,53243.54,81,5.02,,,,12.68,10.1,14.9,0.5,10.5,1006.42
2023-05-22,22.9,12.6,18.0,77,36,57,15.8,11.9,31.3,96,1017.1,0.0,0.0,0.0,26.64,51294.52,82,5.24,,,,8.98,7.0,11.2,0.04,9.2,1003.84
2023-05-23,21.2,11.2,16.1,93,66,78,16.3,9.3,30.2,146,1012.8,8.6,8.6,0.0,18.68,44098.16,67,3.22,,,,12.19,8.6,14.9,13.33,3.7,999.53
2023-05-24,15.6,9.9,12.9,93,60,77,25.1,17.0,45.7,307,1018.6,0.1,0.1,0.0,10.13,8703.2,87,2.03,,,,8.84,7.8,13.3,81.0,5.9,1005.1
2023-05-25,19.2,7.6,13.7,93,54,74,14.4,9.7,28.4,304,1023.4,0.0,0.0,0.0,21.86,47962.31,47,3.57,,,,8.83,5.7,10.6,40.08,6.1,1009.81
2023-05-26,19.5,10.6,15.0,94,41,65,18.7,12.6,37.1,332,1024.3,1.1,1.1,0.0,25.64,53652.9,36,4.4,,,,7.8,5.2,10.1,8.25,8.8,1010.78
2023-05-27,18.6,7.6,13.7,87,40,61,13.8,9.3,29.5,21,1025.9,0.0,0.0,0.0,28.28,55242.43,2,4.6,,,,5.7,3.5,7.8,1.38,5.8,1012.34
2023-05-28,20.6,6.8,15.0,78,29,51,11.6,7.5,21.2,94,1020.9,0.0,0.0,0.0,28.79,55648.12,0,5.0,,,,4.08,1.8,9.1,0.0,4.0,1007.41
2023-05-29,23.5,7.3,16.1,84,31,56,17.8,8.8,34.2,12,1019.3,0.0,0.0,0.0,25.52,47403.74,38,4.97,,,,6.42,4.7,9.1,0.0,3.0,1005.9
2023-05-30,20.7,11.8,16.3,67,31,50,15.5,11.9,31.3,358,1021.9,0.0,0.0,0.0,28.49,54621.84,22,5.36,,,,5.18,3.0,7.2,1.33,7.6,1008.51
2023-05-31,23.8,9.6,17.2,75,32,54,9.4,5.1,19.1,352,1022.7,0.0,0.0,0.0,28.11,52446.79,21,4.97,,,,7.1,4.7,10.5,0.0,1.8,1009.28
2023-06-01,25.2,9.9,18.8,85,33,54,19.9,12.5,38.9,281,1015.9,0.0,0.0,0.0,27.91,53264.27,38,5.92,,,,8.24,6.7,10.1,0.04,6.2,1002.68
2023-06-02,18.1,10.8,15.1,85,31,57,19.6,13.4,40.3,358,1017.3,0.3,0.3,0.0,18.83,44957.15,38,3.86,,,,6.03,-4.6,9.1,33.12,5.6,1003.95
2023-06-03,19.0,6.9,13.3,69,26,43,13.7,9.8,25.2,76,1023.0,0.0,0.0,0.0,29.28,54170.49,36,5.13,,,,0.37,-4.4,3.3,0.0,5.8,1009.45
2023-06-04,22.2,8.4,16.0,71,24,46,12.2,6.9,20.9,69,1021.5,0.0,0.0,0.0,29.1,57238.99,15,5.35,,,,3.52,0.3,8.4,0.0,1.5,1008.06
2023-06-05,24.9,10.1,18.4,64,26,44,13.6,8.9,28.4,81,1020.6,0.1,0.1,0.0,24.09,43200.0,66,5.29,,,,5.32,1.8,9.1,0.12,5.0,1007.31
2023-06-06,25.2,15.8,20.0,92,34,61,17.1,8.5,32.8,55,1018.0,1.6,1.6,0.0,16.88,38266.81,95,3.99,,,,11.18,7.6,14.6,1.58,1.6,1004.8
2023-06-07,26.2,14.9,20.9,86,35,57,17.7,8.5,33.8,33,1016.8,0.0,0.0,0.0,19.72,31381.98,96,4.66,,,,11.43,7.4,14.4,2.54,2.1,1003.68
2023-06-08,27.5,14.0,21.5,96,30,58,15.9,9.6,32.4,87,1015.6,0.2,0.2,0.0,25.29,54395.34,83,5.66,,,,11.48,7.7,15.9,0.38,2.7,1002.51
2023-06-09,24.8,15.1,19.7,90,48,73,16.3,7.8,33.8,61,1014.4,1.7,1.7,0.0,18.86,39374.49,92,3.66,,,,14.36,11.6,17.5,6.5,2.0,1001.23
2023-06-10,26.5,13.9,20.8,97,29,57,22.7,12.8,43.2,59,1015.7,0.0,0.0,0.0,25.29,57536.68,40,5.83,,,,10.68,3.8,14.7,0.42,5.2,1002.56
2023-06-11,24.3,14.6,19.6,89,30,56,21.8,13.9,43.6,74,1019.4,0.1,0.1,0.0,27.1,57577.85,6,5.61,,,,9.74,4.8,13.9,1.38,7.1,1006.17
2023-06-12,23.5,14.2,18.9,80,26,49,19.9,13.0,39.6,82,1019.7,0.0,0.0,0.0,26.28,56501.23,23,5.65,,,,6.94,3.0,11.4,0.58,5.8,1006.49
2023-06-13,18.9,10.1,15.3,81,42,59,17.6,10.1,35.6,99,1016.3,1.1,1.1,0.0,23.46,51501.91,39,4.3,,,,7.05,4.1,10.6,9.88,5.0,1002.93
2023-06-14,19.6,9.9,14.8,91,52,74,15.7,8.3,28.8,58,1017.3,4.5,4.5,0.0,17.62,45391.85,71,3.02,,,,10.09,5.3,13.6,27.04,3.9,1003.87
2023-06-15,21.1,11.4,16.0,97,51,79,14.1,6.7,29.5,291,1016.9,1.7,1.7,0.0,23.11,52512.91,46,3.83,,,,12.0,10.6,13.4,18.25,3.4,1003.56
2023-06-16,22.6,11.1,17.0,95,46,69,16.9,8.4,33.5,273,1014.5,0.7,0.7,0.0,25.29,57169.0,26,4.57,,,,10.84,9.5,12.2,5.42,1.3,1001.27
2023-06-17,22.0,12.6,17.4,95,51,72,16.6,11.1,31.3,274,1013.2,0.8,0.8,0.0,23.95,57104.45,37,4.26,,,,11.98,10.6,12.9,10.92,7.4,999.96
2023-06-18,24.2,12.6,18.6,96,45,71,12.6,8.0,29.5,289,1014.6,1.3,1.3,0.0,24.12,56239.78,25,4.41,,,,12.76,11.1,14.2,9.21,3.5,1001.37
2023-06-19,27.6,13.2,20.9,96,35,67,18.3,6.9,37.4,161,1015.2,0.4,0.4,0.0,23.36,48582.45,50,4.7,,,,13.66,11.0,18.0,0.04,4.1,1002.07
2023-06-20,30.0,16.9,23.8,90,40,64,10.6,7.0,29.9,145,1014.7,0.0,0.0,0.0,22.53,44926.41,78,4.92,,,,16.15,14.2,18.8,0.04,4.1,1001.73
2023-06-21,30.6,19.8,25.2,84,38,62,19.8,11.5,41.0,255,1014.9,0.1,0.1,0.0,21.96,39600.0,84,5.55,,,,17.05,14.3,19.4,2.58,3.9,1001.99
2023-06-22,28.5,19.4,24.4,94,49,67,12.1,7.2,22.3,60,1018.2,0.0,0.0,0.0,25.2,54125.66,72,5.28,,,,17.34,15.6,19.0,7.79,4.0,1005.23
2023-06-23,26.5,19.2,22.2,93,54,77,17.1,12.5,34.9,254,1013.6,19.2,19.2,0.0,16.77,24519.79,97,3.7,,,,17.9,13.2,19.8,27.62,4.6,1000.59
2023-06-24,23.5,15.4,19.1,95,49,75,21.4,13.8,37.8,322,1021.2,7.5,7.5,0.0,15.53,32047.42,83,3.33,,,,14.01,12.0,17.7,60.67,8.4,1007.89
2023-06-25,24.5,13.4,19.7,92,45,66,16.1,9.2,33.5,326,1019.7,0.0,0.0,0.0,23.19,54604.61,27,4.59,,,,12.65,11.6,14.8,12.33,4.5,1006.47
2023-06-26,27.2,14.2,21.6,94,43,68,14.8,6.7,27.4,244,1014.7,0.7,0.7,0.0,25.91,56464.48,30,5.14,,,,14.62,13.1,17.6,1.5,0.4,1001.61
2023-06-27,20.8,14.1,17.6,92,41,71,26.9,19.8,53.3,295,1014.4,4.3,4.3,0.0,23.14,46800.0,71,4.18,,,,12.05,7.2,17.5,11.08,10.8,1001.13
2023-06-28,18.5,12.9,16.1,85,58,71,27.6,20.0,52.2,290,1014.8,1.5,1.5,0.0,10.89,19762.02,70,2.79,,,,10.63,9.1,11.9,37.79,13.7,1001.44
2023-06-29,24.4,13.2,19.5,94,44,66,12.4,9.2,25.2,292,1015.4,0.0,0.0,0.0,22.1,53465.73,27,4.31,,,,12.36,11.1,15.4,14.54,3.7,1002.22
2023-06-30,27.0,15.7,20.5,94,41,73,12.0,6.4,24.8,197,1010.3,3.2,3.2,0.0,18.28,28217.78,81,3.8,,,,14.97,12.8,18.6,2.62,3.4,997.21
2023-07-01,24.0,16.1,19.7,98,42,75,13.8,8.2,28.1,281,1007.3,1.8,1.8,0.0,20.11,38470.68,60,3.87,,,,14.59,10.2,17.1,38.67,3.5,994.28
2023-07-02,23.8,17.2,19.8,82,41,66,25.7,16.5,47.9,274,1006.8,1.3,1.3,0.0,22.26,42769.21,51,4.65,,,,12.88,9.6,15.1,18.17,6.4,993.73
2023-07-03,25.1,14.0,20.1,84,36,57,23.9,13.4,44.6,258,1010.8,0.0,0.0,0.0,22.42,54048.55,42,5.11,,,,10.75,8.9,12.5,4.0,6.2,997.75
2023-07-04,25.2,13.1,20.1,86,36,57,16.3,10.1,33.1,259,1013.5,0.0,0.0,0.0,25.61,57600.0,22,5.3,,,,10.71,9.1,12.4,1.62,5.4,1000.36
2023-07-05,26.7,13.8,20.5,87,49,71,16.3,10.5,38.9,156,1013.3,11.4,11.4,0.0,22.68,50567.46,53,4.46,,,,14.66,10.6,18.0,3.08,3.1,1000.15
2023-07-06,24.1,13.6,19.7,83,35,55,15.9,9.3,28.4,286,1017.8,0.1,0.1,0.0,23.07,51980.36,44,4.9,,,,9.68,7.7,12.5,0.46,6.5,1004.62
2023-07-07,27.3,13.7,21.0,84,29,53,12.6,5.5,22.3,38,1022.0,0.0,0.0,0.0,26.73,57600.0,19,5.29,,,,10.1,7.5,12.5,0.12,0.4,1008.85
2023-07-08,29.4,13.4,22.4,91,26,53,10.5,6.3,18.7,148,1021.0,0.0,0.0,0.0,28.32,57600.0,7,5.81,,,,10.66,7.1,14.8,0.0,0.8,1007.9
2023-07-09,30.9,16.6,24.3,82,27,47,12.3,7.8,27.4,9,1020.3,0.0,0.0,0.0,28.34,57591.02,1,6.42,,,,11.15,9.0,13.6,0.0,1.5,1007.28
2023-07-10,30.6,17.0,23.5,73,33,57,20.1,9.6,34.9,159,1018.1,0.7,0.7,0.0,22.87,48527.45,71,5.36,,,,14.16,9.2,17.3,0.0,4.7,1005.08
2023-07-11,28.0,17.8,23.1,94,36,60,19.8,10.7,38.2,296,1017.1,0.0,0.0,0.0,27.23,56381.07,37,5.57,,,,14.0,11.2,17.3,1.92,2.5,1004.09
2023-07-12,29.8,19.2,24.1,84,39,59,20.5,12.1,40.7,205,1010.6,9.3,9.3,0.0,21.69,42664.01,82,5.4,,,,15.38,11.8,18.2,2.92,7.1,997.68
2023-07-13,24.8,18.8,20.9,95,47,73,12.6,7.5,27.4,308,1014.0,11.6,11.6,0.0,16.52,34972.72,80,3.31,,,,15.53,11.6,18.1,11.46,1.3,1000.95
2023-07-14,24.2,14.7,20.2,83,46,62,11.9,7.2,23.4,271,1017.8,0.1,0.1,0.0,22.78,56657.88,33,4.47,,,,12.39,11.2,15.1,1.08,3.6,1004.67
2023-07-15,32.0,16.5,24.4,77,33,57,13.7,11.3,30.2,148,1013.1,0.0,0.0,0.0,27.42,57264.38,7,6.32,,,,14.6,11.5,17.5,0.0,7.4,1000.12
2023-07-16,28.6,21.3,25.0,81,44,63,16.4,9.7,33.5,245,1013.7,0.2,0.2,0.0,20.47,54640.21,34,4.74,,,,17.28,14.6,20.0,2.88,1.1,1000.81
2023-07-17,28.2,18.0,23.7,94,34,63,15.2,8.5,37.4,246,1016.5,0.9,0.9,0.0,22.71,52092.79,58,5.06,,,,15.16,10.4,18.6,1.38,4.6,1003.52
2023-07-18,25.3,16.6,21.3,71,32,49,21.8,13.0,38.9,299,1018.7,0.0,0.0,0.0,25.29,56488.43,29,5.76,,,,9.75,7.1,15.4,0.12,2.0,1005.6
2023-07-19,28.4,15.3,21.9,70,29,49,18.1,8.1,31.3,287,1011.3,0.2,0.2,0.0,26.59,53505.45,52,5.78,,,,9.99,7.8,11.8,0.0,1.5,998.26
2023-07-20,23.1,15.6,19.3,93,45,68,19.5,13.3,39.6,292,1011.3,2.4,2.4,0.0,21.42,49799.3,56,4.17,,,,12.61,10.1,15.1,17.0,7.1,998.14
2023-07-21,24.4,13.4,19.0,96,43,69,14.0,5.8,28.8,223,1011.8,5.2,5.2,0.0,21.88,47193.42,79,4.08,,,,12.38,10.0,15.7,2.04,1.5,998.65
2023-07-22,22.5,14.7,18.6,96,37,65,23.1,14.9,44.3,278,1013.5,0.2,0.2,0.0,23.74,52382.12,37,4.64,,,,11.07,6.9,15.8,3.12,6.2,1000.27
2023-07-23,27.8,13.5,21.5,77,38,56,21.9,12.8,42.8,218,1011.8,0.0,0.0,0.0,19.99,37691.15,87,5.08,,,,11.93,9.4,15.1,0.42,5.2,998.76
2023-07-24,28.6,16.5,22.7,81,41,59,19.4,11.2,39.6,214,1005.9,0.6,0.6,0.0,19.43,37623.45,89,4.79,,,,14.01,9.4,16.4,0.0,4.0,993.01
2023-07-25,23.5,17.6,20.8,80,49,63,19.8,11.8,36.7,285,1003.0,0.4,0.4,0.0,20.48,45121.02,89,4.33,,,,13.29,11.1,14.8,18.12,4.4,990.01
2023-07-26,19.2,13.6,16.1,93,46,75,16.9,13.3,34.2,309,1008.4,14.8,14.8,0.0,13.15,29626.21,72,2.61,,,,11.29,7.3,15.2,33.92,1.9,995.22
2023-07-27,22.4,10.5,17.0,90,40,64,14.0,9.8,30.2,246,1011.5,1.6,1.6,0.0,19.79,40362.38,68,3.93,,,,9.62,8.1,11.9,5.75,4.1,998.25
2023-07-28,24.4,15.4,19.6,93,59,76,26.4,14.6,52.9,251,1006.6,7.1,7.1,0.0,16.86,31549.61,82,3.44,,,,15.18,11.6,16.9,33.58,6.0,993.6
2023-07-29,26.7,15.1,20.5,93,53,79,28.5,9.1,61.9,222,1008.9,3.8,3.8,0.0,20.77,39713.58,55,3.94,,,,16.55,13.9,18.6,4.21,3.3,995.84
2023-07-30,24.4,15.8,20.6,90,49,70,21.3,10.8,37.1,263,1010.2,0.0,0.0,0.0,19.22,44742.59,73,3.95,,,,14.66,12.9,16.5,2.88,6.0,997.17
2023-07-31,23.2,14.7,19.4,87,50,68,18.9,13.4,35.3,240,1011.3,0.3,0.3,0.0,15.26,32439.95,96,3.47,,,,13.13,12.1,14.6,11.08,5.9,998.14
2023-08-01,21.9,16.5,19.0,88,61,76,21.1,15.0,42.5,203,1002.3,7.0,7.0,0.0,8.34,7200.0,92,2.21,,,,14.58,12.5,16.5,6.58,10.2,989.3
2023-08-02,24.2,13.4,19.3,92,47,70,21.4,12.6,40.0,203,1002.9,0.9,0.9,0.0,21.25,42125.92,47,4.28,,,,13.26,11.9,15.7,6.17,6.0,989.83
2023-08-03,25.0,18.7,21.3,89,45,65,28.1,18.7,56.2,220,1002.1,4.6,4.6,0.0,19.33,40404.46,50,4.63,,,,14.09,11.1,16.9,2.46,11.8,989.19
2023-08-04,23.7,16.1,20.2,81,53,65,15.3,9.0,30.6,242,1010.6,0.3,0.3,0.0,18.66,34018.32,73,3.85,,,,13.32,11.4,17.2,10.79,2.1,997.47
2023-08-05,19.9,16.2,18.1,94,73,85,20.9,13.0,38.5,354,1011.1,17.7,17.7,0.0,4.67,0.0,100,1.22,,,,15.53,14.1,17.1,20.42,6.2,997.93
2023-08-06,16.1,14.4,15.0,97,89,93,32.4,21.6,55.4,304,1001.8,35.6,35.6,0.0,3.16,0.0,100,0.74,,,,13.86,13.1,15.1,69.71,14.6,988.56
2023-08-07,19.5,13.4,15.7,94,62,81,25.2,18.1,56.9,268,1005.6,3.9,3.9,0.0,14.16,21905.32,90,2.57,,,,12.37,11.1,13.4,11.54,11.8,992.42
2023-08-08,19.3,12.4,16.0,77,47,66,26.8,18.2,53.3,255,1012.7,1.8,1.8,0.0,19.46,44235.82,69,3.78,,,,9.41,6.7,11.5,6.17,6.4,999.38
2023-08-09,18.0,11.5,14.9,91,61,78,15.6,8.2,33.1,255,1015.0,5.7,5.7,0.0,10.89,27334.87,82,1.95,,,,11.05,8.1,13.6,21.58,3.3,1001.6
2023-08-10,20.6,10.8,15.9,91,50,72,8.8,5.5,20.9,232,1020.9,0.2,0.2,0.0,21.91,50400.0,27,3.63,,,,10.41,9.4,12.1,1.71,0.0,1007.45
2023-08-11,23.5,11.0,17.7,90,48,70,10.1,6.7,22.0,267,1022.2,0.0,0.0,0.0,20.29,49638.88,25,3.73,,,,11.8,9.4,15.8,8.83,0.8,1008.9
2023-08-12,28.2,13.8,21.1,93,50,70,15.2,10.9,30.2,141,1019.7,0.0,0.0,0.0,22.86,49366.7,58,4.65,,,,15.06,12.3,19.0,0.0,6.9,1006.56
2023-08-13,26.0,19.1,22.2,87,67,78,22.9,9.0,38.5,250,1018.1,6.8,6.8,0.0,16.67,44386.25,70,3.35,,,,18.11,14.6,20.1,18.62,2.7,1004.98
2023-08-14,29.8,19.4,24.4,95,55,74,14.3,9.2,26.6,162,1017.9,4.4,4.4,0.0,20.08,49381.42,82,4.24,,,,19.18,16.0,21.6,2.71,5.0,1004.9
2023-08-15,31.4,19.5,25.2,76,43,61,14.9,11.7,29.9,153,1017.2,0.0,0.0,0.0,22.93,50400.0,11,5.46,,,,16.78,14.2,19.5,0.0,7.0,1004.25
2023-08-16,29.8,18.6,24.4,85,51,71,12.0,7.4,20.5,284,1018.4,0.5,0.5,0.0,20.43,50400.0,26,4.3,,,,18.6,15.7,21.4,2.88,3.9,1005.37
2023-08-17,27.7,20.0,22.6,97,63,85,11.8,5.1,36.4,55,1019.1,5.7,5.7,0.0,18.83,37947.74,70,3.56,,,,19.85,19.4,20.4,12.67,1.1,1005.99
2023-08-18,26.9,19.0,22.7,98,64,82,11.9,5.3,24.1,86,1018.1,2.5,2.5,0.0,19.7,47826.14,37,3.68,,,,19.34,18.2,20.5,3.75,2.7,1005.04
2023-08-19,29.5,19.1,24.2,98,50,78,7.9,4.7,15.5,155,1018.1,0.0,0.0,0.0,20.82,50400.0,18,4.08,,,,19.55,18.0,22.6,1.71,2.2,1005.12
2023-08-20,31.7,19.8,25.6,96,41,69,8.9,5.0,19.8,312,1019.8,0.0,0.0,0.0,20.41,50310.79,30,4.4,,,,18.82,16.8,19.8,1.0,1.8,1006.88
2023-08-21,27.4,20.0,23.5,98,52,77,11.5,6.2,23.0,357,1021.6,3.0,3.0,0.0,18.51,44598.16,24,3.67,,,,18.75,16.6,20.7,16.46,1.0,1008.55
2023-08-22,28.9,17.8,22.9,95,57,77,15.3,7.1,33.1,74,1019.2,2.1,2.1,0.0,19.36,47825.1,25,3.78,,,,18.32,16.6,21.6,2.21,1.3,1006.08
2023-08-23,25.8,16.4,20.9,97,45,70,12.1,5.3,20.9,16,1019.0,0.0,0.0,0.0,21.78,49775.36,25,4.04,,,,14.65,11.8,17.3,2.0,0.0,1005.82
2023-08-24,26.5,15.4,21.3,89,47,68,10.6,6.3,17.6,229,1017.4,0.0,0.0,0.0,20.75,47558.71,31,4.02,,,,14.75,13.1,18.6,0.58,1.3,1004.24
2023-08-25,31.1,19.2,23.9,87,46,68,15.0,10.6,28.8,177,1010.8,0.3,0.3,0.0,18.26,37440.66,77,4.35,,,,17.3,13.6,20.0,3.12,6.4,997.89
2023-08-26,27.8,18.4,23.4,93,53,74,14.8,7.6,29.9,217,1010.8,0.1,0.1,0.0,15.99,41478.41,83,3.39,,,,18.11,17.1,19.8,7.25,1.5,997.83
2023-08-27,22.6,18.0,20.2,94,68,87,12.1,6.3,22.3,310,1009.8,11.1,11.1,0.0,9.58,13912.2,100,1.81,,,,17.91,16.4,19.4,40.33,1.6,996.69
2023-08-28,19.5,15.9,17.3,95,69,82,17.7,12.7,31.0,331,1010.4,2.8,2.8,0.0,6.45,2502.25,100,1.56,,,,14.24,12.8,17.5,38.46,8.9,997.18
2023-08-29,19.1,13.4,15.3,95,77,89,20.3,10.7,36.0,331,1006.5,18.4,18.4,0.0,7.15,2057.02,100,1.37,,,,13.49,12.1,15.0,82.29,4.2,993.3
2023-08-30,18.1,13.2,15.4,97,70,86,16.6,11.5,31.3,295,1006.9,1.5,1.5,0.0,9.26,6349.01,94,1.67,,,,13.0,12.0,13.8,74.46,5.0,993.67
2023-08-31,19.1,11.8,15.5,96,50,75,21.0,10.6,41.8,252,1010.3,1.5,1.5,0.0,15.47,42350.07,51,2.75,,,,10.73,8.4,12.9,10.17,4.5,996.99
2023-09-01,22.1,11.1,16.6,85,46,70,12.7,8.7,26.6,236,1015.3,0.0,0.0,0.0,16.74,41095.93,52,3.07,,,,10.67,7.3,15.3,7.75,4.4,1001.99
2023-09-02,21.6,13.4,17.9,99,63,82,9.4,5.9,21.6,300,1019.9,4.7,4.7,0.0,16.23,38266.51,65,2.75,,,,14.5,13.2,16.1,13.96,1.1,1006.55
2023-09-03,21.6,14.6,17.8,95,55,77,16.9,10.8,31.3,314,1024.3,0.6,0.6,0.0,14.64,34228.93,86,2.9,,,,13.35,10.6,15.3,6.54,4.2,1010.96
2023-09-04,21.6,12.8,17.1,91,58,75,12.8,8.1,25.6,347,1028.2,0.0,0.0,0.0,9.92,10720.25,68,2.08,,,,12.44,10.6,14.4,32.08,4.2,1014.72
2023-09-05,23.5,14.6,18.8,90,52,72,10.3,7.6,22.7,136,1026.2,0.0,0.0,0.0,19.07,43200.0,53,3.49,,,,13.22,11.7,14.3,21.04,3.5,1012.82
2023-09-06,25.6,11.4,18.2,96,44,73,9.2,6.0,15.1,112,1024.1,0.0,0.0,0.0,19.29,45262.38,0,3.47,,,,12.59,10.7,15.7,0.0,3.6,1010.76
2023-09-07,26.1,12.8,19.4,92,49,69,13.7,10.0,27.4,104,1025.1,0.0,0.0,0.0,19.05,44936.1,0,3.8,,,,13.23,11.4,14.9,0.0,7.8,1011.82
2023-09-08,26.5,13.6,19.5,92,48,73,10.1,8.1,23.0,113,1022.7,0.0,0.0,0.0,18.95,44610.98,4,3.5,,,,14.14,12.3,16.3,0.0,5.2,1009.41
2023-09-09,27.2,14.1,20.3,94,49,74,11.5,8.9,24.5,125,1020.2,0.0,0.0,0.0,18.44,44286.91,48,3.63,,,,15.07,13.2,16.8,0.0,7.0,1006.95
2023-09-10,28.7,13.6,20.8,97,40,72,8.9,5.5,14.0,136,1018.1,0.0,0.0,0.0,18.38,44331.36,0,3.46,,,,14.9,12.9,20.0,0.0,2.6,1004.92
2023-09-11,28.1,14.7,21.5,91,42,67,9.2,5.3,16.6,198,1014.9,0.0,0.0,0.0,18.01,44008.77,0,3.55,,,,14.55,12.9,16.2,0.5,2.2,1001.82
2023-09-12,28.9,14.5,21.7,95,42,70,9.5,6.3,18.4,140,1012.9,0.0,0.0,0.0,16.74,43686.95,34,3.41,,,,15.38,13.6,19.2,0.08,3.6,999.84
2023-09-13,27.2,15.5,20.2,97,55,83,17.9,8.5,36.7,264,1012.7,6.1,6.1,0.0,13.46,31878.41,78,2.57,,,,17.1,15.0,19.0,2.46,3.7,999.56
2023-09-14,19.9,15.5,17.9,94,58,78,16.4,11.2,32.8,329,1019.9,0.2,0.2,0.0,8.68,23542.9,90,1.85,,,,13.78,11.4,17.0,76.04,4.7,1006.56
2023-09-15,21.6,13.6,17.5,91,52,70,13.4,9.5,26.6,96,1022.8,0.1,0.1,0.0,13.56,43200.0,41,2.76,,,,11.75,8.4,13.8,34.04,3.8,1009.43
2023-09-16,24.4,12.3,17.9,84,55,71,14.4,13.1,28.8,120,1019.8,0.0,0.0,0.0,16.81,43184.95,2,3.32,,,,12.33,9.1,14.9,0.42,11.4,1006.51
2023-09-17,25.6,14.9,19.9,94,51,75,13.2,8.8,28.1,150,1017.2,0.0,0.0,0.0,15.61,43049.37,20,2.98,,,,15.04,13.6,17.3,2.17,4.0,1004.01
2023-09-18,27.1,15.9,21.0,94,54,76,17.5,11.4,33.8,145,1012.4,0.0,0.0,0.0,15.73,42912.98,69,3.3,,,,16.2,14.4,17.5,4.62,5.0,999.33
2023-09-19,22.5,14.1,19.2,96,51,76,22.3,11.8,43.2,279,1010.8,2.7,2.7,0.0,12.24,32411.16,84,2.57,,,,14.47,10.8,18.0,14.25,3.3,997.72
2023-09-20,24.1,12.1,17.9,86,47,68,14.6,10.1,29.5,211,1013.8,0.0,0.0,0.0,15.81,42638.27,15,3.11,,,,11.65,8.4,14.2,0.29,6.3,1000.6
2023-09-21,26.3,14.8,20.3,92,48,70,23.2,15.3,42.1,143,1007.4,0.0,0.0,0.0,15.09,41080.79,36,3.63,,,,14.39,13.1,15.6,4.25,9.2,994.36
2023-09-22,23.0,15.9,18.7,94,61,81,18.4,10.9,36.7,212,1004.5,10.5,10.5,0.0,7.67,21600.0,73,1.78,,,,15.22,14.4,17.0,43.38,6.6,991.4
2023-09-23,18.9,12.1,15.6,97,55,77,16.0,9.0,31.3,283,1013.5,2.5,2.5,0.0,8.97,21749.0,98,1.88,,,,11.34,8.2,14.9,24.17,2.8,1000.16
2023-09-24,18.4,10.4,14.0,89,56,75,14.6,9.8,30.2,334,1025.3,0.0,0.0,0.0,12.8,39956.27,79,2.17,,,,9.35,8.2,10.6,15.33,6.6,1011.74
2023-09-25,20.9,12.4,16.3,92,65,77,16.0,10.3,31.7,102,1027.3,0.0,0.0,0.0,8.62,14862.94,55,1.8,,,,12.22,9.3,14.6,47.12,8.0,1013.85
2023-09-26,22.4,14.1,17.7,98,71,88,12.9,9.9,24.5,121,1024.5,0.0,0.0,0.0,12.63,34015.69,27,2.07,,,,15.6,13.8,17.1,25.62,7.2,1011.12
2023-09-27,26.0,14.4,19.3,96,47,76,14.0,9.0,27.0,135,1022.6,0.0,0.0,0.0,14.14,39913.35,40,2.84,,,,14.51,12.4,17.0,0.0,5.7,1009.3
2023-09-28,25.5,12.6,18.5,93,44,71,15.6,10.6,30.2,148,1020.0,0.0,0.0,0.0,14.69,40470.38,0,3.04,,,,12.63,11.4,14.6,0.0,7.7,1006.76
2023-09-29,26.0,13.1,19.0,86,42,68,11.6,8.0,24.1,174,1019.2,0.0,0.0,0.0,13.98,36819.49,46,2.85,,,,12.67,10.8,15.3,0.0,5.2,1005.96
2023-09-30,19.1,12.3,16.7,90,54,71,26.2,14.3,46.4,302,1022.4,0.6,0.6,0.0,11.3,31685.0,67,2.3,,,,11.29,8.1,15.6,20.92,4.7,1008.99
2023-10-01,19.8,9.5,14.6,91,47,72,14.8,8.0,28.8,273,1024.6,0.0,0.0,0.0,9.16,26728.87,86,1.89,,,,9.17,8.0,10.8,16.5,5.1,1011.1
2023-10-02,23.8,13.9,17.8,90,50,74,9.4,7.1,19.8,202,1022.6,0.0,0.0,0.0,12.94,38873.92,77,2.39,,,,12.78,10.2,15.4,31.54,3.6,1009.22
2023-10-03,25.9,12.9,18.9,91,49,73,26.9,13.5,48.6,197,1014.9,8.2,8.2,0.0,12.5,39564.31,58,2.83,,,,13.68,11.0,16.5,3.96,5.9,1001.66
2023-10-04,16.8,11.6,14.2,89,56,73,29.1,20.1,57.6,275,1024.0,2.6,2.6,0.0,9.79,33960.07,48,2.13,,,,9.2,7.4,14.9,11.25,8.5,1010.46
2023-10-05,17.5,10.5,14.1,85,50,70,29.2,16.6,52.2,259,1023.0,0.6,0.6,0.0,8.15,22303.57,88,2.13,,,,8.4,7.1,10.9,20.21,9.1,1009.41
2023-10-06,18.9,9.9,14.5,98,59,77,18.2,12.0,32.4,249,1024.0,0.1,0.1,0.0,7.81,20661.77,94,1.79,,,,10.17,8.1,11.7,33.04,5.4,1010.48
2023-10-07,18.8,14.8,16.9,91,58,68,31.7,24.3,56.5,270,1015.8,2.0,2.0,0.0,5.91,13350.16,99,2.57,,,,10.8,7.7,14.2,41.21,13.6,1002.49
2023-10-08,14.5,8.7,11.4,95,41,70,21.3,12.2,40.7,335,1022.1,5.8,5.8,0.0,12.18,35985.8,70,1.96,,,,5.55,0.4,13.6,36.5,1.1,1008.46
2023-10-09,10.2,6.1,8.2,95,70,84,14.7,7.7,27.4,126,1020.9,5.9,5.9,0.0,3.02,3279.89,93,0.6,,,,5.7,3.0,7.5,48.17,1.9,1007.12
2023-10-10,14.8,6.3,10.1,98,82,92,9.8,7.3,20.2,130,1020.1,1.3,1.3,0.0,3.89,13108.94,83,0.63,,,,8.85,6.0,11.9,54.25,4.3,1006.48
2023-10-11,22.1,12.1,17.7,94,58,73,22.4,15.3,39.2,216,1015.2,0.0,0.0,0.0,9.67,27370.19,99,2.57,,,,12.45,11.0,14.9,0.21,6.5,1001.93
2023-10-12,19.9,13.4,16.7,94,61,77,20.2,14.9,37.4,251,1013.5,1.8,1.8,0.0,3.69,7374.1,94,1.49,,,,12.44,10.4,14.8,14.83,5.8,1000.26
2023-10-13,20.7,11.6,16.7,98,53,81,20.3,11.7,34.9,205,1013.9,0.2,0.2,0.0,6.4,16357.81,70,1.65,,,,13.14,10.3,15.6,5.62,4.4,1000.65
2023-10-14,22.0,12.1,16.9,79,52,63,28.4,19.1,53.3,243,1007.2,2.5,2.5,0.0,5.99,19213.36,71,2.59,,,,9.69,4.6,14.7,8.46,8.2,994.0
2023-10-15,11.3,6.6,8.7,81,53,71,25.8,18.7,48.2,275,1015.1,1.1,1.1,0.0,9.0,37923.34,19,1.65,,,,3.54,2.0,5.3,9.79,13.0,1001.4
2023-10-16,9.2,5.0,7.2,88,65,76,25.1,18.3,45.4,281,1020.5,0.8,0.8,0.0,7.39,33911.14,52,1.28,,,,3.2,2.3,4.3,39.5,6.5,1006.72
2023-10-17,10.8,2.7,6.7,99,63,86,9.0,4.8,15.8,192,1022.1,0.0,0.0,0.0,7.74,26656.75,81,0.95,,,,4.31,2.5,5.8,47.29,0.8,1008.26
2023-10-18,12.4,0.6,6.1,100,59,84,11.3,7.1,19.8,112,1016.6,0.0,0.0,0.0,10.41,35799.73,65,1.29,,,,3.42,0.6,5.3,30.29,3.6,1002.8
2023-10-19,9.6,4.4,7.4,97,68,85,16.9,11.6,28.8,117,1002.9,1.8,1.8,0.0,1.96,0.0,100,0.59,,,,4.91,1.7,8.5,19.83,5.4,989.3
2023-10-20,14.1,7.7,10.4,98,92,96,18.4,13.0,33.5,82,991.8,2.8,2.8,0.0,1.75,0.0,100,0.32,,,,9.71,7.2,12.9,52.67,5.1,978.57
2023-10-21,20.9,9.4,13.7,98,59,86,13.6,6.9,24.8,217,998.8,6.6,6.6,0.0,9.36,34253.65,67,1.45,,,,11.28,8.8,15.1,6.5,1.3,985.55
2023-10-22,13.6,9.3,12.1,97,89,94,23.7,11.5,43.2,298,1007.4,24.2,24.2,0.0,1.66,0.0,86,0.34,,,,11.13,8.7,12.2,36.0,1.9,993.97
2023-10-23,15.8,7.8,11.2,96,74,89,8.9,6.0,16.2,234,1015.4,0.4,0.4,0.0,7.61,27314.57,54,1.07,,,,9.37,7.2,12.2,9.12,1.1,1001.9
2023-10-24,16.8,8.1,12.0,96,73,87,14.6,11.0,25.6,117,1008.2,2.2,2.2,0.0,7.53,22011.97,98,1.12,,,,9.85,7.2,12.8,3.33,8.2,994.73
2023-10-25,13.9,7.5,11.6,98,75,90,21.9,13.3,39.6,294,1001.0,7.7,7.7,0.0,4.53,14644.28,80,0.75,,,,9.94,7.2,11.6,66.21,2.6,987.69
2023-10-26,13.8,6.8,11.1,97,74,87,16.4,12.1,32.4,229,995.9,4.2,4.2,0.0,3.51,11381.27,87,0.77,,,,9.0,6.3,10.6,35.79,6.7,982.61
2023-10-27,11.4,6.0,8.9,99,84,94,9.4,4.3,13.0,148,994.8,10.2,10.2,0.0,2.44,0.0,98,0.42,,,,7.95,5.8,9.9,49.33,0.8,981.36
2023-10-28,13.5,8.3,10.2,97,68,88,20.7,11.4,37.8,241,1001.6,5.1,5.1,0.0,6.16,22385.33,69,0.88,,,,8.13,6.9,9.6,34.17,6.3,988.22
2023-10-29,16.3,7.9,12.3,94,67,79,23.7,14.6,42.1,176,1005.4,0.7,0.7,0.0,5.46,19521.46,86,1.31,,,,8.65,6.8,10.8,8.04,5.7,992.02
2023-10-30,18.8,10.6,14.1,97,64,79,21.7,10.2,36.7,190,1005.6,0.0,0.0,0.0,7.58,27532.85,90,1.44,,,,10.43,8.1,13.4,0.38,4.3,992.27
2023-10-31,15.7,11.3,14.1,91,64,76,25.5,18.4,48.2,236,999.5,1.8,1.8,0.0,4.26,15243.59,100,1.42,,,,9.83,6.2,13.4,20.21,12.3,986.32
2023-11-01,14.8,7.8,11.2,90,66,77,21.2,12.6,37.1,225,1008.6,0.0,0.0,0.0,6.7,32400.0,60,1.25,,,,7.25,6.1,8.8,33.0,6.8,995.1
2023-11-02,15.1,7.6,11.5,93,65,78,20.0,14.8,43.6,144,998.0,0.3,0.3,0.0,6.99,29826.27,83,1.34,,,,7.79,6.5,9.3,17.96,9.9,984.67
2023-11-03,13.4,7.6,10.6,95,81,90,23.9,15.3,46.8,277,987.4,28.5,28.5,0.0,0.91,0.0,100,0.45,,,,8.92,5.8,10.8,87.96,4.8,974.18
2023-11-04,12.1,6.1,8.6,90,57,78,18.3,15.8,33.5,194,993.1,4.1,4.1,0.0,6.84,28800.0,76,1.18,,,,4.86,2.8,6.4,27.92,12.8,979.71
2023-11-05,13.2,7.3,10.5,75,67,72,25.3,17.6,44.6,196,986.0,0.4,0.4,0.0,4.91,14542.25,89,1.46,,,,5.68,3.0,8.6,16.79,11.5,972.77
2023-11-06,13.2,8.0,10.5,77,61,70,26.8,19.7,50.0,246,1002.1,1.8,1.8,0.0,5.47,29583.53,33,1.62,,,,5.11,3.5,7.8,19.46,11.4,988.66
2023-11-07,12.8,7.2,9.3,88,61,76,18.6,13.9,34.6,219,1012.7,0.1,0.1,0.0,6.75,32368.42,35,1.17,,,,5.16,3.8,6.5,7.79,9.4,999.06
2023-11-08,10.4,5.2,7.4,92,63,84,23.2,12.8,44.6,248,1014.6,2.2,2.2,0.0,4.28,25629.75,43,0.67,,,,4.74,3.5,6.3,25.62,8.2,1000.92
2023-11-09,12.6,4.2,7.7,89,59,75,18.9,13.5,31.7,176,1011.2,0.0,0.0,0.0,6.3,28846.7,77,1.2,,,,3.29,1.5,5.4,0.58,9.1,997.56
2023-11-10,11.3,4.8,8.9,95,65,79,21.3,12.7,36.7,171,1004.4,0.0,0.0,0.0,3.24,5815.82,94,0.85,,,,5.45,4.1,7.0,7.92,5.9,990.91
2023-11-11,9.9,2.9,5.9,98,77,91,14.4,7.2,24.8,262,1002.8,0.9,0.9,0.0,5.91,28144.05,74,0.62,,,,4.51,2.2,6.3,15.04,2.6,989.15
2023-11-12,7.9,3.0,5.7,94,72,87,16.9,11.1,32.4,267,1008.0,0.6,0.6,0.0,2.61,10618.64,83,0.46,,,,3.6,1.6,4.9,74.17,4.8,994.27
2023-11-13,9.1,2.2,5.4,92,61,79,19.2,11.4,33.8,198,1010.1,3.4,3.4,0.0,5.7,31671.6,67,0.84,,,,1.99,0.6,4.9,24.25,6.3,996.36
2023-11-14,12.6,7.4,10.5,90,63,74,28.7,21.0,51.1,249,1002.7,4.4,4.4,0.0,4.77,31612.99,52,1.38,,,,6.07,4.8,8.1,33.46,10.0,989.25
2023-11-15,9.6,6.4,8.5,89,75,84,28.4,18.8,54.0,282,1007.3,3.9,3.9,0.0,2.47,4037.23,98,0.63,,,,5.9,4.3,7.7,83.83,7.8,993.74
2023-11-16,9.8,4.1,6.4,96,66,87,16.1,8.2,29.9,223,1014.2,0.8,0.8,0.0,4.85,27634.63,69,0.57,,,,4.31,2.8,6.5,34.83,3.9,1000.45
2023-11-17,5.3,3.5,4.3,99,78,89,23.0,14.5,44.6,301,1013.3,2.8,2.8,0.0,3.43,12728.89,96,0.47,,,,2.55,0.7,4.7,79.38,2.9,999.44
2023-11-18,4.7,2.3,3.4,96,80,91,23.8,14.7,43.9,318,1022.9,1.1,1.1,0.0,2.24,6984.5,94,0.31,,,,2.0,1.1,2.5,90.38,1.3,1008.89
2023-11-19,8.1,1.9,4.4,97,85,91,19.5,14.6,35.3,180,1013.3,5.2,5.1,0.07,1.21,6802.25,85,0.26,,,,2.99,0.9,6.1,41.96,9.7,999.43
2023-11-20,9.8,6.7,8.6,94,84,90,24.1,14.6,42.5,268,1007.3,21.4,21.4,0.0,0.76,0.0,94,0.32,,,,6.96,4.8,8.6,81.96,6.1,993.69
2023-11-21,8.6,0.6,5.6,95,86,92,20.4,14.5,38.9,325,1012.4,17.3,16.9,0.28,0.91,0.0,100,0.23,,,,4.41,-1.5,7.2,100.0,10.5,998.58
2023-11-22,0.2,-3.6,-1.3,89,67,77,13.9,9.4,25.2,20,1027.1,1.7,0.1,1.12,4.98,28194.35,75,0.48,,,,-4.78,-6.7,-1.8,51.54,1.1,1012.72
2023-11-23,9.7,-3.2,4.8,88,66,75,39.8,23.4,70.2,252,1014.2,0.1,0.1,0.0,1.74,3600.0,99,1.08,,,,0.61,-5.2,4.7,74.21,4.7,1000.38
2023-11-24,9.4,1.6,4.3,92,75,84,35.9,26.2,70.2,280,997.9,6.0,5.1,0.63,3.82,24734.15,65,0.68,,,,1.89,-0.3,6.9,36.29,19.5,984.23
2023-11-25,2.3,-1.2,0.5,94,72,87,25.0,17.5,45.4,300,1000.7,2.9,0.2,1.89,3.47,18482.32,80,0.39,,,,-1.44,-2.8,-0.3,44.83,9.6,986.86
2023-11-26,0.3,-2.2,-0.9,93,57,79,20.9,14.6,40.0,306,1010.3,1.2,0.1,0.91,3.42,20713.21,75,0.48,,,,-4.22,-7.4,-0.7,66.25,6.2,996.22
2023-11-27,2.1,-4.2,-1.2,94,64,82,12.8,7.5,22.0,140,1008.4,0.0,0.0,0.0,4.63,23962.93,69,0.44,,,,-3.99,-5.2,-1.9,33.42,3.1,994.3
2023-11-28,0.0,-4.5,-1.3,92,73,84,19.7,15.7,36.0,54,998.8,5.3,0.0,3.71,1.21,0.0,99,0.34,,,,-3.71,-5.6,-2.0,66.42,9.6,984.88
2023-11-29,-0.6,-5.0,-2.6,93,69,81,13.7,10.8,25.6,211,1006.9,0.1,0.0,0.07,4.4,20176.41,87,0.4,,,,-5.52,-6.7,-4.3,55.71,5.5,992.77
2023-11-30,2.7,-2.8,-0.6,91,67,83,13.8,6.7,24.1,199,1005.0,0.5,0.0,0.35,3.3,19459.98,82,0.34,,,,-3.17,-4.3,-1.6,51.33,0.7,990.97
2023-12-01,0.2,-4.6,-2.4,99,81,92,9.6,6.0,16.2,65,1005.8,1.8,0.0,1.26,1.76,0.0,92,0.19,,,,-3.56,-5.1,-2.0,79.88,1.6,991.71
2023-12-02,-1.5,-3.6,-2.6,93,87,91,18.5,11.9,33.1,346,1008.1,6.8,0.0,4.76,1.58,482.09,100,0.18,,,,-3.97,-4.8,-3.3,69.71,5.9,993.95
2023-12-03,-1.5,-6.3,-2.7,93,83,89,23.0,16.3,40.3,287,1019.6,3.7,0.0,2.59,2.47,2538.36,91,0.24,,,,-4.22,-7.7,-2.8,88.5,8.8,1005.24
2023-12-04,-4.2,-9.4,-6.1,92,81,88,13.4,10.1,22.7,148,1021.9,0.0,0.0,0.0,4.08,21600.0,70,0.22,,,,-7.8,-10.5,-6.1,19.12,4.2,1007.34
2023-12-05,-1.6,-5.6,-3.8,88,84,86,17.1,12.7,28.4,126,1014.1,0.0,0.0,0.0,3.92,15631.53,76,0.28,,,,-5.74,-7.4,-3.8,32.38,10.8,999.81
2023-12-06,-1.0,-6.4,-2.9,96,90,92,14.0,9.0,23.8,109,1014.8,1.7,0.8,0.63,2.44,0.0,99,0.18,,,,-4.02,-7.8,-1.6,36.12,5.9,1000.53
2023-12-07,0.6,-1.0,-0.3,99,95,97,7.2,3.6,14.4,356,1020.6,1.7,0.0,1.19,1.57,0.0,97,0.16,,,,-0.81,-1.5,0.1,95.33,0.4,1006.43
2023-12-08,-0.9,-4.2,-2.1,99,90,96,20.0,12.9,35.6,129,1018.6,0.0,0.0,0.0,2.62,1398.18,98,0.13,,,,-2.62,-4.6,-1.2,80.12,6.2,1004.31
2023-12-09,1.9,-0.8,0.6,93,89,91,17.7,9.8,30.6,166,1014.6,1.2,0.2,0.7,1.65,37.98,86,0.2,,,,-0.73,-2.2,0.5,73.79,5.9,1000.58
2023-12-10,4.4,-1.0,1.9,94,85,89,17.6,13.0,30.2,186,1007.2,4.4,1.1,2.31,1.57,4358.68,98,0.26,,,,0.33,-2.2,2.1,85.58,7.0,993.37
2023-12-11,8.9,3.7,6.3,89,78,84,28.4,19.8,48.6,224,1002.3,5.6,5.6,0.0,3.6,25017.6,79,0.64,,,,3.8,2.0,5.4,43.17,13.8,988.65
2023-12-12,7.5,2.0,5.7,98,83,90,29.4,15.2,55.8,271,1007.0,1.5,1.5,0.0,1.55,6040.28,84,0.37,,,,4.18,1.4,5.7,73.5,3.3,993.29
2023-12-13,5.6,1.3,3.8,100,92,96,13.2,8.4,22.3,111,1002.1,1.1,1.1,0.0,0.91,0.0,93,0.17,,,,3.16,0.6,4.8,91.79,0.8,988.38
2023-12-14,4.2,1.6,3.4,99,91,96,11.7,7.5,21.6,11,1011.7,1.3,1.3,0.0,0.74,0.0,100,0.16,,,,2.82,0.6,3.9,93.96,2.5,997.77
2023-12-15,3.8,-1.1,1.1,95,79,92,17.7,8.8,31.7,282,1030.3,0.0,0.0,0.0,2.25,10479.16,92,0.25,,,,-0.07,-1.8,2.0,38.71,5.4,1016.05
2023-12-16,7.3,3.8,5.4,94,67,84,21.5,16.3,39.6,270,1036.3,0.1,0.1,0.0,1.94,11690.54,92,0.54,,,,2.78,0.6,4.3,78.75,11.9,1022.18
2023-12-17,7.9,3.5,6.4,89,70,79,24.0,18.2,45.7,273,1034.1,0.0,0.0,0.0,1.68,1143.0,100,0.71,,,,3.11,1.1,4.0,55.5,7.8,1020.02
2023-12-18,9.4,1.6,6.2,87,61,69,23.1,14.7,43.6,273,1029.2,0.0,0.0,0.0,3.72,26290.13,33,1.03,,,,0.92,-0.6,3.2,0.5,7.9,1015.25
2023-12-19,7.9,0.9,4.9,89,53,70,16.5,11.0,28.1,235,1019.6,1.5,1.5,0.0,2.58,12922.32,96,0.78,,,,-0.32,-3.0,4.1,31.58,7.6,1005.63
2023-12-20,6.7,4.7,5.6,93,66,84,30.6,19.9,54.0,261,1009.4,7.0,7.0,0.0,2.24,16161.38,85,0.61,,,,2.95,-0.5,5.1,62.58,10.2,995.65
2023-12-21,7.7,4.6,6.1,90,78,84,32.3,23.8,59.8,247,994.4,8.7,8.6,0.07,0.68,0.0,100,0.6,,,,3.53,1.8,5.4,76.42,10.6,980.91
2023-12-22,5.5,1.4,2.9,86,62,75,42.3,32.1,84.2,277,988.2,1.6,0.9,0.49,3.21,23786.67,45,0.97,,,,-1.08,-3.7,3.0,16.29,23.7,974.6
2023-12-23,2.0,-0.3,1.2,93,67,83,29.8,24.5,55.8,284,997.7,2.4,0.9,1.05,1.35,4181.33,83,0.48,,,,-1.37,-5.1,0.6,25.08,19.1,983.86
2023-12-24,9.8,0.6,4.7,100,78,90,27.1,18.6,46.8,256,1002.7,11.7,6.7,3.5,0.61,0.0,100,0.43,,,,3.18,0.6,6.8,89.79,4.7,988.99
2023-12-25,12.0,9.5,10.3,91,67,82,36.4,27.6,69.1,268,1002.5,5.5,5.5,0.0,0.7,0.0,100,0.94,,,,7.36,6.2,8.1,54.88,19.4,989.11
2023-12-26,11.1,6.6,9.4,90,72,79,29.6,22.7,53.6,258,1008.6,0.8,0.8,0.0,1.44,6608.47,75,0.92,,,,5.92,2.0,7.8,62.42,14.3,995.07
2023-12-27,6.7,1.5,4.1,89,71,80,28.3,16.2,51.1,269,1021.4,0.0,0.0,0.0,4.04,27678.03,42,0.65,,,,0.9,-0.9,2.2,6.5,5.2,1007.42
2023-12-28,9.6,2.2,5.8,89,56,73,20.2,13.9,35.3,217,1015.8,0.1,0.1,0.0,2.57,12322.61,92,0.84,,,,1.18,-1.1,3.8,1.79,6.6,1002.0
2023-12-29,11.0,4.8,7.8,90,67,79,20.1,16.9,35.6,230,1012.2,0.0,0.0,0.0,3.15,21187.31,92,0.8,,,,4.33,3.0,5.3,17.42,11.8,998.52
2023-12-30,9.1,3.5,7.2,91,66,79,26.0,18.8,49.7,254,1012.4,1.2,1.2,0.0,2.76,17049.14,86,0.83,,,,3.69,2.2,4.7,17.04,8.4,998.7
2023-12-31,6.6,0.6,3.2,96,86,93,13.0,9.8,22.3,156,1011.8,0.0,0.0,0.0,3.66,24702.66,94,0.31,,,,2.06,-0.1,4.5,2.5,6.9,997.92
2024-01-01,7.7,2.3,4.6,94,77,86,14.5,10.3,25.6,245,1008.0,1.5,1.5,0.0,2.65,13585.14,86,0.35,,,,2.46,0.9,4.2,18.58,7.0,994.2
2024-01-02,5.4,1.4,4.1,93,83,88,18.0,11.9,31.0,192,1005.3,5.7,5.7,0.0,1.31,0.0,90,0.28,,,,2.37,-0.1,4.2,50.08,7.9,991.51
2024-01-03,10.4,5.6,8.2,92,72,81,22.7,16.5,40.7,240,994.4,9.8,9.8,0.0,3.12,26533.14,73,0.73,,,,5.04,4.0,6.4,40.12,8.4,981.03
2024-01-04,7.5,1.0,5.8,88,77,85,30.4,20.9,57.6,269,997.1,11.9,11.9,0.0,1.32,976.39,98,0.51,,,,3.42,-1.4,5.1,68.25,11.2,983.49
2024-01-05,2.5,-0.6,0.9,95,71,82,17.7,11.4,36.7,98,1008.3,0.3,0.2,0.07,2.2,5412.24,100,0.36,,,,-1.8,-4.8,1.6,51.17,3.7,994.32
2024-01-06,2.8,-1.2,1.0,97,79,91,15.5,10.5,28.8,48,1009.6,2.6,1.6,0.7,1.09,0.0,100,0.2,,,,-0.22,-4.4,2.0,79.29,4.3,995.62
2024-01-07,-1.4,-6.6,-4.2,78,62,70,18.4,16.9,33.5,21,1019.0,0.0,0.0,0.0,2.06,38.06,100,0.57,,,,-8.81,-12.2,-5.1,78.58,15.2,1004.6
2024-01-08,-6.3,-9.5,-7.9,66,42,59,18.7,14.1,33.5,25,1030.5,0.0,0.0,0.0,4.58,28553.21,40,0.62,,,,-14.71,-17.4,-12.5,23.46,9.6,1015.75
2024-01-09,-6.1,-11.7,-9.7,78,45,68,10.1,7.1,19.4,99,1038.0,0.0,0.0,0.0,4.74,28661.57,0,0.33,,,,-14.67,-16.0,-13.9,0.04,4.4,1023.09
2024-01-10,-5.0,-12.2,-9.4,83,43,68,8.9,6.4,17.3,120,1034.8,0.0,0.0,0.0,4.8,28764.1,0,0.33,,,,-14.41,-15.8,-13.4,0.04,2.3,1019.89
2024-01-11,-2.0,-9.1,-4.8,91,48,72,22.4,16.3,41.8,298,1028.8,0.2,0.0,0.14,2.45,8412.35,65,0.5,,,,-9.13,-13.4,-3.3,50.75,4.7,1014.23
2024-01-12,0.2,-1.9,-1.2,98,76,91,20.9,16.0,36.7,295,1027.7,0.3,0.1,0.14,2.12,1627.67,100,0.25,,,,-2.43,-3.7,-1.8,99.12,11.2,1013.32
2024-01-13,1.9,-0.5,0.8,92,77,85,27.8,22.1,48.6,270,1017.3,0.6,0.2,0.28,1.2,0.0,100,0.46,,,,-1.48,-2.2,-1.2,100.0,18.8,1003.18
2024-01-14,2.2,0.9,1.6,89,81,86,29.9,24.2,52.6,271,1004.1,3.4,1.7,1.19,1.85,2800.25,96,0.45,,,,-0.52,-1.6,0.2,93.38,16.9,990.21
2024-01-15,2.5,-0.2,1.1,81,63,72,32.9,25.7,61.6,257,995.7,2.7,0.1,1.82,3.06,14444.22,94,0.95,,,,-3.39,-4.7,-1.8,82.92,18.2,981.88
2024-01-16,0.6,-4.9,-1.5,88,70,82,22.8,13.0,41.8,276,1005.6,4.3,0.0,3.01,3.19,15803.6,95,0.38,,,,-4.1,-7.1,-2.3,52.92,6.1,991.6
2024-01-17,0.9,-7.6,-3.0,89,73,83,17.1,12.8,30.2,153,1001.0,1.3,0.3,0.7,4.4,18788.53,79,0.41,,,,-5.5,-9.1,-1.0,16.46,7.9,986.92
2024-01-18,1.9,-2.3,-0.7,97,90,94,13.8,10.7,23.4,314,994.5,6.2,1.7,3.15,1.17,0.0,100,0.17,,,,-1.53,-3.2,0.4,83.58,6.3,980.65
2024-01-19,0.1,-5.3,-3.1,93,72,86,21.2,14.7,37.1,277,1014.7,0.0,0.0,0.0,5.7,28800.0,36,0.43,,,,-5.14,-6.8,-4.1,12.67,9.0,1000.49
2024-01-20,0.3,-3.2,-1.3,84,69,78,26.7,21.2,47.2,271,1026.3,0.0,0.0,0.0,5.74,28800.0,43,0.66,,,,-4.75,-6.0,-2.7,27.79,17.6,1011.93
2024-01-21,2.0,-7.7,-2.3,91,66,80,15.9,10.7,31.0,184,1030.2,0.0,0.0,0.0,5.23,21600.0,69,0.52,,,,-5.45,-9.0,-2.2,9.79,6.6,1015.8
2024-01-22,5.6,-3.6,2.6,77,49,64,29.6,17.7,56.5,200,1018.0,0.1,0.1,0.0,1.9,3600.0,98,1.07,,,,-3.56,-8.2,1.7,21.83,7.2,1003.98
2024-01-23,6.6,0.5,3.8,90,71,82,28.3,18.7,55.1,257,1020.3,0.3,0.3,0.0,5.26,28800.0,45,0.71,,,,1.0,-1.5,3.0,20.33,10.7,1006.32
2024-01-24,10.9,0.4,6.8,88,64,78,40.9,28.1,76.7,257,1014.6,3.9,3.9,0.0,2.7,14400.0,67,1.11,,,,3.26,-1.5,8.2,42.54,12.7,1000.88
2024-01-25,7.3,3.9,5.9,85,63,77,36.6,30.6,67.7,286,1018.2,0.8,0.8,0.0,2.07,4225.2,88,1.07,,,,2.1,0.8,3.1,85.92,20.9,1004.36
2024-01-26,7.8,3.5,5.3,88,70,82,36.3,16.4,63.7,269,1022.2,2.7,2.7,0.0,4.12,19486.07,96,0.73,,,,2.43,1.4,5.4,77.71,6.6,1008.22
2024-01-27,6.3,2.8,4.5,82,60,75,41.2,29.1,73.8,296,1027.9,0.2,0.2,0.0,2.88,8959.3,76,1.04,,,,0.51,-0.8,2.3,74.04,18.7,1013.84
2024-01-28,6.9,0.6,3.3,94,67,84,16.9,8.9,32.8,238,1037.3,0.0,0.0,0.0,4.16,18201.01,69,0.52,,,,0.75,-0.8,1.8,66.08,0.8,1023.05
2024-01-29,9.4,-1.2,2.5,91,57,76,14.8,11.4,24.8,145,1034.2,0.0,0.0,0.0,6.53,28800.0,39,0.86,,,,-1.48,-4.0,2.4,0.0,6.9,1020.0
2024-01-30,8.9,-1.9,2.3,84,58,73,11.0,9.5,20.5,173,1032.0,0.0,0.0,0.0,6.04,28800.0,67,0.84,,,,-2.1,-4.9,1.4,0.0,7.4,1017.83
2024-01-31,8.3,0.9,4.7,88,73,81,20.6,12.1,43.2,249,1031.1,0.4,0.4,0.0,2.68,6456.41,96,0.57,,,,1.62,-1.7,4.6,74.96,7.2,1017.05
2024-02-01,6.9,1.8,4.2,92,71,84,25.3,19.2,47.5,268,1023.3,1.2,1.2,0.0,2.68,11845.25,62,0.63,,,,1.6,-0.5,4.4,39.46,11.1,1009.29
2024-02-02,6.9,3.8,5.2,82,70,76,25.9,20.7,45.7,273,1024.6,1.0,1.0,0.0,3.21,12679.94,99,0.97,,,,1.17,0.6,3.1,79.29,14.5,1010.68
2024-02-03,10.2,7.2,8.7,84,74,80,30.9,28.6,55.1,276,1017.7,1.7,1.7,0.0,1.43,3227.05,100,1.0,,,,5.5,3.8,6.7,85.25,25.6,1003.98
2024-02-04,9.4,6.4,7.8,88,72,82,32.2,26.2,57.6,283,1014.9,3.9,3.9,0.0,3.95,13422.92,98,0.98,,,,4.9,3.1,6.3,54.5,19.7,1001.18
2024-02-05,10.5,6.2,9.0,92,68,82,39.3,29.3,69.8,279,1009.6,10.1,10.1,0.0,1.12,0.0,100,0.9,,,,6.08,3.9,8.0,84.42,12.6,996.02
2024-02-06,10.1,7.8,9.2,72,60,66,33.4,25.7,56.2,257,1008.7,0.0,0.0,0.0,2.34,0.0,100,1.73,,,,3.15,2.5,4.1,99.92,21.0,995.1
2024-02-07,10.1,1.9,6.4,94,62,80,30.2,22.9,54.7,262,1002.1,3.7,3.7,0.0,1.16,0.0,100,0.98,,,,2.93,1.0,5.9,67.71,10.9,988.53
2024-02-08,5.7,-1.0,2.7,100,69,87,10.9,7.5,23.0,150,1003.8,2.9,2.9,0.0,4.73,11935.45,100,0.57,,,,0.58,-1.4,2.0,24.96,3.3,989.97
2024-02-09,10.4,1.7,5.4,98,86,94,15.3,11.2,27.0,134,995.7,5.4,5.4,0.0,1.84,651.8,100,0.33,,,,4.44,1.5,8.2,62.29,5.6,982.15
2024-02-10,13.4,5.5,8.6,95,75,90,15.4,9.8,26.3,113,993.7,1.0,1.0,0.0,7.21,26386.64,94,0.9,,,,6.93,4.8,9.6,8.04,5.3,980.28
2024-02-11,10.6,7.8,9.4,93,77,89,22.9,16.2,40.0,131,991.3,6.5,6.5,0.0,1.32,0.0,100,0.46,,,,7.65,5.5,9.2,61.96,9.1,977.97
2024-02-12,10.4,5.8,8.1,91,65,82,24.9,18.1,45.0,260,999.8,3.8,3.8,0.0,4.86,16997.79,98,0.92,,,,5.17,4.1,6.9,48.92,11.7,986.32
2024-02-13,7.4,0.2,4.4,95,64,85,22.6,14.9,41.8,286,1016.2,0.0,0.0,0.0,5.23,27155.38,39,0.68,,,,1.99,-1.0,3.8,37.0,5.6,1002.27
2024-02-14,9.8,-2.0,4.0,94,63,81,11.9,8.4,24.5,193,1021.5,0.5,0.5,0.0,5.98,16256.22,80,0.85,,,,0.77,-2.8,4.2,37.92,4.6,1007.5
2024-02-15,12.6,5.8,8.4,95,80,89,10.4,7.1,16.6,193,1020.8,0.0,0.0,0.0,3.36,5385.03,93,0.56,,,,6.66,4.2,9.7,44.04,3.7,1006.99
2024-02-16,15.1,6.3,9.5,94,57,80,19.9,13.1,36.7,166,1018.7,0.5,0.5,0.0,8.85,35284.32,46,1.38,,,,5.9,4.2,7.3,0.62,7.8,1005.06
2024-02-17,12.2,6.8,9.5,94,64,79,26.9,16.1,49.7,288,1024.9,6.5,6.5,0.0,5.4,14399.39,87,1.11,,,,5.98,1.9,9.1,59.75,7.9,1011.18
2024-02-18,7.5,2.0,5.1,94,60,75,14.8,8.9,25.9,144,1032.4,0.0,0.0,0.0,6.68,20612.07,95,1.01,,,,0.86,0.1,1.4,55.42,4.1,1018.3
2024-02-19,9.4,4.6,7.0,89,74,81,31.4,19.8,57.6,257,1019.4,2.4,2.4,0.0,2.25,0.0,99,0.76,,,,4.01,0.6,6.1,70.0,6.9,1005.64
2024-02-20,9.1,5.0,7.0,92,69,87,25.7,18.9,49.0,283,1021.9,4.9,4.9,0.0,3.69,3876.78,94,0.66,,,,4.9,3.5,6.1,85.38,13.7,1008.11
2024-02-21,10.1,4.4,6.3,92,76,87,14.7,11.7,26.6,228,1019.2,1.8,1.8,0.0,3.11,3515.2,93,0.56,,,,4.22,2.8,6.3,43.92,8.0,1005.36
2024-02-22,9.4,4.2,7.8,88,61,76,22.4,16.5,40.0,185,1002.4,3.2,3.2,0.0,2.38,0.0,100,0.99,,,,3.82,1.2,6.9,16.04,7.6,988.81
2024-02-23,10.4,6.8,8.9,94,60,82,21.3,12.1,37.4,203,997.8,5.3,5.3,0.0,3.19,0.0,100,0.82,,,,5.89,2.8,7.2,25.5,4.3,984.39
2024-02-24,10.6,4.2,6.6,97,55,79,20.9,11.8,37.1,233,1004.6,8.6,8.6,0.0,10.75,35808.82,65,1.34,,,,3.07,0.9,5.7,36.12,4.7,990.95
2024-02-25,11.6,0.1,5.1,97,57,82,14.3,8.4,28.4,159,1008.7,0.1,0.1,0.0,8.72,28286.05,81,1.17,,,,2.14,-0.3,5.1,16.38,5.8,994.94
2024-02-26,13.1,1.9,6.7,98,57,85,15.8,9.0,31.3,125,1006.0,0.3,0.3,0.0,7.99,30263.28,59,1.11,,,,4.08,0.9,7.3,20.67,4.8,992.37
2024-02-27,10.7,0.9,5.9,99,73,90,9.4,6.4,19.1,317,1012.8,0.0,0.0,0.0,9.15,26817.45,93,1.08,,,,4.3,0.6,6.2,22.58,3.1,998.99
2024-02-28,6.7,5.1,6.0,98,90,95,14.1,9.4,26.6,302,1019.8,3.4,3.4,0.0,1.48,0.0,100,0.3,,,,5.23,4.2,6.0,99.92,4.6,1005.9
2024-02-29,9.6,3.1,6.5,98,78,90,14.8,9.7,27.4,122,1019.8,0.0,0.0,0.0,4.58,170.6,80,0.67,,,,4.95,2.8,6.7,79.67,2.6,1005.98
2024-03-01,16.1,6.8,10.5,95,60,82,18.5,14.4,32.0,130,1009.8,1.2,1.2,0.0,9.93,29389.8,74,1.57,,,,7.5,5.7,9.2,19.12,10.6,996.31
2024-03-02,14.6,6.8,10.4,95,61,85,15.3,11.9,28.8,139,1009.3,0.0,0.0,0.0,7.6,21600.0,99,1.18,,,,7.84,6.1,9.0,24.92,7.0,995.74
2024-03-03,14.7,6.9,10.3,94,58,79,22.1,14.8,40.0,128,1007.5,0.0,0.0,0.0,8.36,28350.19,58,1.52,,,,6.49,5.8,7.2,26.79,8.4,993.98
2024-03-04,13.9,4.9,8.8,95,60,81,15.2,10.7,30.2,58,1008.0,0.3,0.3,0.0,10.68,36119.79,35,1.5,,,,5.66,4.0,7.2,33.38,4.7,994.48
2024-03-05,7.3,3.0,5.5,87,66,79,13.6,8.6,24.1,4,1014.9,0.3,0.3,0.0,6.0,13750.23,90,0.85,,,,2.03,0.6,4.2,89.54,4.0,1001.07
2024-03-06,8.9,0.3,4.4,94,55,79,15.5,9.1,29.5,30,1022.1,1.0,1.0,0.0,8.94,21830.45,70,1.12,,,,0.96,-0.9,3.9,69.92,4.5,1008.15
2024-03-07,6.2,0.6,3.9,88,49,68,15.6,12.5,31.3,62,1025.3,0.0,0.0,0.0,8.0,15554.68,82,1.29,,,,-1.73,-3.6,2.2,81.96,7.0,1011.29
2024-03-08,6.7,-2.5,1.9,90,60,76,13.5,10.7,29.2,100,1022.3,0.0,0.0,0.0,13.32,38597.84,7,1.39,,,,-2.07,-4.0,-0.4,6.62,8.3,1008.22
2024-03-09,10.4,-0.2,5.6,92,54,73,27.0,18.2,51.5,134,1013.9,0.0,0.0,0.0,8.95,21850.79,48,1.61,,,,0.75,-1.8,2.7,48.21,13.4,1000.14
2024-03-10,13.6,7.3,10.4,73,57,64,28.6,23.6,52.6,119,1006.2,0.1,0.1,0.0,5.33,5036.9,95,2.14,,,,3.87,1.5,7.3,92.29,19.4,992.74
2024-03-11,15.4,8.6,11.4,93,63,79,23.8,14.5,43.2,122,1004.8,0.2,0.2,0.0,7.48,17222.78,100,1.51,,,,7.62,6.1,8.7,43.67,2.9,991.4
2024-03-12,10.3,5.5,8.2,97,78,92,17.3,10.2,31.3,340,1011.6,7.5,7.5,0.0,2.4,0.0,99,0.49,,,,6.98,5.1,8.1,65.88,5.4,997.96
2024-03-13,12.1,5.7,8.4,97,59,82,12.0,7.3,24.8,304,1016.9,0.5,0.5,0.0,9.23,27583.08,83,1.26,,,,5.27,3.9,6.8,43.33,1.9,1003.18
2024-03-14,14.2,4.0,9.5,96,51,76,9.9,4.5,16.9,176,1016.7,0.0,0.0,0.0,10.84,22401.91,68,1.6,,,,5.08,3.5,6.6,50.38,1.3,1003.05
2024-03-15,17.4,5.8,10.9,87,51,73,15.6,11.0,28.8,174,1012.9,0.0,0.0,0.0,11.32,30754.95,100,1.96,,,,6.07,2.4,8.9,12.71,7.4,999.37
2024-03-16,15.8,8.6,11.6,93,58,79,21.7,13.9,40.3,264,1013.9,1.4,1.4,0.0,11.72,38485.22,79,1.92,,,,7.88,5.4,10.0,27.08,6.7,1000.36
2024-03-17,7.8,2.0,5.1,81,49,67,26.1,19.0,47.9,305,1022.4,0.0,0.0,0.0,10.13,35711.34,51,1.71,,,,-0.74,-2.5,3.9,50.71,9.7,1008.45
2024-03-18,4.4,-2.0,2.0,82,57,65,13.4,8.3,24.5,8,1021.7,0.0,0.0,0.0,10.5,24441.0,68,1.31,,,,-3.98,-4.8,-2.5,67.92,5.8,1007.63
2024-03-19,6.1,-1.9,2.6,87,57,72,8.1,6.1,19.1,106,1023.9,0.0,0.0,0.0,9.56,27443.43,61,1.15,,,,-2.18,-4.2,-0.9,60.25,3.5,1009.85
2024-03-20,12.0,-2.5,4.7,92,41,71,8.9,5.2,15.1,126,1022.6,0.0,0.0,0.0,14.91,37946.2,83,1.9,,,,-0.91,-3.5,1.8,0.04,1.8,1008.6
2024-03-21,14.5,1.8,8.1,92,62,79,12.8,7.8,22.7,197,1019.7,0.2,0.2,0.0,8.79,24892.43,86,1.4,,,,4.44,-0.3,8.6,3.33,1.6,1005.9
2024-03-22,14.4,8.0,10.3,94,52,74,18.9,13.2,33.1,258,1017.2,0.6,0.6,0.0,7.53,10800.0,100,1.6,,,,5.78,4.4,7.7,43.29,8.5,1003.61
2024-03-23,16.5,5.1,9.9,91,59,78,41.9,15.3,79.6,255,1005.5,3.1,3.1,0.0,9.23,24501.1,84,1.65,,,,6.08,0.9,9.4,32.83,6.9,992.04
2024-03-24,9.8,1.3,5.4,88,47,70,17.8,11.8,39.2,246,1004.3,0.7,0.7,0.0,14.68,40846.32,52,1.92,,,,0.06,-1.5,1.5,19.5,4.9,990.6
2024-03-25,8.1,1.5,5.1,96,66,81,24.6,16.4,47.5,268,1004.1,2.5,1.8,0.49,8.26,23749.59,69,1.15,,,,1.95,0.2,3.8,50.0,6.4,990.39
2024-03-26,15.2,-0.4,7.1,96,33,66,29.5,18.2,53.3,136,1004.0,0.0,0.0,0.0,17.35,43200.0,51,3.0,,,,0.1,-1.9,2.7,0.75,6.0,990.36
2024-03-27,18.0,7.5,12.4,65,43,54,28.8,21.2,52.9,142,993.8,0.0,0.0,0.0,16.55,43200.0,78,3.73,,,,3.22,-2.7,7.8,12.29,15.8,980.54
2024-03-28,15.1,10.1,12.4,77,42,64,24.2,19.6,46.4,198,991.8,0.1,0.1,0.0,11.01,21059.33,83,2.65,,,,5.55,2.2,8.6,32.5,14.1,978.56
2024-03-29,17.2,5.8,11.5,82,42,62,21.6,15.4,41.8,190,1003.9,0.0,0.0,0.0,16.04,42762.15,62,3.0,,,,4.31,1.8,8.0,0.25,10.0,990.55
2024-03-30,22.3,10.0,16.1,87,38,64,26.0,15.3,45.0,159,1002.7,0.0,0.0,0.0,18.29,43200.0,48,3.95,,,,8.61,6.7,11.6,0.0,8.7,989.57
2024-03-31,23.0,11.7,17.1,68,37,55,21.3,15.3,43.6,173,999.9,0.0,0.0,0.0,17.11,37114.4,52,4.13,,,,7.77,5.2,10.6,0.0,10.1,986.84
2024-04-01,23.0,11.1,15.8,82,50,67,19.9,13.5,39.6,176,997.1,1.5,1.5,0.0,13.54,29485.71,88,3.02,,,,9.5,6.2,12.6,2.21,7.9,984.0
2024-04-02,14.5,8.9,11.5,87,44,65,33.3,25.1,59.8,280,1003.3,2.7,2.7,0.0,12.93,31472.86,84,2.83,,,,4.93,2.2,9.9,12.42,16.2,989.89
2024-04-03,15.1,8.8,11.1,94,56,69,32.5,20.1,58.7,270,1008.1,1.3,1.3,0.0,12.41,28943.06,59,2.5,,,,5.56,2.8,8.8,26.12,4.9,994.68
2024-04-04,17.6,8.4,12.6,94,48,77,21.9,13.2,40.3,223,1011.0,3.7,3.7,0.0,12.54,28573.88,90,2.32,,,,8.24,6.5,10.2,33.67,5.2,997.54
2024-04-05,19.4,8.6,14.2,88,46,68,26.5,15.5,45.7,238,1014.7,0.3,0.3,0.0,13.83,32649.55,74,2.9,,,,8.08,6.7,9.8,11.58,9.8,1001.28
2024-04-06,21.1,11.1,16.5,91,51,70,23.8,11.1,46.1,259,1016.7,0.3,0.3,0.0,14.83,37485.75,96,2.94,,,,10.82,9.5,13.4,17.33,2.3,1003.38
2024-04-07,26.8,11.0,18.3,93,39,72,15.2,10.3,29.5,172,1017.0,0.0,0.0,0.0,18.33,41747.49,91,3.64,,,,12.45,9.6,15.0,0.0,3.1,1003.72
2024-04-08,26.3,12.9,19.5,92,44,67,17.7,12.8,33.8,168,1013.3,0.0,0.0,0.0,19.0,43762.11,84,4.13,,,,12.7,11.4,14.5,0.0,5.1,1000.12
2024-04-09,25.9,15.1,19.8,78,38,61,22.6,13.7,38.9,166,1009.5,0.0,0.0,0.0,19.99,44344.03,46,4.49,,,,11.6,9.1,14.0,0.62,8.3,996.47
2024-04-10,17.8,10.3,12.6,82,53,66,30.6,19.1,54.4,302,1024.0,1.0,1.0,0.0,6.14,933.96,93,2.14,,,,6.23,4.5,12.1,79.0,8.0,1010.39
2024-04-11,17.0,5.8,11.6,97,43,68,10.5,6.7,21.6,275,1032.6,0.0,0.0,0.0,19.62,46199.73,23,3.09,,,,5.28,4.2,6.8,5.5,2.0,1018.89
2024-04-12,20.1,8.4,14.5,81,49,65,16.3,8.4,32.0,276,1030.4,0.0,0.0,0.0,17.78,42226.9,80,3.1,,,,7.77,5.1,10.8,16.25,3.7,1016.78
2024-04-13,21.2,12.1,16.3,84,46,66,23.5,14.4,45.0,272,1024.6,0.0,0.0,0.0,18.63,41385.8,94,3.63,,,,9.58,8.0,11.6,5.5,7.1,1011.14
2024-04-14,20.7,11.6,16.5,80,45,61,29.9,17.6,57.2,277,1016.8,0.6,0.6,0.0,15.54,38659.55,96,3.62,,,,8.7,1.5,12.0,5.92,7.4,1003.45
2024-04-15,12.9,9.4,10.9,87,53,71,20.7,7.0,34.9,159,1009.5,1.9,1.9,0.0,8.38,11958.24,92,1.54,,,,5.65,1.9,8.1,42.38,0.8,995.97
2024-04-16,12.5,5.6,9.2,90,38,58,34.0,20.6,59.4,257,1001.2,4.4,4.4,0.0,19.64,48846.83,50,3.23,,,,0.97,-1.8,8.2,8.46,8.1,987.75
2024-04-17,8.0,3.0,5.6,91,67,80,22.1,14.0,39.6,314,1005.6,2.6,2.6,0.0,7.82,12823.82,68,1.18,,,,2.31,1.5,3.6,62.21,5.6,991.91
2024-04-18,9.2,0.9,4.9,97,48,75,23.4,12.5,45.0,320,1012.4,1.1,1.1,0.0,17.8,44406.92,37,2.13,,,,0.39,-1.9,2.6,33.5,6.1,998.6
2024-04-19,11.4,1.6,6.4,88,47,70,26.7,14.1,51.5,242,1008.7,2.6,2.4,0.14,13.34,26188.04,94,2.12,,,,1.08,-0.7,2.9,33.79,7.4,994.97
2024-04-20,6.8,2.5,5.4,92,66,82,22.6,13.0,43.9,322,1010.1,6.6,6.6,0.0,4.97,0.0,92,0.88,,,,2.5,-1.4,4.8,86.42,6.8,996.34
2024-04-21,6.1,0.9,3.7,93,55,70,17.4,12.4,33.1,12,1020.7,0.1,0.1,0.0,11.96,17427.54,86,1.63,,,,-1.45,-2.9,0.0,79.17,4.7,1006.69
2024-04-22,4.9,-0.9,2.8,82,54,64,15.8,9.7,31.7,339,1022.8,0.0,0.0,0.0,11.57,20849.66,89,1.58,,,,-3.6,-4.3,-2.9,70.08,4.7,1008.72
2024-04-23,9.4,-2.0,4.4,94,43,66,10.4,5.0,19.8,73,1019.6,0.0,0.0,0.0,20.89,41407.75,61,2.59,,,,-2.08,-3.0,0.9,25.88,0.0,1005.66
2024-04-24,9.1,3.4,6.1,92,60,69,11.5,6.2,21.6,12,1008.4,0.7,0.7,0.0,10.85,9243.29,100,1.66,,,,0.67,-2.1,3.4,21.0,2.5,994.68
2024-04-25,11.2,0.3,6.0,97,47,74,23.1,11.2,45.4,226,1006.6,2.4,2.2,0.14,20.62,50365.3,36,2.48,,,,1.35,-0.2,3.0,8.79,5.4,992.95
2024-04-26,14.4,0.3,8.4,92,37,65,17.1,11.0,34.6,182,1010.2,0.0,0.0,0.0,16.67,36673.11,64,2.83,,,,1.5,-0.9,4.8,8.04,5.8,996.6
2024-04-27,19.6,5.3,12.5,85,35,62,14.1,11.6,30.2,137,1013.6,0.0,0.0,0.0,23.34,50400.0,21,4.04,,,,4.81,2.8,7.5,0.25,8.0,1000.12
2024-04-28,22.2,9.4,15.5,76,38,61,24.5,15.9,46.1,147,1016.2,0.0,0.0,0.0,22.22,46723.78,66,4.39,,,,7.46,5.1,11.1,0.25,7.6,1002.87
2024-04-29,24.5,10.1,17.4,86,43,65,13.5,8.2,22.7,147,1021.1,0.0,0.0,0.0,23.13,46206.64,89,4.4,,,,10.22,7.9,13.1,0.0,1.6,1007.76
2024-04-30,26.6,11.5,19.1,85,34,59,22.6,13.9,42.1,144,1021.2,0.0,0.0,0.0,24.28,50400.0,28,5.3,,,,10.11,8.6,12.5,0.0,7.6,1007.95
2024-05-01,24.6,12.9,18.6,73,31,52,25.5,15.7,48.6,135,1015.2,0.0,0.0,0.0,24.07,47707.0,17,5.36,,,,7.93,6.4,9.1,0.0,8.7,1001.98
2024-05-02,24.1,13.7,18.9,64,39,53,27.5,18.9,52.2,136,1008.8,0.0,0.0,0.0,22.58,50400.0,30,5.37,,,,8.89,6.8,11.4,2.67,10.2,995.65
2024-05-03,24.0,12.6,18.9,82,36,57,18.2,10.8,37.4,158,1009.6,0.2,0.2,0.0,21.27,48635.61,66,4.52,,,,9.53,7.9,12.8,0.29,1.9,996.46
2024-05-04,24.4,12.1,18.1,96,39,68,16.4,9.4,28.1,283,1014.2,0.0,0.0,0.0,23.79,49595.66,78,4.29,,,,11.45,7.8,13.2,0.67,1.3,1000.95
2024-05-05,24.6,12.2,17.7,95,38,70,23.1,9.4,42.8,201,1010.2,0.9,0.9,0.0,21.24,43906.66,79,4.08,,,,11.42,8.8,13.6,0.67,5.4,996.96
2024-05-06,18.6,11.6,15.3,95,52,76,8.9,5.6,20.2,265,1009.1,0.6,0.6,0.0,13.09,18276.64,97,2.34,,,,10.74,8.6,12.4,20.79,1.9,995.8
2024-05-07,16.2,9.4,13.0,92,51,69,14.6,10.1,28.8,19,1015.1,0.0,0.0,0.0,14.89,27328.23,98,2.65,,,,7.18,5.9,10.6,59.38,5.6,1001.63
2024-05-08,17.8,8.3,13.4,73,38,54,15.5,12.4,30.2,53,1023.1,0.0,0.0,0.0,22.9,47502.77,92,4.21,,,,3.97,2.6,5.9,14.42,10.2,1009.58
2024-05-09,17.6,5.6,12.3,81,38,57,13.5,7.4,25.9,18,1025.4,0.0,0.0,0.0,24.8,51940.41,17,4.06,,,,3.44,2.0,5.1,1.17,2.2,1011.8
2024-05-10,20.1,7.8,14.1,83,36,58,9.4,5.3,20.2,344,1022.8,0.0,0.0,0.0,17.83,33256.37,72,3.3,,,,5.37,3.5,9.2,1.92,0.0,1009.32
2024-05-11,19.4,10.0,14.6,87,57,71,14.1,7.7,37.1,7,1021.7,0.9,0.9,0.0,15.16,37220.08,84,2.71,,,,9.29,4.6,11.2,26.83,0.8,1008.23
2024-05-12,19.0,8.1,13.9,61,27,43,14.6,11.4,29.5,85,1022.8,0.0,0.0,0.0,27.0,52699.08,13,5.04,,,,1.11,-0.9,2.5,12.67,8.0,1009.3
2024-05-13,21.9,7.3,15.2,68,26,43,14.8,12.0,31.3,101,1019.1,0.0,0.0,0.0,27.0,52625.14,9,5.46,,,,1.68,-0.3,4.1,0.0,8.9,1005.66
2024-05-14,24.9,8.8,16.8,64,22,41,21.3,12.6,40.0,104,1015.4,0.0,0.0,0.0,26.27,53408.24,26,5.8,,,,2.72,0.0,5.1,0.0,9.0,1002.12
2024-05-15,24.0,12.2,18.1,56,26,39,19.8,16.8,39.6,111,1014.8,0.0,0.0,0.0,24.06,52193.57,21,6.03,,,,3.63,1.7,5.4,0.0,11.8,1001.57
2024-05-16,24.0,12.1,18.7,65,26,42,26.8,19.0,51.1,124,1014.3,0.0,0.0,0.0,24.39,49517.73,29,6.29,,,,4.9,2.8,8.3,0.04,13.6,1001.1
2024-05-17,24.0,13.1,17.0,85,23,50,28.5,19.2,53.3,118,1012.3,0.3,0.3,0.0,20.92,35713.54,56,5.33,,,,5.59,1.6,10.6,1.54,9.1,999.03
2024-05-18,22.1,10.9,15.6,95,39,74,19.1,12.8,38.9,156,1012.7,5.1,5.1,0.0,20.3,43609.68,67,3.67,,,,10.35,7.5,12.6,11.96,7.6,999.36
2024-05-19,21.5,12.9,16.7,93,56,76,14.7,9.8,32.4,146,1011.3,7.8,7.8,0.0,19.81,40240.89,88,3.36,,,,12.32,11.4,13.4,5.75,2.6,998.08
2024-05-20,23.1,11.4,17.7,97,42,68,11.9,6.0,27.7,190,1011.9,0.0,0.0,0.0,23.84,53827.98,40,4.29,,,,11.0,9.2,13.7,1.12,0.7,998.65
2024-05-21,26.0,12.1,20.0,88,37,58,17.7,11.8,36.4,102,1010.7,0.4,0.4,0.0,23.58,53105.17,54,5.26,,,,10.82,8.5,13.2,0.29,6.4,997.65
2024-05-22,25.2,16.9,20.5,84,52,63,17.8,15.0,35.3,158,1008.0,0.6,0.6,0.0,22.61,49301.43,79,4.96,,,,13.1,10.2,15.1,12.88,12.7,994.95
2024-05-23,22.1,15.1,18.1,87,46,66,19.9,12.1,38.9,276,1014.2,1.0,1.0,0.0,18.04,38169.35,77,3.69,,,,11.43,10.1,14.4,20.29,1.1,1000.96
2024-05-24,22.6,13.4,17.9,94,54,79,10.6,6.5,28.1,103,1018.0,12.4,12.4,0.0,17.88,44452.04,88,3.18,,,,14.12,12.3,15.4,16.17,1.8,1004.73
2024-05-25,24.2,13.6,18.9,96,49,73,12.0,8.5,30.2,147,1018.1,5.3,5.3,0.0,22.51,51677.79,49,4.05,,,,13.65,11.5,15.7,6.88,3.2,1004.89
2024-05-26,25.0,13.7,19.6,93,38,66,18.4,7.8,38.5,148,1019.3,0.2,0.2,0.0,24.61,52172.09,67,4.67,,,,12.4,9.5,14.9,0.46,1.3,1006.13
2024-05-27,26.5,14.6,20.4,91,39,64,14.9,8.3,34.2,145,1018.4,0.1,0.1,0.0,22.01,46839.64,73,4.51,,,,12.64,10.5,15.9,0.25,3.5,1005.19
2024-05-28,26.5,14.5,19.0,88,38,68,19.9,12.4,40.0,241,1015.7,3.5,3.5,0.0,22.46,42799.81,73,4.52,,,,12.35,10.8,15.1,5.75,7.1,1002.51
2024-05-29,21.9,11.9,17.5,99,44,71,13.5,5.8,23.8,277,1015.1,1.3,1.3,0.0,23.64,55163.21,61,4.09,,,,11.49,9.1,14.9,20.25,1.1,1001.81
2024-05-30,24.7,13.6,18.8,96,47,73,12.0,7.7,29.2,125,1006.9,1.3,1.3,0.0,22.43,49474.91,66,4.06,,,,13.47,11.8,17.0,2.17,3.6,993.79
2024-05-31,24.1,14.1,19.1,100,57,78,9.9,5.0,24.1,71,1006.1,2.6,2.6,0.0,22.05,44818.61,85,3.92,,,,14.81,13.1,16.1,27.46,0.8,993.08
2024-06-01,20.1,14.6,17.1,97,68,83,11.3,6.5,28.1,202,1008.3,9.4,9.4,0.0,13.37,32383.78,87,2.29,,,,14.15,12.6,16.0,20.21,3.1,995.1
2024-06-02,22.2,14.2,17.7,98,66,86,20.2,14.1,38.5,288,1011.7,10.5,10.5,0.0,15.72,28815.36,90,2.7,,,,15.14,12.9,16.3,50.54,6.5,998.52
2024-06-03,20.3,15.1,17.3,97,70,82,17.0,14.4,32.8,305,1014.9,0.6,0.6,0.0,13.68,15607.82,90,2.58,,,,14.07,11.9,14.9,87.25,10.5,1001.61
2024-06-04,18.1,13.8,16.1,79,61,71,14.1,9.5,24.8,310,1014.4,0.3,0.3,0.0,13.28,16691.3,96,2.65,,,,10.74,10.1,12.2,93.71,3.1,1001.08
2024-06-05,24.1,10.8,18.5,94,47,69,15.2,9.8,31.3,238,1011.9,0.5,0.5,0.0,25.12,54080.86,54,4.71,,,,12.06,9.9,14.2,4.08,5.0,998.73
2024-06-06,21.6,14.6,18.4,94,50,72,14.0,7.4,24.8,293,1016.2,0.8,0.8,0.0,24.79,51273.89,42,4.26,,,,12.82,10.6,14.9,13.0,0.4,1002.92
2024-06-07,22.7,12.4,17.7,98,45,74,19.6,10.3,40.3,309,1016.2,0.3,0.3,0.0,24.72,55840.5,26,4.5,,,,12.29,9.6,15.4,12.33,2.4,1002.89
2024-06-08,25.0,11.4,19.0,93,41,65,13.0,8.6,29.9,159,1013.1,0.3,0.3,0.0,24.66,54000.0,43,4.71,,,,11.61,10.1,13.7,1.29,3.4,999.98
2024-06-09,21.5,16.0,19.2,72,48,61,19.6,11.0,32.8,290,1007.4,0.0,0.0,0.0,23.46,48564.1,68,4.56,,,,11.39,9.9,14.8,16.88,1.3,994.28
2024-06-10,21.4,14.2,17.8,90,46,69,11.3,6.7,22.3,326,1005.2,2.5,2.5,0.0,12.82,23040.0,73,2.57,,,,11.85,9.2,13.6,13.54,2.1,992.07
2024-06-11,18.9,11.8,15.7,91,39,60,30.7,16.9,59.0,276,1010.0,0.0,0.0,0.0,25.25,54648.14,44,4.53,,,,7.28,3.5,13.0,14.96,6.4,996.73
2024-06-12,17.7,10.1,14.4,75,43,58,14.3,10.0,34.6,245,1017.2,0.0,0.0,0.0,19.3,41934.82,71,3.71,,,,5.95,3.7,8.8,3.83,6.3,1003.74
2024-06-13,18.6,7.9,13.7,96,46,70,16.2,7.7,37.8,310,1017.4,1.1,1.1,0.0,22.35,48866.56,52,3.67,,,,7.93,6.2,10.0,6.08,1.5,1003.9
2024-06-14,20.0,8.7,15.3,100,44,69,11.2,8.0,24.1,155,1015.8,0.0,0.0,0.0,17.09,27282.3,80,3.34,,,,8.9,7.1,10.3,17.62,4.0,1002.44
2024-06-15,26.3,13.1,19.5,92,40,66,18.1,11.7,37.4,169,1009.8,0.5,0.5,0.0,23.19,44529.5,80,4.77,,,,12.48,9.5,16.2,3.5,5.1,996.64
2024-06-16,22.2,15.8,19.0,94,53,74,9.4,4.7,19.4,162,1011.4,1.5,1.5,0.0,18.69,34311.71,70,3.5,,,,13.9,12.1,16.3,5.17,0.7,998.22
2024-06-17,26.8,13.2,20.1,95,40,71,18.9,7.8,37.8,187,1013.7,1.6,1.6,0.0,24.49,53048.89,47,4.66,,,,14.02,11.9,17.0,0.58,1.1,1000.58
2024-06-18,27.0,15.6,22.1,95,47,68,15.8,6.4,26.3,203,1015.2,0.4,0.4,0.0,25.73,56948.73,58,5.1,,,,15.48,14.1,17.0,1.12,1.9,1002.14
2024-06-19,26.9,16.1,21.5,94,56,76,19.0,12.1,37.4,301,1013.2,10.7,10.7,0.0,20.18,43950.79,80,4.15,,,,16.85,13.9,19.2,20.0,4.2,1000.09
2024-06-20,21.9,12.8,17.7,99,50,72,11.2,5.7,25.6,262,1022.1,0.1,0.1,0.0,23.7,44011.51,85,4.16,,,,12.16,10.4,14.2,37.58,2.1,1008.75
2024-06-21,29.6,15.2,22.2,97,51,70,15.0,9.4,36.0,130,1015.0,7.2,7.2,0.0,24.87,43200.0,67,5.15,,,,16.12,11.2,20.5,0.0,1.1,1002.0
2024-06-22,23.2,15.5,20.5,98,55,73,27.8,15.1,51.8,269,1010.6,8.4,8.4,0.0,24.12,48791.88,43,4.49,,,,15.34,11.9,19.5,8.5,4.5,997.58
2024-06-23,24.2,14.4,19.4,82,46,64,20.7,14.4,39.6,301,1015.5,0.1,0.1,0.0,24.07,53117.79,26,4.94,,,,12.18,10.8,13.8,9.12,7.8,1002.36
2024-06-24,22.5,15.6,19.4,83,47,63,15.4,9.3,31.7,353,1019.6,0.0,0.0,0.0,21.87,47415.44,62,4.32,,,,11.8,10.1,13.4,59.29,5.3,1006.35
2024-06-25,25.5,13.5,20.3,93,45,66,16.7,11.5,31.7,95,1018.6,0.1,0.1,0.0,21.77,57281.08,46,4.63,,,,13.44,12.2,15.0,34.04,5.1,1005.4
2024-06-26,29.5,16.5,23.3,88,43,65,13.6,10.4,27.7,110,1014.1,0.1,0.1,0.0,26.97,51730.5,49,5.68,,,,15.8,13.5,18.7,0.46,5.2,1001.08
2024-06-27,28.8,18.2,23.7,95,49,74,11.0,7.0,25.2,144,1010.7,0.0,0.0,0.0,21.17,45121.41,80,4.38,,,,18.31,16.8,20.4,1.38,3.6,997.73
2024-06-28,30.0,18.9,24.8,94,39,67,20.0,10.7,34.6,231,1012.4,1.0,1.0,0.0,25.89,55165.81,34,5.75,,,,17.63,14.6,19.5,1.92,5.6,999.49
2024-06-29,29.9,18.1,24.7,94,45,66,12.9,8.6,24.8,116,1016.2,0.1,0.1,0.0,24.42,55855.12,58,5.38,,,,17.29,15.9,18.9,8.25,2.9,1003.29
2024-06-30,33.2,22.0,26.2,80,44,66,24.6,16.3,46.8,173,1006.4,9.8,9.8,0.0,22.22,41269.55,77,5.75,,,,19.04,16.2,21.8,1.92,6.4,993.67
2024-07-01,22.7,17.6,19.8,90,61,79,20.6,12.1,38.5,291,1010.0,10.8,10.8,0.0,15.02,25712.44,91,3.06,,,,15.96,14.8,17.5,37.08,5.5,996.94
2024-07-02,20.6,14.3,17.5,86,44,64,24.4,19.1,47.9,290,1010.4,0.6,0.6,0.0,23.83,49240.57,51,4.7,,,,10.25,7.8,14.1,15.33,10.9,997.2
2024-07-03,20.2,14.9,17.5,78,48,63,17.1,12.9,34.2,289,1008.6,0.0,0.0,0.0,18.49,31805.66,78,3.88,,,,10.1,8.1,12.1,38.58,5.4,995.45
2024-07-04,21.8,13.9,16.9,89,42,70,19.8,10.1,36.7,253,1008.2,5.1,5.1,0.0,17.43,34290.37,66,3.46,,,,10.9,8.4,13.9,28.71,2.6,995.05
2024-07-05,22.4,11.4,17.6,97,43,70,20.3,11.5,37.4,243,1012.1,0.0,0.0,0.0,18.05,45171.23,61,3.7,,,,11.38,9.1,13.5,4.42,5.2,998.92
2024-07-06,30.4,13.7,22.3,89,37,64,22.0,13.7,40.7,161,1008.7,0.2,0.2,0.0,26.86,56849.9,46,6.08,,,,14.35,11.9,17.1,0.29,6.2,995.74
2024-07-07,22.3,16.5,19.1,94,55,75,19.9,8.9,33.1,288,1013.7,3.7,3.7,0.0,11.25,14359.02,96,2.48,,,,14.25,10.5,17.2,27.54,1.1,1000.5
2024-07-08,25.5,14.2,20.1,100,49,76,8.1,5.5,18.7,112,1018.5,0.7,0.7,0.0,21.91,45961.36,56,4.1,,,,15.11,13.9,16.5,32.83,1.4,1005.26
2024-07-09,29.0,16.2,23.5,93,54,71,12.8,8.5,27.0,106,1019.1,0.3,0.3,0.0,24.75,56582.14,19,5.1,,,,17.55,14.6,20.3,8.08,4.4,1006.09
2024-07-10,32.5,21.5,25.6,94,41,75,20.0,13.1,51.1,145,1015.8,13.7,13.7,0.0,21.96,42328.77,72,5.05,,,,20.26,17.8,21.9,1.96,2.9,1002.9
2024-07-11,26.0,19.6,22.4,97,70,85,16.3,7.4,36.0,254,1016.1,16.6,16.6,0.0,19.02,48172.39,75,3.6,,,,19.66,18.2,20.8,23.92,3.1,1003.05
2024-07-12,27.1,18.0,22.2,99,68,87,19.4,9.2,36.7,105,1012.9,22.8,22.8,0.0,16.4,26509.72,94,3.21,,,,19.82,17.8,21.8,7.54,4.3,999.88
2024-07-13,23.1,17.0,20.4,97,63,82,18.1,9.9,35.6,277,1010.8,0.9,0.9,0.0,16.33,39114.46,69,2.95,,,,16.93,14.9,19.6,21.5,1.5,997.77
2024-07-14,25.5,17.3,20.2,98,59,81,10.2,6.7,26.6,113,1014.4,20.6,20.6,0.0,22.04,40215.95,69,3.99,,,,16.7,15.1,18.5,24.5,1.1,1001.27
2024-07-15,28.5,15.6,22.6,98,41,73,12.3,8.0,24.1,132,1014.4,0.0,0.0,0.0,25.84,57176.57,11,5.19,,,,16.65,13.9,19.7,0.29,3.9,1001.34
2024-07-16,27.0,19.6,23.6,92,63,75,17.6,10.5,38.5,229,1011.8,0.7,0.7,0.0,20.56,55696.16,52,4.23,,,,18.81,14.1,22.0,6.88,6.1,998.88
2024-07-17,24.5,18.2,21.2,94,51,73,14.9,8.6,30.6,240,1018.9,0.8,0.8,0.0,19.83,45287.55,46,3.83,,,,15.88,13.6,18.6,2.0,4.1,1005.75
2024-07-18,25.0,17.1,20.9,95,52,72,10.8,8.3,23.8,316,1022.8,0.0,0.0,0.0,25.02,49879.55,51,4.65,,,,15.33,14.4,17.0,5.54,4.4,1009.59
2024-07-19,27.0,15.8,21.8,89,42,66,9.9,5.5,17.6,73,1020.9,0.0,0.0,0.0,25.01,48553.09,62,4.81,,,,14.6,12.9,17.4,2.58,2.3,1007.77
2024-07-20,27.1,15.9,22.1,86,44,65,9.7,5.8,18.0,87,1013.9,0.0,0.0,0.0,20.86,39328.23,88,4.18,,,,14.86,13.1,18.6,2.83,2.0,1000.85
2024-07-21,28.5,17.0,23.3,89,42,64,7.7,6.2,18.4,113,1009.7,0.0,0.0,0.0,23.55,49192.38,48,4.85,,,,15.64,14.4,19.1,0.5,3.4,996.77
2024-07-22,27.9,17.0,22.3,89,57,76,14.3,9.1,33.1,276,1011.9,10.1,10.1,0.0,20.49,41192.11,68,4.11,,,,17.63,15.1,19.9,7.17,3.7,998.92
2024-07-23,25.4,16.5,20.9,95,44,70,12.7,8.8,27.4,299,1017.0,0.0,0.0,0.0,23.79,53919.79,35,4.48,,,,14.62,11.9,16.5,5.79,3.9,1003.88
2024-07-24,22.5,17.0,19.4,95,53,77,19.5,13.1,37.1,300,1014.4,4.7,4.7,0.0,17.74,40947.0,61,3.26,,,,15.03,12.4,16.8,18.88,3.8,1001.27
2024-07-25,22.5,14.6,18.5,96,48,72,15.7,10.6,31.7,313,1015.0,0.4,0.4,0.0,23.88,51540.19,38,4.24,,,,12.96,10.6,14.6,5.79,4.4,1001.83
2024-07-26,26.5,11.6,19.4,96,43,71,12.2,6.3,23.4,124,1013.5,0.1,0.1,0.0,21.89,37673.23,56,4.11,,,,13.51,9.8,16.4,1.12,1.9,1000.37
2024-07-27,29.1,15.2,22.1,98,44,73,12.5,6.6,22.7,115,1014.3,0.2,0.2,0.0,19.77,44656.77,82,4.07,,,,16.57,14.9,18.6,0.54,1.8,1001.25
2024-07-28,22.0,16.4,19.7,97,53,77,31.1,16.5,59.0,289,1017.5,6.6,6.6,0.0,17.02,36518.19,60,3.27,,,,15.29,10.9,19.1,16.96,4.6,1004.32
2024-07-29,21.8,13.6,18.0,87,46,65,22.3,15.0,43.2,302,1022.7,0.0,0.0,0.0,22.8,48219.12,21,4.36,,,,11.06,9.6,12.9,15.62,8.1,1009.32
2024-07-30,24.8,11.4,18.5,94,43,69,9.0,5.4,17.6,259,1020.0,0.0,0.0,0.0,26.15,51894.73,1,4.59,,,,12.06,10.4,15.4,0.04,0.8,1006.72
2024-07-31,27.6,13.7,21.1,88,45,65,8.7,5.5,17.6,75,1014.5,0.0,0.0,0.0,24.39,50921.71,48,4.74,,,,13.88,10.9,15.9,0.0,0.8,1001.4
2024-08-01,26.5,18.0,22.4,83,53,70,9.9,4.6,18.4,157,1011.6,0.3,0.3,0.0,21.28,39649.0,68,4.15,,,,16.44,14.5,20.0,4.83,1.1,998.61
2024-08-02,24.0,14.6,19.5,93,68,85,21.6,11.2,38.9,63,1008.2,26.9,26.9,0.0,7.15,7324.14,100,1.68,,,,16.78,12.4,19.0,32.62,2.5,995.14
2024-08-03,23.2,13.9,18.7,97,54,77,18.3,9.4,34.9,313,1010.8,2.7,2.7,0.0,16.71,34381.7,75,3.17,,,,14.26,10.9,16.6,13.83,3.5,997.64
2024-08-04,22.9,14.9,18.8,94,61,84,13.9,7.3,29.9,256,1011.4,3.5,3.5,0.0,13.98,37419.8,80,2.48,,,,15.99,13.6,17.7,11.71,2.1,998.21
2024-08-05,20.6,14.4,17.5,94,53,77,21.6,14.7,41.8,302,1013.5,1.5,1.5,0.0,13.75,26822.49,56,2.66,,,,13.3,10.9,16.5,14.04,6.6,1000.28
2024-08-06,22.9,11.0,17.4,97,48,73,8.9,4.9,15.1,293,1015.3,0.0,0.0,0.0,19.58,42465.22,20,3.46,,,,11.88,10.6,13.6,17.62,0.8,1001.99
2024-08-07,26.6,13.0,20.2,95,51,72,10.9,6.9,22.3,123,1012.9,0.1,0.1,0.0,23.0,50400.0,35,4.26,,,,14.57,11.9,18.2,1.38,2.9,999.79
2024-08-08,25.5,17.3,20.8,90,62,80,19.9,9.6,37.4,299,1013.5,8.7,8.7,0.0,16.32,26105.73,78,3.17,,,,17.22,15.6,18.5,6.33,0.5,1000.45
2024-08-09,25.0,12.8,19.6,97,49,75,9.4,6.2,20.9,257,1016.6,0.0,0.0,0.0,20.35,39600.0,57,3.78,,,,14.51,12.2,17.8,11.96,2.9,1003.45
2024-08-10,25.4,18.4,21.7,94,49,72,19.1,10.7,36.4,286,1018.5,1.5,1.5,0.0,20.13,48802.92,41,3.93,,,,16.13,13.9,18.1,21.42,2.0,1005.42
2024-08-11,24.7,16.2,20.3,88,57,72,20.7,11.7,39.2,298,1020.3,0.1,0.1,0.0,17.14,45356.13,36,3.52,,,,14.98,12.8,16.2,8.83,6.6,1007.09
2024-08-12,25.6,12.7,20.0,93,45,68,7.5,4.1,14.0,111,1017.1,0.0,0.0,0.0,23.7,50400.0,26,4.29,,,,13.38,11.4,17.6,0.0,0.4,1003.88
2024-08-13,27.0,14.2,20.8,92,44,65,15.8,10.2,27.0,94,1014.7,0.0,0.0,0.0,23.64,50400.0,2,4.97,,,,13.27,9.9,15.1,0.0,6.5,1001.6
2024-08-14,29.5,16.1,22.7,69,43,56,19.1,15.6,35.6,106,1013.7,0.0,0.0,0.0,23.23,50400.0,5,5.71,,,,13.32,10.1,15.9,0.0,13.2,1000.73
2024-08-15,29.8,18.0,23.4,95,53,72,14.0,8.1,28.8,212,1014.7,0.3,0.3,0.0,20.03,49693.23,57,4.22,,,,17.81,14.1,20.6,1.0,3.9,1001.68
2024-08-16,28.2,19.0,23.6,95,57,80,7.3,4.8,30.6,265,1015.6,0.8,0.8,0.0,19.98,50400.0,14,3.87,,,,19.63,18.2,20.8,2.5,1.8,1002.66
2024-08-17,30.2,19.9,23.9,94,53,79,11.3,6.8,27.7,202,1012.3,3.1,3.1,0.0,18.06,36000.0,48,3.79,,,,19.76,18.9,21.4,1.08,2.6,999.39
2024-08-18,27.4,18.9,22.8,98,63,83,8.9,5.1,19.1,125,1008.3,7.9,7.9,0.0,17.08,41855.25,93,3.34,,,,19.47,18.5,20.5,5.46,2.3,995.36
2024-08-19,22.4,18.1,19.7,97,66,88,22.4,13.7,44.6,329,1012.8,22.4,22.4,0.0,7.32,12081.0,80,1.44,,,,17.56,13.1,19.6,58.33,5.1,999.64
2024-08-20,24.4,16.2,20.2,89,60,74,9.4,7.1,20.5,75,1015.4,0.0,0.0,0.0,19.37,46972.84,45,3.61,,,,15.1,13.0,16.4,27.08,4.7,1002.31
2024-08-21,23.1,15.5,19.7,95,54,74,24.6,14.1,46.8,271,1011.6,1.2,1.2,0.0,10.84,21304.72,61,2.64,,,,14.67,8.0,18.4,10.04,0.7,998.53
2024-08-22,21.3,13.1,17.1,89,50,67,12.6,8.0,21.6,208,1015.5,0.0,0.0,0.0,12.23,23740.95,88,2.63,,,,10.62,7.5,12.9,4.04,5.4,1002.2
2024-08-23,27.0,12.4,19.7,90,45,70,14.9,9.2,28.8,178,1012.8,0.0,0.0,0.0,20.38,47587.45,63,4.11,,,,13.56,10.8,16.9,0.0,5.4,999.7
2024-08-24,29.6,14.6,22.3,88,45,68,11.5,9.0,23.4,166,1014.6,0.0,0.0,0.0,21.34,49731.61,11,4.57,,,,15.58,12.6,18.6,0.0,0.8,1001.6
2024-08-25,27.0,17.5,21.9,85,56,71,26.0,14.6,50.4,284,1015.8,0.1,0.1,0.0,17.86,47997.42,27,3.89,,,,16.32,13.2,19.2,4.21,4.7,1002.76
2024-08-26,21.6,15.9,18.4,95,57,77,10.6,7.6,24.1,29,1023.0,5.5,5.5,0.0,14.45,31718.71,99,2.7,,,,14.0,12.0,15.8,22.88,4.9,1009.65
2024-08-27,23.5,15.4,19.3,79,54,66,11.4,8.0,22.7,47,1023.8,0.0,0.0,0.0,16.75,30135.53,75,3.41,,,,12.7,10.6,14.4,61.96,4.3,1010.54
2024-08-28,28.7,17.0,22.8,78,58,68,13.5,11.1,28.4,102,1021.2,0.0,0.0,0.0,17.62,44022.02,63,3.99,,,,16.47,11.1,20.5,25.0,6.9,1008.08
2024-08-29,30.6,19.1,24.3,88,45,72,12.7,8.9,26.3,118,1018.4,0.0,0.0,0.0,18.99,47497.96,53,3.99,,,,18.51,16.9,22.5,0.0,3.3,1005.42
2024-08-30,30.5,17.0,23.9,90,42,69,8.7,5.7,16.6,97,1018.1,0.0,0.0,0.0,19.79,47093.08,41,3.99,,,,17.28,15.4,19.8,0.0,2.5,1005.05
2024-08-31,23.4,17.6,20.3,93,64,77,16.1,10.6,29.2,354,1022.1,0.0,0.0,0.0,13.85,31561.35,79,2.65,,,,16.05,14.6,18.8,9.54,4.0,1008.92
2024-09-01,23.4,15.3,19.4,84,60,72,14.3,9.8,24.8,61,1021.0,0.0,0.0,0.0,14.12,30991.31,70,2.94,571.43,200.0,1240.0,14.01,12.2,15.6,54.33,6.0,1007.79
2024-09-02,27.0,15.3,21.0,85,59,73,11.3,7.4,20.5,86,1015.8,0.0,0.0,0.0,18.61,40473.4,42,3.64,354.17,85.0,1110.0,15.85,11.8,19.1,13.42,5.1,1002.68
2024-09-03,30.2,17.8,23.3,94,47,73,15.7,9.8,46.4,115,1016.5,1.1,1.1,0.0,17.05,42515.39,72,3.74,301.25,30.0,1185.0,17.73,13.4,20.1,0.5,5.9,1003.47
2024-09-04,30.4,18.4,24.1,71,36,54,20.5,13.7,34.9,99,1016.3,0.0,0.0,0.0,19.26,45580.32,8,5.28,548.12,125.0,1725.0,13.77,11.4,17.0,0.0,11.3,1003.35
2024-09-05,28.7,19.5,23.6,65,36,50,20.5,17.3,38.5,93,1016.0,0.0,0.0,0.0,18.46,45252.58,5,5.62,757.08,245.0,2190.0,12.09,8.1,16.2,0.0,13.0,1003.04
2024-09-06,27.4,17.1,21.9,62,37,50,17.4,13.5,32.0,97,1015.8,0.0,0.0,0.0,18.84,44926.04,2,4.93,636.46,90.0,1740.0,10.87,7.8,14.8,0.0,6.8,1002.71
2024-09-07,29.2,15.9,22.4,78,40,59,16.1,10.4,31.7,123,1016.0,0.0,0.0,0.0,18.17,44232.15,8,4.32,501.25,50.0,1890.0,13.72,9.9,16.6,0.0,6.2,1002.93
2024-09-08,29.8,18.5,23.8,79,39,59,21.6,13.0,40.0,133,1012.1,0.5,0.5,0.0,17.28,44276.16,47,4.56,628.75,115.0,2360.0,15.0,12.6,17.7,0.04,9.6,999.15
2024-09-09,23.4,16.5,19.8,92,46,73,28.9,18.1,50.4,160,1003.0,15.5,15.5,0.0,3.45,0.0,100,2.32,640.83,195.0,1095.0,14.2,10.5,16.9,22.33,6.6,989.96
2024-09-10,20.2,12.1,16.5,94,69,85,15.9,11.4,32.0,278,1008.2,1.9,1.9,0.0,14.15,40351.62,51,2.25,452.08,50.0,1195.0,13.85,10.8,15.1,16.46,6.5,995.0
2024-09-11,20.2,11.6,15.8,93,53,75,18.2,11.2,36.7,214,1007.5,0.2,0.2,0.0,10.94,29284.09,70,2.28,510.62,20.0,1535.0,11.06,9.6,13.0,20.42,1.8,994.25
2024-09-12,15.1,10.5,12.0,94,82,90,14.8,10.3,29.2,325,1011.8,21.9,21.9,0.0,2.11,0.0,100,0.58,446.46,235.0,765.0,10.33,8.6,12.7,59.71,6.1,998.35
2024-09-13,12.1,9.7,10.7,95,91,93,24.5,18.5,47.5,342,1012.1,26.6,26.6,0.0,2.12,0.0,100,0.51,649.38,315.0,875.0,9.68,8.4,11.4,91.58,9.5,998.52
2024-09-14,16.6,11.8,13.9,96,71,87,36.2,31.3,63.7,352,1012.3,22.8,22.8,0.0,3.03,0.0,100,1.16,933.75,570.0,1165.0,11.71,9.0,12.9,100.0,23.9,998.9
2024-09-15,18.4,12.2,14.8,96,66,89,37.6,24.2,65.9,353,1012.8,18.3,18.3,0.0,4.67,8642.62,98,1.2,702.71,160.0,1075.0,12.93,7.9,15.9,83.83,5.9,999.42
2024-09-16,22.2,14.4,17.9,98,61,81,22.8,13.4,45.7,30,1014.6,1.6,1.6,0.0,11.67,22411.4,97,2.32,476.67,10.0,1370.0,14.4,11.8,15.8,27.38,1.5,1001.36
2024-09-17,23.5,14.6,18.9,77,54,67,17.1,12.8,29.2,62,1023.0,0.0,0.0,0.0,16.57,42941.37,11,3.49,489.79,170.0,1125.0,12.63,9.7,15.4,0.25,9.0,1009.67
2024-09-18,24.2,11.8,17.8,93,42,73,16.6,8.8,30.6,59,1027.0,0.0,0.0,0.0,15.42,40196.7,19,3.02,410.42,10.0,1760.0,12.57,10.6,15.9,0.0,2.2,1013.62
2024-09-19,19.9,11.1,16.2,94,54,72,19.3,12.6,33.8,74,1025.9,0.0,0.0,0.0,11.68,33494.44,36,2.53,505.42,30.0,1280.0,10.92,7.4,12.9,0.04,5.4,1012.44
2024-09-20,21.5,10.8,15.7,72,42,59,16.6,12.8,30.6,92,1026.6,0.0,0.0,0.0,16.46,42525.55,7,3.41,465.0,120.0,1245.0,7.65,5.8,10.1,0.0,9.5,1013.06
2024-09-21,21.2,8.6,14.2,87,52,74,10.5,8.4,22.3,109,1025.0,0.0,0.0,0.0,16.2,42387.13,1,2.62,207.08,55.0,575.0,9.42,6.6,13.4,0.0,5.5,1011.45
2024-09-22,22.4,9.0,14.9,92,41,72,12.3,9.5,23.0,120,1019.3,0.0,0.0,0.0,15.98,42249.02,0,2.88,280.42,60.0,1055.0,9.47,7.8,12.4,0.0,6.8,1005.88
2024-09-23,21.2,10.4,15.3,88,56,75,14.9,10.0,28.8,148,1012.1,0.0,0.0,0.0,10.99,36326.18,80,2.09,261.04,70.0,735.0,10.74,7.7,13.7,0.0,7.6,998.79
2024-09-24,21.9,12.2,15.6,90,58,78,25.4,13.0,48.6,169,1007.3,1.4,1.4,0.0,9.67,25200.0,86,2.0,412.92,85.0,1450.0,11.58,7.9,14.4,2.67,8.3,994.04
2024-09-25,20.7,12.6,16.3,89,55,72,19.1,13.9,35.6,203,1009.2,0.0,0.0,0.0,13.6,39600.0,41,2.7,567.29,100.0,1355.0,10.98,9.9,12.0,6.5,8.6,995.98
2024-09-26,19.3,12.4,16.6,91,69,78,21.4,15.3,38.2,179,1002.3,2.1,2.1,0.0,6.42,2826.59,97,1.74,489.58,85.0,1065.0,12.63,10.1,14.9,3.58,9.4,989.18
2024-09-27,21.0,15.4,17.9,88,53,70,25.1,20.7,45.7,215,1002.6,5.2,5.2,0.0,13.24,38482.07,65,3.12,852.71,345.0,1480.0,12.17,10.6,14.9,2.04,13.6,989.53
2024-09-28,16.1,9.9,13.9,79,60,68,27.3,17.5,49.3,266,1012.2,0.2,0.2,0.0,9.26,29897.66,55,2.28,842.5,355.0,1265.0,7.98,5.7,11.9,12.46,11.1,998.79
2024-09-29,13.2,6.1,9.4,93,56,77,17.7,12.5,33.8,310,1026.6,0.1,0.1,0.0,10.49,39600.0,26,1.62,593.75,20.0,1485.0,5.31,4.6,6.1,23.5,5.2,1012.76
2024-09-30,14.1,3.3,8.8,97,51,76,19.0,10.7,37.1,108,1024.7,0.0,0.0,0.0,12.26,34559.74,53,1.91,477.92,10.0,1645.0,4.38,2.9,6.6,12.67,2.7,1010.92
2024-10-01,15.9,5.2,10.1,92,62,79,17.3,11.8,33.5,121,1015.3,0.3,0.3,0.0,8.56,28423.99,51,1.42,299.17,35.0,800.0,6.43,3.3,10.0,25.71,3.8,1001.65
2024-10-02,12.4,6.4,10.2,100,83,93,12.5,7.3,21.2,161,1008.6,5.0,5.0,0.0,2.74,0.0,88,0.55,193.54,10.0,445.0,9.06,6.4,10.4,52.92,2.1,995.05
2024-10-03,12.9,9.6,10.5,98,69,89,17.8,13.7,35.6,303,1011.6,4.1,4.1,0.0,4.22,6361.65,99,0.79,474.38,280.0,995.0,8.62,7.4,9.7,89.08,8.3,998.07
2024-10-04,11.6,9.2,10.3,93,76,85,17.4,14.0,32.4,17,1015.4,2.0,2.0,0.0,3.41,0.0,100,0.79,553.54,385.0,685.0,7.88,7.1,8.9,99.33,9.0,1001.8
2024-10-05,10.9,8.9,9.5,94,83,90,14.9,12.5,28.4,24,1017.1,4.5,4.5,0.0,2.66,0.0,100,0.53,469.58,310.0,585.0,8.0,7.6,8.6,79.58,7.3,1003.4
2024-10-06,12.2,8.6,10.0,97,75,89,7.4,5.1,15.8,351,1014.3,1.5,1.5,0.0,4.19,0.0,99,0.7,237.71,30.0,610.0,8.3,7.8,8.9,96.62,0.6,1000.72
2024-10-07,16.9,6.2,11.1,99,65,85,14.3,9.5,29.5,155,1010.5,0.0,0.0,0.0,12.38,39098.92,32,1.69,287.71,80.0,795.0,8.45,5.6,10.9,12.71,5.5,997.01
2024-10-08,20.2,10.4,14.9,92,66,80,18.0,12.5,33.5,150,1006.0,0.0,0.0,0.0,11.28,38999.63,66,1.9,295.83,70.0,745.0,11.46,8.9,13.7,10.08,7.6,992.78
2024-10-09,19.5,14.2,16.3,94,62,81,17.3,13.5,31.7,194,1000.0,2.6,2.6,0.0,8.38,24097.28,86,1.69,536.88,125.0,1005.0,12.88,10.9,14.8,23.29,8.4,986.88
2024-10-10,20.5,12.8,15.1,91,59,80,29.7,15.8,52.9,198,995.7,0.9,0.9,0.0,5.75,14128.09,94,1.53,510.83,180.0,1400.0,11.48,10.4,13.4,5.46,6.9,982.55
2024-10-11,13.1,6.4,10.3,93,61,80,17.8,12.7,31.3,300,1012.5,0.3,0.3,0.0,8.07,32241.84,56,1.28,597.71,120.0,1230.0,6.94,4.9,10.1,34.58,8.3,998.97
2024-10-12,12.7,3.4,8.2,100,55,80,19.7,10.9,34.6,137,1020.7,0.0,0.0,0.0,10.43,34477.09,41,1.64,467.71,15.0,1355.0,4.53,3.1,6.7,18.75,1.1,1006.96
2024-10-13,13.4,8.6,11.1,85,46,68,31.9,23.9,57.2,242,1010.3,11.8,11.8,0.0,7.2,25916.9,70,2.08,1094.79,225.0,1855.0,5.25,2.0,10.2,23.67,13.8,996.78
2024-10-14,12.1,7.3,9.4,85,55,70,31.7,18.2,56.5,278,1017.9,0.1,0.1,0.0,8.9,32215.07,72,1.76,837.08,15.0,1420.0,4.08,3.0,5.4,25.04,1.7,1004.19
2024-10-15,11.9,4.8,8.1,95,65,84,11.3,8.0,24.5,313,1023.9,0.4,0.4,0.0,7.88,21755.66,56,1.06,305.0,30.0,980.0,5.32,3.8,7.0,34.21,3.4,1010.03
2024-10-16,13.3,2.8,7.6,98,65,82,23.6,16.0,40.7,120,1027.6,0.0,0.0,0.0,10.77,35886.36,16,1.58,420.62,45.0,840.0,4.4,2.3,6.9,12.21,5.9,1013.72
2024-10-17,16.2,7.0,10.9,81,54,67,24.5,20.7,43.6,131,1023.3,0.0,0.0,0.0,10.17,36199.72,23,2.2,502.29,170.0,1125.0,4.96,3.2,7.2,6.0,12.9,1009.63
2024-10-18,17.8,9.2,12.9,76,50,61,21.0,16.4,37.8,132,1020.4,0.0,0.0,0.0,9.81,34247.79,49,2.5,388.12,155.0,810.0,5.41,2.4,8.1,2.71,12.6,1006.81
2024-10-19,17.4,8.3,12.2,73,55,65,18.3,12.3,35.3,141,1021.7,0.0,0.0,0.0,9.48,30174.46,72,2.02,307.29,80.0,835.0,5.7,2.0,8.9,2.25,8.9,1008.08
2024-10-20,15.3,7.2,11.2,85,55,69,16.7,12.6,28.4,148,1025.7,0.0,0.0,0.0,8.54,34252.14,85,1.77,264.17,70.0,470.0,5.54,2.5,8.6,0.0,6.8,1011.98
2024-10-21,16.8,7.9,12.1,92,58,77,11.6,7.4,23.8,166,1026.8,0.1,0.1,0.0,5.98,17840.4,100,1.14,133.75,50.0,305.0,7.98,2.8,11.6,0.42,5.6,1013.14
2024-10-22,19.1,8.0,13.1,93,64,79,18.7,11.3,33.8,241,1026.0,0.0,0.0,0.0,8.73,29327.69,58,1.62,398.33,40.0,965.0,9.34,5.8,13.1,20.12,6.4,1012.41
2024-10-23,14.4,6.4,10.1,98,67,87,10.1,6.1,22.0,306,1035.0,0.0,0.0,0.0,7.63,26046.21,70,1.03,227.5,20.0,910.0,7.96,6.2,9.6,23.46,3.1,1021.17
2024-10-24,13.6,4.0,8.4,100,75,90,15.2,11.6,29.9,113,1033.3,0.0,0.0,0.0,7.96,25559.43,35,0.98,236.88,30.0,505.0,6.85,3.8,9.4,35.33,6.4,1019.35
2024-10-25,17.1,6.8,11.3,96,64,84,20.1,12.3,36.0,149,1024.9,0.0,0.0,0.0,8.24,32400.0,34,1.3,345.83,80.0,960.0,8.55,6.2,11.1,10.92,6.9,1011.19
2024-10-26,17.1,6.6,11.2,99,69,89,8.7,6.3,14.4,160,1022.4,0.2,0.2,0.0,8.54,32663.64,24,1.16,159.17,20.0,750.0,9.29,6.4,12.0,2.5,3.3,1008.75
2024-10-27,16.8,8.2,12.1,97,70,86,18.4,10.7,31.3,238,1020.3,0.0,0.0,0.0,6.54,25661.15,70,1.09,339.58,60.0,835.0,9.77,7.8,11.9,33.46,6.2,1006.73
2024-10-28,17.4,8.2,12.7,100,74,90,12.0,7.4,26.3,239,1025.1,0.2,0.2,0.0,4.51,16800.29,78,0.75,216.04,35.0,675.0,11.05,8.1,13.1,59.42,4.0,1011.51
2024-10-29,16.8,10.7,13.3,95,67,88,14.0,9.3,28.1,261,1025.0,0.2,0.2,0.0,6.6,27613.07,73,0.99,351.88,65.0,950.0,11.37,9.9,12.3,46.42,4.6,1011.4
2024-10-30,14.8,10.1,12.5,96,81,89,15.0,10.8,28.4,274,1025.0,0.8,0.8,0.0,3.19,11891.6,93,0.6,361.04,65.0,785.0,10.77,9.4,12.2,66.17,6.1,1011.42
2024-10-31,12.3,8.6,11.3,92,63,81,18.4,13.6,34.6,281,1026.2,0.1,0.1,0.0,3.78,2490.05,98,0.9,625.0,225.0,1085.0,8.07,5.3,10.6,74.58,8.8,1012.45
2024-11-01,15.6,8.4,11.2,91,64,79,22.1,16.8,40.3,270,1021.3,0.0,0.0,0.0,7.77,32400.0,29,1.35,578.75,210.0,785.0,7.65,6.4,8.9,6.54,11.7,1007.71
2024-11-02,10.8,2.4,8.5,89,57,74,22.7,15.2,40.0,321,1027.7,0.6,0.6,0.0,6.59,27015.47,68,1.22,712.92,20.0,1225.0,4.08,-0.7,8.9,51.17,5.3,1013.85
2024-11-03,9.1,-0.9,3.6,94,63,82,11.9,7.2,19.8,226,1031.8,0.0,0.0,0.0,7.21,32400.0,83,0.82,169.38,15.0,555.0,0.62,-1.8,3.0,0.0,3.4,1017.67
2024-11-04,9.4,4.1,7.1,99,86,90,16.7,9.9,28.4,293,1030.6,0.5,0.5,0.0,1.89,0.0,96,0.42,265.0,10.0,430.0,5.56,2.5,7.7,92.46,0.4,1016.63
2024-11-05,10.4,2.5,6.3,100,72,92,15.0,9.5,28.4,140,1029.6,0.0,0.0,0.0,6.59,32400.0,53,0.7,218.54,35.0,630.0,4.98,1.6,6.3,31.21,5.5,1015.62
2024-11-06,8.9,1.1,4.1,100,77,91,8.8,5.5,13.3,244,1030.8,0.0,0.0,0.0,6.07,29513.11,87,0.65,99.38,15.0,340.0,2.69,0.6,5.1,17.54,0.3,1016.67
2024-11-07,7.4,3.8,5.4,99,81,90,5.3,3.4,11.9,72,1034.8,0.0,0.0,0.0,2.43,769.77,100,0.37,220.0,60.0,415.0,3.81,3.0,4.4,100.0,1.4,1020.7
2024-11-08,8.1,4.0,5.7,93,77,85,17.1,12.8,32.0,110,1034.7,0.0,0.0,0.0,2.8,0.0,89,0.52,477.08,305.0,695.0,3.31,2.3,4.3,86.71,6.9,1020.58
2024-11-09,6.6,0.9,3.3,96,78,90,19.3,14.2,34.6,122,1031.9,0.0,0.0,0.0,4.4,9992.31,73,0.48,335.21,160.0,400.0,1.82,0.2,3.0,71.38,8.7,1017.72
2024-11-10,3.0,-0.9,1.1,95,85,91,11.6,8.5,22.3,122,1030.2,0.0,0.0,0.0,3.15,1081.71,81,0.33,289.79,50.0,385.0,-0.2,-1.7,0.6,80.08,4.7,1015.92
2024-11-11,3.0,-1.7,0.7,100,88,94,8.9,4.7,15.1,134,1029.8,0.0,0.0,0.0,2.08,0.0,93,0.26,118.54,25.0,235.0,-0.13,-2.0,1.4,92.83,1.9,1015.56
2024-11-12,4.4,1.1,2.6,94,83,88,9.2,5.8,20.2,26,1031.5,0.0,0.0,0.0,1.77,0.0,100,0.3,288.33,110.0,445.0,0.72,-0.9,1.9,99.58,1.1,1017.34
2024-11-13,3.5,0.2,1.9,96,82,89,9.3,6.5,23.4,290,1029.6,0.4,0.4,0.0,1.29,0.0,100,0.23,308.75,190.0,570.0,0.32,-1.9,2.4,99.92,2.0,1015.41
2024-11-14,7.5,2.9,5.1,96,66,86,16.9,10.6,34.2,249,1024.0,0.5,0.5,0.0,4.13,18000.0,94,0.57,460.83,180.0,785.0,2.79,1.1,5.9,78.62,7.0,1010.05
2024-11-15,8.3,6.0,6.8,96,72,86,17.1,13.5,36.7,282,1023.7,0.3,0.3,0.0,2.21,52.0,99,0.51,619.79,380.0,875.0,4.42,3.0,5.7,93.71,11.4,1009.78
2024-11-16,9.3,2.0,6.2,92,64,79,14.9,9.6,33.8,234,1020.1,0.0,0.0,0.0,5.28,28571.21,49,0.77,419.17,20.0,870.0,2.72,0.8,4.1,48.88,1.5,1006.19
2024-11-17,6.6,2.2,4.2,94,72,87,20.2,13.2,39.6,235,1009.3,1.8,1.8,0.0,1.38,3353.63,78,0.37,502.71,135.0,1060.0,2.16,0.9,4.1,54.92,7.3,995.5
2024-11-18,5.4,2.2,4.1,89,77,80,21.5,15.0,43.6,254,1007.9,1.5,1.5,0.0,2.9,10417.24,71,0.62,797.08,465.0,1180.0,0.92,-0.9,2.3,33.42,8.0,994.12
2024-11-19,10.7,0.6,5.3,94,67,82,25.4,16.8,50.8,194,1001.5,4.6,4.6,0.0,0.97,0.0,98,0.62,674.17,150.0,1295.0,2.45,-1.6,5.9,31.08,9.2,987.79
2024-11-20,10.8,1.1,3.7,97,66,80,28.3,19.5,59.8,273,993.5,7.0,6.3,0.49,2.82,11591.31,87,0.67,930.62,440.0,1430.0,0.45,-2.8,6.8,69.12,9.3,979.83
2024-11-21,3.7,-0.2,1.7,85,55,73,21.6,15.9,46.4,249,998.4,1.0,0.3,0.49,3.16,17774.03,87,0.73,872.29,285.0,1295.0,-2.67,-4.8,-0.9,67.62,10.5,984.63
2024-11-22,2.6,-1.6,0.2,91,68,80,17.5,9.9,40.3,266,999.3,0.7,0.0,0.49,3.86,22795.96,71,0.45,415.42,35.0,995.0,-2.87,-4.1,-1.6,40.67,2.2,985.46
2024-11-23,4.8,-1.4,1.2,88,57,75,22.2,14.0,45.4,259,1017.4,0.0,0.0,0.0,4.74,27312.09,61,0.7,669.79,115.0,1480.0,-2.88,-4.3,-1.5,32.04,6.9,1003.34
2024-11-24,8.6,0.0,5.4,89,47,72,15.8,11.8,30.6,187,1019.1,3.8,3.8,0.0,1.65,3600.0,98,0.74,294.58,85.0,600.0,0.77,-5.4,4.2,29.88,6.2,1005.18
2024-11-25,12.8,6.1,8.9,82,44,65,20.9,14.6,45.4,160,1016.4,0.0,0.0,0.0,4.83,28031.93,59,1.36,267.08,55.0,615.0,2.5,0.9,3.7,0.62,6.8,1002.75
2024-11-26,7.6,2.4,5.7,98,77,90,16.7,9.1,31.3,244,1017.5,3.2,3.2,0.0,0.85,0.0,51,0.25,193.75,60.0,380.0,4.1,1.7,7.2,39.54,5.9,1003.66
2024-11-27,8.8,1.3,4.2,97,79,92,16.5,7.6,30.6,194,1022.8,0.0,0.0,0.0,4.64,27599.01,18,0.43,144.79,55.0,380.0,2.97,0.8,5.6,9.96,4.1,1008.84
2024-11-28,9.1,4.2,6.2,96,57,84,26.7,20.4,51.8,231,1013.7,6.1,6.1,0.0,2.06,8553.73,95,0.64,878.75,265.0,1780.0,3.62,1.0,5.6,62.83,14.0,999.88
2024-11-29,5.6,4.1,5.0,98,75,89,22.7,16.3,42.1,332,1027.2,3.9,3.9,0.0,0.8,0.0,98,0.29,690.0,270.0,785.0,3.34,0.9,5.1,97.96,8.7,1013.14
2024-11-30,5.9,1.0,3.3,96,74,89,9.4,6.4,22.0,126,1035.3,0.0,0.0,0.0,2.58,12647.91,60,0.34,213.54,55.0,615.0,1.56,-0.1,2.8,60.08,2.2,1021.1
2024-12-01,4.8,-1.5,0.9,97,76,91,12.5,9.1,23.4,139,1028.7,0.0,0.0,0.0,4.41,27261.62,11,0.35,131.04,75.0,200.0,-0.49,-2.1,2.0,3.46,5.0,1014.47
2024-12-02,5.7,-0.6,1.6,95,70,87,10.0,7.4,17.6,169,1020.0,0.0,0.0,0.0,4.38,27289.4,32,0.38,87.5,35.0,280.0,-0.32,-1.4,1.5,13.08,4.1,1005.87
2024-12-03,4.9,0.6,3.4,98,81,93,9.6,7.0,16.9,200,1016.7,7.5,7.5,0.0,0.77,0.0,94,0.17,152.5,45.0,255.0,2.36,-0.8,4.3,87.04,3.8,1002.72
2024-12-04,5.2,-0.4,2.7,98,77,92,10.3,6.7,23.4,267,1022.6,0.2,0.2,0.0,1.54,1515.44,88,0.23,230.42,20.0,645.0,1.5,-1.5,3.8,69.71,0.8,1008.53
2024-12-05,4.6,-2.3,0.8,97,85,92,13.9,8.0,25.6,195,1025.5,1.1,0.8,0.21,1.77,5919.59,53,0.21,171.88,50.0,550.0,-0.43,-3.2,2.3,43.5,4.2,1011.26
2024-12-06,3.3,-0.1,1.5,98,67,86,18.2,13.7,37.1,149,1009.7,5.4,2.9,1.75,0.75,0.0,94,0.33,400.62,65.0,830.0,-0.62,-3.6,2.2,53.75,5.1,995.78
2024-12-07,6.1,0.9,3.5,98,89,94,12.6,8.6,23.8,173,1009.8,0.1,0.1,0.0,1.49,4358.45,93,0.21,176.88,85.0,445.0,2.65,0.6,4.7,65.5,5.8,995.95
2024-12-08,5.4,0.6,2.2,98,77,92,12.4,9.9,24.5,101,1011.0,0.0,0.0,0.0,3.56,25971.16,79,0.31,238.33,105.0,490.0,0.99,-0.1,2.3,63.0,6.3,997.11
2024-12-09,3.9,0.8,2.3,97,86,92,15.5,11.5,31.7,34,1020.5,1.8,1.8,0.0,0.66,0.0,100,0.17,456.46,185.0,640.0,1.11,-0.8,2.7,100.0,6.6,1006.41
2024-12-10,2.6,1.1,1.6,94,79,88,13.6,11.1,27.0,42,1028.3,0.1,0.1,0.0,1.12,0.0,100,0.25,525.83,395.0,580.0,-0.15,-1.3,1.2,100.0,6.1,1014.11
2024-12-11,2.2,0.7,1.4,95,87,92,10.5,8.7,22.3,320,1029.2,0.2,0.2,0.0,0.94,0.0,100,0.18,391.04,240.0,720.0,0.26,-0.4,0.9,99.96,6.6,1014.94
2024-12-12,2.2,0.7,1.3,95,81,88,11.4,7.4,23.0,297,1031.5,0.0,0.0,0.0,1.0,0.0,100,0.21,390.21,160.0,685.0,-0.4,-0.9,0.2,99.12,2.7,1017.23
2024-12-13,2.5,-1.4,1.0,97,76,89,12.2,6.9,27.4,153,1033.3,0.0,0.0,0.0,1.42,1006.46,80,0.25,291.67,65.0,865.0,-0.65,-3.2,0.5,79.58,0.8,1018.96
2024-12-14,1.9,-1.2,0.8,87,69,77,19.6,11.0,41.0,236,1019.1,0.1,0.0,0.07,2.01,4991.23,85,0.45,738.33,305.0,1160.0,-2.72,-3.2,-2.3,80.0,6.1,1005.03
2024-12-15,5.2,1.5,3.6,93,76,86,24.1,21.8,48.2,276,1018.2,4.0,3.8,0.14,0.81,0.0,100,0.45,973.96,815.0,1115.0,1.38,-1.6,3.0,97.71,17.0,1004.19
2024-12-16,10.6,5.4,8.9,91,78,83,30.6,26.8,62.3,272,1021.3,3.5,3.5,0.0,0.68,0.0,100,0.81,1223.12,910.0,1485.0,6.1,4.1,7.2,99.96,19.8,1007.54
2024-12-17,9.4,7.1,8.7,84,75,78,28.3,21.3,58.7,273,1023.6,0.3,0.3,0.0,1.1,0.0,89,0.9,1254.58,765.0,1525.0,5.11,4.3,6.4,82.0,15.1,1009.77
2024-12-18,9.4,4.5,7.7,92,66,76,19.0,12.4,36.7,220,1019.1,0.1,0.1,0.0,3.0,20194.48,79,0.78,403.96,120.0,830.0,3.62,2.2,4.8,22.71,8.0,1005.34
2024-12-19,14.1,6.7,9.3,87,58,73,20.5,15.2,47.5,208,1004.1,1.0,1.0,0.0,2.3,11359.6,100,1.03,487.71,200.0,1040.0,4.52,2.3,7.2,26.38,11.8,990.6
2024-12-20,9.1,2.5,5.4,90,63,77,27.4,19.9,61.2,282,1009.4,1.5,1.5,0.0,3.01,21619.79,61,0.78,1076.88,555.0,1385.0,1.72,-0.7,7.2,56.38,15.7,995.7
2024-12-21,5.0,-0.3,3.1,88,69,77,18.5,13.5,36.7,234,1017.3,0.0,0.0,0.0,3.18,20629.85,74,0.61,517.5,160.0,970.0,-0.55,-2.0,0.5,50.38,8.6,1003.31
2024-12-22,7.4,3.5,5.7,97,72,81,19.6,15.3,40.3,213,1000.7,2.4,2.4,0.0,1.0,1209.94,99,0.61,596.04,120.0,810.0,2.64,0.5,4.1,55.79,5.2,987.13
2024-12-23,4.2,0.2,2.0,97,74,88,14.0,9.7,28.8,266,1006.9,0.6,0.6,0.0,2.68,23370.68,76,0.27,354.38,70.0,615.0,0.12,-1.9,2.7,58.04,5.2,993.01
2024-12-24,4.4,2.2,3.5,94,77,89,12.2,9.8,29.2,288,1021.8,0.4,0.4,0.0,0.89,0.0,100,0.22,418.12,175.0,530.0,1.83,-1.2,2.7,98.29,8.4,1007.77
2024-12-25,5.1,-1.2,2.2,98,59,87,8.0,5.4,15.5,216,1036.2,0.1,0.1,0.0,3.59,23884.07,56,0.34,197.08,55.0,650.0,0.06,-2.6,2.2,50.46,3.1,1021.92
2024-12-26,2.9,-2.8,-1.1,95,73,89,6.2,5.0,13.7,132,1039.5,0.0,0.0,0.0,3.87,27679.21,0,0.28,80.0,40.0,165.0,-2.66,-4.1,-1.0,0.33,3.2,1025.02
2024-12-27,2.3,-4.8,-1.2,95,69,86,4.5,3.5,10.4,120,1036.9,0.0,0.0,0.0,2.57,19577.13,68,0.22,53.96,35.0,115.0,-3.33,-5.6,-1.3,57.04,1.8,1022.45
2024-12-28,3.7,0.8,1.5,90,58,79,4.8,2.6,9.7,130,1031.4,0.0,0.0,0.0,1.23,0.0,100,0.21,42.92,10.0,80.0,-1.77,-3.8,-0.1,100.0,0.4,1017.15
2024-12-29,3.9,-3.7,0.2,99,61,85,14.5,7.0,28.1,251,1027.7,0.0,0.0,0.0,3.95,27809.96,61,0.44,160.42,35.0,450.0,-2.25,-4.4,1.0,41.75,2.1,1013.41
2024-12-30,3.5,-3.5,-0.1,92,63,84,14.5,11.2,30.2,264,1028.7,0.0,0.0,0.0,3.51,25194.1,57,0.38,413.54,80.0,620.0,-2.62,-4.7,-0.9,35.42,6.5,1014.44
2024-12-31,4.6,-3.8,-0.3,90,60,79,11.1,6.7,19.4,225,1026.6,0.0,0.0,0.0,4.21,27927.15,28,0.39,130.83,40.0,265.0,-3.58,-5.3,-1.8,0.46,4.0,1012.28
2025-01-01,6.8,0.9,4.0,72,38,58,24.9,20.1,48.6,232,1017.7,0.0,0.0,0.0,3.02,16356.7,78,1.49,502.29,310.0,775.0,-3.84,-6.6,-0.2,3.62,11.3,1003.73
2025-01-02,9.1,-0.4,5.0,96,36,69,25.5,18.1,52.2,252,1008.7,1.9,1.9,0.0,0.6,0.0,91,1.24,792.71,300.0,1505.0,-1.21,-7.2,3.7,26.29,9.4,994.98
2025-01-03,2.3,-0.3,1.0,96,64,80,29.0,20.2,59.4,267,1011.4,1.0,0.1,0.63,2.1,10285.79,76,0.61,1040.83,395.0,1450.0,-2.18,-4.9,-0.4,58.42,13.0,997.43
2025-01-04,-0.1,-4.0,-1.2,85,73,81,22.8,13.4,46.8,274,1018.6,2.4,0.0,1.68,2.1,3233.17,74,0.38,699.38,60.0,1200.0,-4.14,-6.2,-3.3,55.46,3.3,1004.42
2025-01-05,-0.2,-5.6,-2.9,92,60,81,15.3,9.5,28.4,130,1011.3,3.4,0.4,2.1,2.53,4888.99,95,0.33,185.83,35.0,430.0,-5.87,-7.3,-1.5,19.29,3.7,997.12
2025-01-06,10.1,0.2,5.1,94,63,84,18.4,13.1,31.7,189,998.1,0.6,0.6,0.0,2.49,12101.26,100,0.5,270.21,95.0,435.0,2.58,-0.9,4.2,24.12,8.6,984.46
2025-01-07,7.3,3.2,5.8,82,65,75,23.5,16.2,47.2,219,1002.8,0.0,0.0,0.0,0.93,0.0,87,0.76,515.62,185.0,1000.0,1.69,-1.0,2.7,3.58,13.0,989.15
2025-01-08,5.5,1.1,2.9,90,66,76,20.7,15.5,41.0,228,1005.6,0.3,0.3,0.0,2.8,17776.08,64,0.68,615.42,195.0,1125.0,-0.88,-2.1,0.4,6.88,9.0,991.82
2025-01-09,11.4,1.3,6.2,92,66,81,22.9,16.2,43.2,180,1000.7,3.0,3.0,0.0,3.86,25132.54,79,0.79,463.33,120.0,950.0,2.97,-0.5,5.5,25.79,7.4,987.08
2025-01-10,6.8,0.6,2.2,92,65,78,30.9,23.9,73.8,272,1009.1,4.5,1.5,2.1,2.13,6647.79,100,0.73,1156.46,920.0,1355.0,-1.23,-3.2,5.6,98.75,17.5,995.17
2025-01-11,0.8,-0.7,-0.2,89,75,85,30.3,23.7,64.1,278,1013.2,3.9,0.1,2.66,1.43,0.0,95,0.43,1057.08,780.0,1370.0,-2.5,-3.5,-1.0,89.46,16.8,999.14
2025-01-12,0.3,-1.1,-0.3,89,80,86,25.1,22.2,53.6,306,1026.1,2.2,0.0,1.54,1.33,0.0,100,0.37,918.96,675.0,1135.0,-2.3,-3.4,-1.6,100.0,18.1,1011.85
2025-01-13,0.2,-3.6,-1.6,93,80,88,18.3,10.1,36.4,308,1041.0,0.0,0.0,0.0,2.33,452.07,76,0.27,326.46,55.0,715.0,-3.28,-4.6,-2.4,74.5,2.9,1026.48
2025-01-14,2.5,-6.3,-1.9,95,58,79,18.9,7.1,35.3,233,1033.8,1.1,0.6,0.35,4.41,21600.0,67,0.52,181.04,25.0,695.0,-5.23,-7.9,-1.7,22.79,1.8,1019.3
2025-01-15,2.5,0.8,1.4,100,86,96,19.0,12.9,37.1,301,1027.9,1.9,1.4,0.35,1.42,0.0,100,0.18,345.0,135.0,650.0,0.92,-1.0,2.1,100.0,7.6,1013.69
2025-01-16,3.2,-1.9,1.2,100,88,96,10.1,6.3,21.2,266,1037.6,0.0,0.0,0.0,1.96,0.0,86,0.23,179.79,40.0,460.0,0.67,-2.3,1.8,85.58,3.0,1023.22
2025-01-17,5.3,-2.5,0.0,99,75,92,7.7,4.7,15.1,251,1039.0,0.0,0.0,0.0,4.83,28800.0,26,0.4,117.92,50.0,245.0,-1.12,-3.0,1.3,23.67,1.9,1024.52
2025-01-18,5.2,-2.5,-0.2,94,69,87,5.1,3.1,15.5,259,1034.9,0.0,0.0,0.0,5.24,28800.0,14,0.44,63.33,15.0,185.0,-2.11,-3.5,0.5,2.0,0.9,1020.51
2025-01-19,5.9,-3.2,-0.2,96,61,87,10.1,6.9,19.1,108,1028.6,0.0,0.0,0.0,5.34,28800.0,5,0.49,84.38,25.0,165.0,-2.28,-4.0,-0.3,0.0,3.2,1014.31
2025-01-20,8.7,-1.5,1.8,93,47,77,13.8,9.8,25.6,141,1022.5,0.0,0.0,0.0,5.37,27658.15,40,0.73,152.08,70.0,375.0,-2.22,-2.8,-1.4,1.58,5.6,1008.42
2025-01-21,2.2,-2.5,-0.6,94,76,87,5.8,3.5,12.2,219,1019.7,0.0,0.0,0.0,2.45,258.91,95,0.28,79.38,20.0,200.0,-2.46,-3.6,-1.5,0.88,0.3,1005.45
2025-01-22,4.9,-3.4,-0.3,99,73,92,13.0,6.5,24.1,131,1015.7,0.0,0.0,0.0,5.67,28800.0,37,0.46,112.08,10.0,270.0,-1.58,-3.8,1.5,1.46,0.6,1001.54
2025-01-23,4.1,-1.7,1.2,93,70,84,18.3,14.6,38.5,182,1008.9,1.1,1.1,0.0,2.57,14400.0,78,0.46,410.42,125.0,725.0,-1.35,-3.0,1.4,47.71,10.6,994.9
2025-01-24,7.2,-0.8,3.3,89,65,79,14.6,10.7,28.1,192,1013.8,0.1,0.1,0.0,4.73,25200.0,85,0.67,294.58,115.0,505.0,-0.16,-2.4,1.2,30.12,8.2,999.92
2025-01-25,10.9,4.7,7.0,91,61,71,16.3,11.4,31.7,167,1011.7,0.7,0.7,0.0,3.01,12906.46,98,0.9,253.54,75.0,450.0,2.01,0.6,3.7,8.62,7.8,997.99
2025-01-26,8.4,4.5,6.4,89,75,83,16.1,11.6,32.4,195,1009.7,0.3,0.3,0.0,3.0,15297.21,79,0.57,323.33,125.0,590.0,3.67,2.1,5.2,20.75,7.0,995.98
2025-01-27,9.4,2.2,5.6,89,74,82,16.2,12.8,35.6,158,1005.6,1.1,1.1,0.0,2.9,13422.82,82,0.6,266.25,45.0,480.0,2.75,-0.4,5.8,6.0,5.1,991.88
2025-01-28,9.9,4.2,6.9,96,75,91,15.9,9.7,29.2,146,1000.4,2.3,2.3,0.0,4.18,18000.0,84,0.5,170.21,10.0,470.0,5.47,3.4,7.3,41.08,0.6,986.85
2025-01-29,9.6,4.0,6.4,94,63,80,20.1,14.5,42.8,214,1006.6,0.1,0.1,0.0,4.92,27831.97,48,0.88,555.42,195.0,1100.0,3.09,1.8,4.7,25.21,7.6,992.92
2025-01-30,10.2,0.6,4.8,92,66,84,13.3,7.7,27.7,173,1016.7,0.0,0.0,0.0,5.93,26393.69,57,0.69,154.79,40.0,455.0,2.18,-0.5,4.3,0.08,4.6,1002.85
2025-01-31,5.2,1.2,2.9,97,68,82,21.3,12.4,47.2,272,1023.1,1.8,1.8,0.0,3.26,14398.97,68,0.55,503.12,15.0,1115.0,0.11,-3.2,3.0,41.25,1.8,1009.07
2025-02-01,4.8,0.9,2.6,83,66,77,14.3,9.8,32.0,286,1031.8,0.0,0.0,0.0,3.57,7326.15,90,0.61,450.0,35.0,890.0,-1.15,-2.8,-0.2,86.79,2.2,1017.6
2025-02-02,3.8,0.3,1.7,90,65,79,8.5,6.0,20.2,281,1027.5,0.1,0.0,0.07,3.28,11684.43,96,0.42,247.08,40.0,955.0,-1.53,-2.5,-0.2,86.79,2.7,1013.31
2025-02-03,3.7,-1.6,0.8,93,68,82,8.1,4.6,15.8,296,1029.3,0.0,0.0,0.0,4.3,17435.39,61,0.44,223.96,15.0,785.0,-1.86,-2.9,-0.9,59.75,0.8,1015.01
2025-02-04,5.7,-4.2,-0.5,92,40,74,7.1,4.9,16.6,152,1030.7,0.0,0.0,0.0,7.43,32113.19,3,0.73,138.96,30.0,595.0,-5.04,-7.0,-3.2,0.04,2.5,1016.39
2025-02-05,5.4,-3.7,0.1,94,42,78,19.9,8.3,43.6,291,1034.5,0.0,0.0,0.0,6.86,25906.63,53,0.79,317.29,15.0,885.0,-3.65,-6.9,0.2,37.5,0.9,1020.17
2025-02-06,3.5,1.0,2.0,98,84,93,13.3,9.6,24.8,335,1040.3,0.7,0.7,0.0,1.79,0.0,100,0.26,310.0,160.0,525.0,1.01,0.2,2.2,88.88,5.8,1025.9
2025-02-07,2.8,0.1,1.1,98,68,85,17.0,12.4,34.6,90,1037.7,0.5,0.5,0.0,2.4,0.0,98,0.46,457.71,125.0,825.0,-1.26,-4.5,0.5,81.83,8.4,1023.33
2025-02-08,5.8,-0.2,2.5,76,52,66,17.8,15.6,36.4,113,1032.0,0.0,0.0,0.0,6.9,31420.29,80,1.22,482.29,340.0,685.0,-3.4,-4.3,-2.5,44.67,12.7,1017.76
2025-02-09,7.7,-0.8,2.2,78,47,66,12.1,9.9,24.5,116,1031.1,0.0,0.0,0.0,7.2,32376.53,26,1.07,239.58,115.0,770.0,-3.76,-4.8,-2.5,15.62,8.5,1016.85
2025-02-10,5.6,-2.5,0.3,90,45,69,13.9,8.7,26.3,87,1031.8,0.0,0.0,0.0,7.18,33239.14,24,0.96,231.46,60.0,555.0,-5.21,-10.2,-3.0,0.88,4.7,1017.45
2025-02-11,3.4,-4.1,-1.4,74,42,61,15.8,13.0,31.3,96,1031.9,0.0,0.0,0.0,8.9,34654.11,0,1.16,410.0,260.0,715.0,-8.05,-10.1,-6.8,0.0,12.0,1017.48
2025-02-12,4.7,-5.8,-0.7,84,35,62,21.8,13.4,37.8,124,1024.7,0.2,0.0,0.14,3.78,13759.25,76,0.99,397.71,225.0,1045.0,-7.44,-9.5,-4.1,52.17,8.3,1010.42
2025-02-13,4.3,-0.6,1.0,99,63,83,12.8,8.4,24.8,146,1016.9,3.6,0.6,2.1,2.86,1251.01,100,0.47,256.46,20.0,465.0,-1.6,-3.3,-0.2,68.71,0.8,1002.82
2025-02-14,0.0,-3.8,-1.5,97,75,87,16.6,12.5,34.6,312,1021.4,0.6,0.1,0.35,3.2,8760.7,90,0.36,474.58,135.0,865.0,-3.37,-5.4,-0.4,86.08,7.5,1007.19
2025-02-15,-0.5,-8.4,-4.0,94,57,82,9.1,5.2,16.9,290,1025.7,0.0,0.0,0.0,8.28,34123.01,59,0.64,275.0,25.0,1120.0,-6.73,-9.1,-3.7,48.29,1.7,1011.2
2025-02-16,-1.0,-7.7,-3.9,97,59,84,6.8,4.7,16.9,349,1024.3,0.3,0.0,0.21,7.11,22613.46,58,0.58,289.58,35.0,1280.0,-6.34,-9.0,-3.7,52.88,2.3,1009.86
2025-02-17,-0.9,-10.1,-6.4,95,49,79,7.2,2.4,13.7,346,1027.5,0.0,0.0,0.0,8.59,33469.59,55,0.64,227.92,15.0,1175.0,-9.68,-11.1,-6.8,54.46,0.4,1012.88
2025-02-18,-0.3,-11.6,-6.2,94,45,75,10.0,6.4,25.9,290,1030.1,0.0,0.0,0.0,10.18,35718.99,3,0.78,256.67,25.0,890.0,-10.33,-12.9,-8.7,1.88,2.6,1015.5
2025-02-19,2.2,-8.5,-3.7,85,40,66,9.4,4.2,18.0,33,1033.5,0.0,0.0,0.0,10.24,35837.5,4,0.93,217.08,45.0,700.0,-9.69,-11.4,-7.1,0.0,0.9,1018.96
2025-02-20,4.4,-6.2,-1.8,84,24,54,12.9,10.1,29.9,128,1032.3,0.0,0.0,0.0,10.66,35957.77,32,1.38,312.92,95.0,925.0,-10.91,-14.2,-6.9,0.0,8.2,1017.91
2025-02-21,7.8,-3.7,1.1,66,42,57,14.6,13.0,30.2,143,1029.8,0.0,0.0,0.0,8.36,26864.1,69,1.5,280.62,160.0,625.0,-6.69,-11.0,-3.5,22.79,10.9,1015.53
2025-02-22,8.8,-0.7,2.8,67,45,55,15.4,13.2,34.6,153,1025.7,0.0,0.0,0.0,10.67,36000.0,1,1.75,323.12,70.0,640.0,-5.4,-8.4,-2.2,0.04,7.0,1011.62
2025-02-23,9.9,-1.0,4.3,94,60,72,14.0,8.9,29.9,252,1027.2,0.2,0.2,0.0,5.62,16565.6,84,0.97,295.62,60.0,720.0,-0.5,-6.3,4.9,58.83,5.0,1013.19
2025-02-24,12.2,1.1,6.0,99,57,84,11.6,6.7,22.3,188,1026.4,0.0,0.0,0.0,10.36,36000.0,39,1.27,235.21,15.0,890.0,3.35,0.3,4.8,38.58,1.0,1012.48
2025-02-25,11.8,0.0,5.0,93,62,83,11.5,8.3,20.5,153,1017.8,0.0,0.0,0.0,6.93,21788.27,82,0.97,187.92,45.0,750.0,2.16,-1.1,5.1,0.58,5.4,1003.91
2025-02-26,10.6,2.7,6.0,98,66,85,10.1,7.5,23.0,193,1015.1,1.7,1.7,0.0,6.16,14502.8,99,0.87,261.04,35.0,890.0,3.51,1.6,5.2,32.42,4.8,1001.34
2025-02-27,10.6,2.9,5.6,97,56,85,11.2,5.8,25.2,262,1017.8,0.4,0.4,0.0,5.74,14332.83,82,0.76,290.0,10.0,1085.0,3.15,2.3,4.4,53.21,0.5,1003.98
2025-02-28,7.9,1.5,4.0,99,58,84,15.5,10.1,34.9,285,1020.5,1.8,1.8,0.0,7.07,15393.98,65,0.87,436.88,20.0,1155.0,1.33,-0.6,3.4,57.83,1.5,1006.52
2025-03-01,4.8,0.2,2.6,100,65,85,16.9,12.8,37.4,302,1027.2,2.0,2.0,0.0,3.88,1850.45,85,0.62,538.54,185.0,990.0,0.27,-1.3,2.2,84.62,8.0,1013.1
2025-03-02,4.7,-0.8,2.3,96,66,81,17.7,12.6,40.0,295,1032.0,0.0,0.0,0.0,5.71,3571.78,90,0.81,562.5,210.0,890.0,-0.79,-1.4,0.1,85.96,8.3,1017.8
2025-03-03,9.1,2.1,4.9,83,55,71,17.4,12.2,38.5,278,1029.0,0.0,0.0,0.0,7.75,24937.59,81,1.26,532.71,235.0,1165.0,-0.05,-0.8,1.1,57.0,8.7,1014.92
2025-03-04,11.4,-0.6,4.1,83,34,64,12.9,9.3,30.2,270,1026.8,0.0,0.0,0.0,13.01,37253.4,58,1.8,301.88,65.0,930.0,-2.87,-4.2,-1.1,0.0,6.1,1012.72
2025-03-05,15.1,-2.0,4.7,81,28,64,7.3,5.5,19.1,242,1025.3,0.0,0.0,0.0,13.41,37511.2,0,1.84,166.04,30.0,760.0,-2.26,-5.4,2.3,0.0,3.8,1011.34
2025-03-06,17.1,-1.1,6.4,86,34,65,9.4,4.3,16.9,167,1022.5,0.0,0.0,0.0,13.29,38133.96,0,1.81,85.0,15.0,395.0,-0.18,-5.3,6.6,0.0,1.8,1008.66
2025-03-07,16.3,-0.1,6.5,86,39,70,5.2,2.2,13.3,112,1020.8,0.0,0.0,0.0,13.39,38383.67,6,1.74,87.92,10.0,490.0,1.1,-2.5,7.2,0.0,0.4,1006.97
2025-03-08,17.5,-1.5,6.4,91,33,70,10.3,6.1,18.4,98,1016.8,0.0,0.0,0.0,13.72,39004.2,17,2.02,124.38,15.0,625.0,0.47,-2.8,4.1,0.0,2.6,1003.02
2025-03-09,18.5,3.4,9.8,75,35,58,15.5,12.1,34.9,121,1009.6,0.0,0.0,0.0,12.76,36364.96,71,2.63,303.12,85.0,1040.0,1.3,-0.8,3.7,0.0,9.5,996.04
2025-03-10,16.5,4.7,10.0,79,44,62,10.7,6.5,21.2,145,1000.7,0.0,0.0,0.0,11.7,36535.68,81,1.91,180.83,10.0,530.0,2.82,-0.6,6.6,0.0,0.0,987.25
2025-03-11,14.3,5.3,9.3,93,53,74,12.2,7.2,23.0,253,1000.6,0.0,0.0,0.0,9.22,29943.24,87,1.5,317.71,35.0,1095.0,4.82,2.7,6.8,3.25,3.5,987.19
2025-03-12,16.1,1.9,8.2,99,45,81,8.9,4.5,23.8,116,998.4,1.6,1.6,0.0,12.28,28176.39,81,1.82,278.96,15.0,1385.0,4.57,1.5,8.4,6.96,1.2,984.89
2025-03-13,5.4,0.9,3.6,100,97,99,23.3,12.3,42.5,303,995.4,21.0,13.9,4.97,1.61,0.0,100,0.23,337.29,45.0,595.0,3.35,0.6,5.1,90.5,5.4,981.75
2025-03-14,4.9,-1.4,1.6,97,79,92,10.1,6.1,23.4,73,1007.0,0.8,0.8,0.0,5.42,1351.95,87,0.61,168.12,20.0,535.0,0.37,-2.0,2.3,29.58,2.3,993.04
2025-03-15,8.0,-0.9,3.0,96,42,73,19.1,12.3,42.8,67,1017.3,0.0,0.0,0.0,12.49,36340.86,81,1.61,616.25,110.0,1685.0,-2.09,-4.2,0.2,34.33,6.4,1003.31
2025-03-16,7.7,-3.0,2.1,88,39,68,9.5,5.8,20.5,6,1018.4,0.0,0.0,0.0,15.78,42270.22,25,1.78,384.79,45.0,1235.0,-3.82,-5.6,-2.5,10.67,2.5,1004.31
2025-03-17,4.3,-2.8,1.3,91,37,65,24.2,15.2,47.5,3,1024.7,1.3,0.5,0.56,14.3,38077.82,53,1.61,892.71,50.0,2005.0,-5.08,-9.1,0.8,40.83,5.3,1010.55
2025-03-18,6.8,-4.7,0.2,86,24,59,9.1,5.8,25.6,277,1032.1,0.0,0.0,0.0,16.08,42745.44,0,1.78,400.0,25.0,1445.0,-8.18,-13.1,-5.6,0.04,3.4,1017.74
2025-03-19,10.8,-3.8,2.3,83,29,59,9.4,4.4,18.4,172,1030.3,0.0,0.0,0.0,16.53,42982.95,0,2.03,228.12,25.0,945.0,-5.85,-9.5,-2.3,0.0,2.3,1016.13
2025-03-20,14.6,-1.9,5.3,80,32,62,8.2,6.0,19.8,174,1026.6,0.0,0.0,0.0,16.6,43200.0,0,2.29,220.0,35.0,845.0,-2.08,-5.1,3.2,0.0,4.3,1012.6
2025-03-21,15.7,-1.0,7.0,90,38,66,12.5,6.6,23.0,97,1022.5,0.0,0.0,0.0,16.03,43200.0,21,2.46,191.25,20.0,705.0,0.39,-2.5,3.7,0.0,3.1,1008.65
2025-03-22,14.8,2.5,8.5,73,34,54,19.3,13.5,41.0,89,1016.4,0.0,0.0,0.0,16.8,43200.0,4,3.05,638.54,135.0,1935.0,-0.68,-2.0,2.3,0.0,8.6,1002.65
2025-03-23,13.1,4.2,8.2,98,54,73,16.7,12.6,37.8,98,1009.1,0.7,0.7,0.0,7.9,18710.05,85,1.58,383.33,40.0,1005.0,3.45,-2.2,8.4,47.79,3.8,995.5
2025-03-24,11.9,6.8,8.7,100,71,89,10.3,6.6,20.9,316,1011.4,0.9,0.9,0.0,5.14,0.0,96,0.9,274.58,20.0,800.0,6.82,5.6,7.7,89.12,1.1,997.76
2025-03-25,14.8,2.0,8.1,100,49,79,8.0,4.5,22.7,160,1017.4,0.0,0.0,0.0,15.29,34951.93,41,2.05,301.88,15.0,1365.0,4.18,1.9,6.6,37.0,1.1,1003.67
2025-03-26,11.1,4.6,7.5,98,63,88,13.8,10.3,31.0,296,1018.3,1.5,1.5,0.0,8.51,16833.03,86,1.13,423.96,15.0,1005.0,5.49,4.2,7.4,53.25,1.4,1004.55
2025-03-27,12.1,4.7,8.0,93,51,76,11.2,7.5,27.4,347,1020.6,0.1,0.1,0.0,11.94,29635.89,65,1.7,557.08,40.0,1355.0,3.67,2.0,5.8,64.96,4.5,1006.81
2025-03-28,14.2,0.6,7.6,93,54,75,14.6,8.6,34.9,95,1015.7,0.0,0.0,0.0,17.92,43200.0,14,2.44,417.29,35.0,1210.0,3.15,-0.4,6.1,3.12,4.1,1001.93
2025-03-29,15.9,5.7,10.8,90,56,74,13.7,8.6,27.4,13,1009.9,0.0,0.0,0.0,13.14,26789.29,94,2.22,446.25,85.0,1265.0,6.04,4.2,7.5,38.04,1.5,996.37
2025-03-30,12.9,6.3,9.1,90,44,68,19.8,13.4,43.9,291,1011.3,0.7,0.7,0.0,11.5,24851.16,88,2.13,682.71,410.0,1375.0,3.3,0.3,6.5,32.75,9.0,997.66
2025-03-31,10.8,5.4,7.4,93,59,80,16.3,13.7,38.5,321,1015.5,0.7,0.7,0.0,9.36,18467.52,72,1.4,698.75,260.0,1285.0,4.02,3.0,4.7,66.0,10.4,1001.8
2025-04-01,11.6,2.8,7.3,94,59,78,17.7,12.8,39.6,4,1025.1,0.0,0.0,0.0,10.07,23872.56,63,1.51,530.62,170.0,1150.0,3.48,1.7,4.9,30.25,9.5,1011.27
2025-04-02,15.6,5.0,10.3,88,46,68,16.2,12.0,37.1,18,1025.2,0.0,0.0,0.0,17.85,43200.0,54,2.82,645.0,255.0,1695.0,4.41,3.2,6.3,12.83,6.3,1011.49
2025-04-03,17.5,3.2,10.4,88,43,69,14.9,7.4,29.5,20,1026.0,0.0,0.0,0.0,18.79,43360.05,0,2.89,435.0,40.0,1405.0,4.51,1.0,7.9,0.04,3.3,1012.26
2025-04-04,19.5,4.0,11.8,97,47,75,8.3,3.4,17.6,279,1020.9,0.0,0.0,0.0,18.98,43662.71,9,2.92,358.96,15.0,1410.0,6.94,3.5,9.9,0.96,1.2,1007.27
2025-04-05,10.5,1.6,6.5,90,41,61,24.1,16.3,55.8,355,1015.1,0.2,0.2,0.0,14.07,27988.19,62,2.33,965.42,100.0,2005.0,-0.88,-7.5,6.7,23.17,8.1,1001.37
2025-04-06,3.5,-1.8,1.2,72,48,58,22.8,17.3,53.6,344,1022.6,0.3,0.0,0.21,9.44,16887.07,59,1.6,1151.67,175.0,1815.0,-6.36,-7.6,-5.0,46.54,6.8,1008.48
2025-04-07,8.6,-0.4,4.0,90,50,71,16.3,9.6,37.4,328,1023.1,1.2,1.2,0.0,11.09,20494.49,93,1.54,535.21,90.0,1405.0,-1.01,-6.0,3.6,54.04,5.1,1009.11
2025-04-08,9.6,2.0,5.8,94,40,68,15.7,10.2,37.8,342,1025.5,0.1,0.1,0.0,19.57,44685.27,41,2.37,642.29,30.0,1610.0,-0.39,-3.8,3.2,22.46,3.5,1011.54
2025-04-09,11.8,-1.9,6.0,87,38,62,16.6,9.0,33.8,296,1021.6,0.0,0.0,0.0,17.2,41204.42,56,2.6,658.12,45.0,1940.0,-1.31,-3.7,2.8,24.42,4.6,1007.69
2025-04-10,10.8,2.8,7.1,83,34,57,22.3,15.0,48.2,326,1021.2,0.8,0.8,0.0,16.98,30996.08,90,2.73,1116.04,400.0,2085.0,-1.61,-6.4,3.9,36.25,9.4,1007.32
2025-04-11,11.6,6.6,8.5,83,55,70,26.6,20.4,55.8,296,1014.5,0.2,0.2,0.0,7.2,435.97,91,1.76,931.46,170.0,1400.0,3.28,2.0,5.0,66.04,6.8,1000.88
2025-04-12,16.9,7.1,11.6,91,51,72,10.2,5.7,22.3,158,1015.8,0.0,0.0,0.0,14.56,35553.24,75,2.39,465.42,35.0,1460.0,6.24,5.2,7.2,60.62,2.3,1002.25
2025-04-13,21.8,5.7,13.7,90,38,65,15.0,11.4,36.0,159,1009.6,0.3,0.3,0.0,19.53,42213.3,62,3.59,466.88,85.0,1410.0,6.65,4.2,9.4,0.0,6.3,996.27
2025-04-14,22.2,11.4,16.1,93,42,70,8.9,4.9,23.4,201,1010.6,2.4,2.4,0.0,15.36,33987.11,91,2.75,301.67,10.0,1535.0,10.19,8.2,13.0,2.08,0.6,997.31
2025-04-15,18.3,10.2,14.1,90,58,78,23.8,15.7,54.0,130,1007.8,2.9,2.9,0.0,8.63,13011.81,94,1.88,512.08,15.0,1160.0,10.28,7.9,12.6,37.58,2.0,994.51
2025-04-16,25.2,12.3,18.4,93,41,70,15.5,9.8,35.3,143,1009.4,0.0,0.0,0.0,20.75,48468.48,32,4.08,462.29,35.0,1415.0,12.22,11.1,13.6,3.79,3.1,996.29
2025-04-17,27.0,15.2,21.0,66,28,49,23.6,17.1,54.0,151,1009.6,0.0,0.0,0.0,20.55,44083.43,68,5.66,808.75,225.0,1740.0,9.2,6.7,11.9,0.0,10.5,996.55
2025-04-18,22.2,12.1,17.9,90,51,70,19.3,12.8,40.7,155,1008.5,1.5,1.5,0.0,13.47,16712.17,86,3.08,569.79,215.0,1180.0,12.07,10.2,14.6,13.71,5.5,995.36
2025-04-19,16.3,10.4,13.2,91,46,68,17.9,9.7,41.8,215,1011.0,0.2,0.2,0.0,13.43,25688.72,78,2.44,775.62,65.0,1670.0,6.99,4.4,9.9,68.92,1.8,997.6
2025-04-20,22.8,8.0,15.3,92,39,67,13.1,8.6,28.4,148,1007.7,0.0,0.0,0.0,21.74,49455.86,19,3.93,479.17,75.0,1795.0,8.49,6.8,10.0,0.88,5.1,994.48
2025-04-21,22.7,8.5,15.8,94,40,72,14.8,5.7,35.6,299,1009.4,0.0,0.0,0.0,20.29,44557.02,80,3.52,440.0,35.0,1350.0,10.17,7.7,13.4,0.79,0.5,996.14
2025-04-22,19.8,11.2,15.2,99,48,74,10.5,7.8,27.4,283,1015.7,6.1,6.1,0.0,21.5,48996.66,51,3.47,515.42,35.0,1330.0,10.08,7.4,12.9,4.67,3.5,1002.34
2025-04-23,20.5,8.1,14.5,96,48,75,7.4,3.9,21.6,358,1016.5,0.4,0.4,0.0,19.39,47424.91,50,3.14,353.12,30.0,1825.0,9.59,7.4,11.8,3.58,1.5,1003.09
2025-04-24,18.5,11.1,14.4,93,65,83,14.3,9.2,34.9,39,1013.0,4.5,4.5,0.0,16.73,36173.9,93,2.59,389.79,30.0,865.0,11.38,9.8,12.8,34.58,1.9,999.58
2025-04-25,14.1,8.4,10.6,96,57,84,16.6,12.3,33.8,17,1016.5,9.0,9.0,0.0,5.09,6672.61,93,1.04,580.83,340.0,1525.0,7.71,4.8,10.7,76.75,3.1,1002.88
2025-04-26,12.7,3.8,8.5,81,45,64,16.1,10.9,31.7,34,1024.5,0.0,0.0,0.0,24.26,50400.0,0,3.35,651.46,185.0,1340.0,1.67,0.6,4.6,0.0,7.5,1010.73
2025-04-27,14.1,3.3,8.9,75,37,57,12.7,11.0,32.0,79,1028.8,0.0,0.0,0.0,24.56,50400.0,0,3.65,577.29,145.0,1265.0,0.46,-1.5,2.3,0.0,8.7,1014.92
2025-04-28,18.5,3.6,11.3,82,35,61,10.6,4.8,19.8,112,1027.2,0.0,0.0,0.0,24.71,50400.0,0,3.69,304.17,10.0,935.0,3.34,0.6,9.2,0.0,0.0,1013.53
2025-04-29,21.0,5.5,13.9,93,35,63,11.9,7.1,29.9,281,1024.2,0.0,0.0,0.0,22.84,47302.42,66,3.97,489.58,20.0,1710.0,6.12,4.2,10.2,0.21,2.7,1010.68
2025-04-30,21.5,7.8,15.0,95,40,67,8.8,5.6,24.1,312,1023.0,0.0,0.0,0.0,23.49,48921.25,56,3.91,511.25,20.0,1815.0,8.3,6.8,11.4,0.92,2.5,1009.48
2025-05-01,20.9,8.4,15.2,90,40,66,7.6,3.9,15.5,40,1022.0,0.0,0.0,0.0,23.5,50400.0,29,3.85,535.0,20.0,1800.0,8.25,6.6,10.1,2.5,0.0,1008.56
2025-05-02,25.8,9.9,18.1,82,29,59,21.7,12.0,44.3,216,1015.7,0.1,0.1,0.0,22.69,50400.0,37,4.93,652.08,75.0,2430.0,9.25,6.4,13.4,0.0,5.7,1002.42
2025-05-03,22.7,12.6,17.3,98,55,76,14.4,7.5,41.4,256,1008.9,7.7,7.7,0.0,21.24,39600.0,53,3.78,422.71,60.0,1250.0,12.77,9.9,16.0,5.79,3.7,995.75
2025-05-04,15.4,8.8,12.9,98,42,68,27.1,17.1,52.9,281,1006.9,0.3,0.3,0.0,20.73,43050.1,62,3.33,1075.62,105.0,1930.0,6.5,1.5,13.9,26.29,7.0,993.56
2025-05-05,12.6,4.5,8.5,94,43,65,15.9,11.6,36.4,18,1015.5,0.0,0.0,0.0,17.97,34705.43,84,2.72,903.54,110.0,1865.0,1.76,-1.4,4.3,46.5,6.4,1001.84
2025-05-06,13.6,5.3,9.2,73,37,56,10.1,6.6,25.6,20,1017.0,0.0,0.0,0.0,17.89,41294.05,90,2.77,772.29,10.0,1855.0,0.62,-0.6,1.9,56.12,0.3,1003.35
2025-05-07,13.9,5.6,9.6,82,38,60,14.8,10.0,33.8,33,1018.5,0.0,0.0,0.0,21.68,48889.34,43,3.36,830.21,15.0,2100.0,1.62,-1.7,4.2,4.79,0.7,1004.83
2025-05-08,12.1,4.7,8.5,72,34,53,14.5,10.1,36.7,33,1019.1,0.0,0.0,0.0,24.48,50400.0,71,3.59,909.79,115.0,2000.0,-1.15,-3.8,0.9,5.79,6.2,1005.33
2025-05-09,14.5,2.7,9.1,80,34,54,10.8,6.6,28.1,341,1020.7,0.0,0.0,0.0,16.35,43443.07,51,2.72,719.17,15.0,2250.0,-0.3,-1.5,3.3,7.17,0.6,1006.99
2025-05-10,16.2,8.1,11.0,96,47,68,20.4,11.3,45.7,298,1019.6,2.5,2.5,0.0,10.24,11231.0,96,2.23,435.0,95.0,1565.0,4.89,-0.2,10.0,29.29,4.2,1006.02
2025-05-11,13.8,4.3,9.6,87,36,61,10.1,5.5,22.0,88,1019.9,0.0,0.0,0.0,21.5,40044.79,46,3.09,738.12,20.0,2165.0,1.69,-0.9,5.3,9.5,0.9,1006.15
2025-05-12,13.9,4.4,10.1,79,40,58,10.8,7.6,26.6,76,1018.6,0.0,0.0,0.0,19.01,42279.31,45,3.03,777.92,45.0,1945.0,1.71,0.2,4.1,15.96,3.8,1004.97
2025-05-13,18.1,4.1,11.7,85,28,54,12.2,5.4,30.2,31,1019.5,0.0,0.0,0.0,23.72,53035.53,40,3.91,805.42,20.0,2765.0,1.8,-0.8,5.0,0.12,0.7,1005.96
2025-05-14,20.4,8.2,14.7,69,33,51,19.8,12.3,45.0,280,1012.9,0.0,0.0,0.0,20.51,40347.05,87,4.32,876.04,75.0,2430.0,4.11,1.8,6.8,0.0,6.2,999.5
2025-05-15,13.3,4.1,8.0,93,45,75,22.1,13.3,47.9,330,1011.3,5.8,5.8,0.0,17.16,32370.6,78,2.28,749.38,75.0,2180.0,3.46,-1.2,7.9,37.38,5.4,997.64
2025-05-16,14.4,5.6,9.4,89,54,78,25.6,16.6,60.1,299,1012.4,7.8,7.8,0.0,19.2,35963.19,78,2.56,895.42,485.0,1850.0,5.66,2.7,8.1,32.29,7.0,998.75
2025-05-17,11.2,6.2,8.2,94,66,86,23.4,18.2,53.3,292,1009.5,9.2,9.2,0.0,8.16,7982.32,93,1.23,788.75,515.0,1420.0,5.98,4.7,7.5,32.17,14.3,995.92
2025-05-18,9.6,4.8,7.3,97,77,90,27.7,19.4,61.2,286,1010.0,10.2,10.2,0.0,9.15,3345.87,91,1.1,805.0,440.0,1115.0,5.85,4.3,6.8,72.71,10.6,996.28
2025-05-19,10.9,7.3,9.2,98,89,94,15.9,12.0,35.6,305,1014.6,3.8,3.8,0.0,4.57,0.0,100,0.75,473.54,255.0,720.0,8.19,6.4,9.8,95.17,9.4,1000.99
2025-05-20,19.2,8.9,14.1,98,54,79,9.7,7.2,23.4,272,1016.6,0.1,0.1,0.0,23.56,50898.62,47,3.67,452.5,55.0,1160.0,10.02,8.6,11.9,41.83,2.7,1003.15
2025-05-21,20.0,9.7,15.0,91,66,81,15.3,5.6,36.4,226,1011.0,7.1,7.1,0.0,20.85,42389.88,51,3.31,311.67,30.0,1165.0,11.54,7.9,13.9,2.0,1.8,997.69
2025-05-22,14.9,8.9,11.7,94,68,83,15.2,8.4,29.5,279,1008.6,6.4,6.4,0.0,9.87,6464.24,87,1.68,317.71,40.0,965.0,8.92,5.9,11.1,6.83,4.4,995.18
2025-05-23,14.4,4.6,10.0,83,42,63,17.9,9.7,34.2,270,1014.3,0.1,0.1,0.0,23.48,51732.76,36,3.47,850.0,55.0,2045.0,2.87,1.2,6.2,10.38,4.2,1000.75
2025-05-24,15.2,4.1,10.3,89,45,67,15.2,8.8,35.3,279,1017.3,0.1,0.1,0.0,24.16,54884.96,16,3.46,650.83,20.0,1930.0,3.98,2.4,6.4,5.62,0.9,1003.72
2025-05-25,20.0,5.1,13.2,91,37,68,11.6,7.4,29.2,186,1014.5,0.3,0.3,0.0,24.88,45613.14,39,4.09,651.25,50.0,2370.0,6.67,3.7,11.4,0.58,3.2,1001.01
2025-05-26,17.5,11.2,14.4,96,64,84,15.6,9.3,40.7,288,1013.8,5.7,5.7,0.0,14.62,25338.87,69,2.29,424.58,10.0,1125.0,11.62,9.4,13.8,44.58,0.7,1000.39
2025-05-27,19.5,8.0,14.4,94,53,75,11.2,4.8,27.4,238,1018.5,0.7,0.7,0.0,24.12,50464.79,39,3.89,372.71,20.0,1220.0,9.73,7.2,12.4,1.67,1.0,1005.11
2025-05-28,19.4,9.6,14.7,93,62,80,17.6,9.3,38.2,255,1013.4,4.4,4.4,0.0,15.47,30080.88,84,2.58,475.21,40.0,1200.0,11.16,6.9,14.9,14.96,2.2,1000.03
2025-05-29,17.4,11.8,14.3,95,45,71,22.8,16.9,51.8,308,1016.7,0.0,0.0,0.0,20.36,42221.34,69,3.43,918.33,100.0,1940.0,8.53,5.3,11.4,30.21,8.0,1003.31
2025-05-30,20.5,11.6,15.6,90,72,81,13.9,8.4,35.6,257,1019.3,3.5,3.5,0.0,12.53,26325.31,71,2.25,343.54,55.0,1005.0,12.3,7.6,16.5,40.88,3.3,1005.91
2025-05-31,24.1,14.9,19.2,94,61,79,11.1,6.6,32.4,260,1018.6,3.6,3.6,0.0,22.85,49245.68,60,4.03,373.54,55.0,1390.0,15.43,12.6,17.8,25.96,0.6,1005.36
2025-06-01,25.3,14.4,19.4,98,58,83,13.1,8.5,41.0,168,1015.3,13.6,13.6,0.0,20.03,41611.59,83,3.72,357.08,45.0,1285.0,16.2,14.1,17.6,5.0,5.1,1002.13
2025-06-02,21.6,14.9,18.4,95,67,82,11.5,6.6,25.2,272,1014.8,0.9,0.9,0.0,17.65,36650.21,91,3.11,346.67,10.0,780.0,15.05,12.9,16.7,8.83,0.2,1001.57
2025-06-03,22.5,14.8,18.6,99,50,76,10.1,6.6,26.6,244,1014.9,0.4,0.4,0.0,21.46,40767.73,53,3.9,505.62,15.0,1430.0,13.8,11.7,15.6,1.33,0.9,1001.66
2025-06-04,26.6,15.1,20.8,90,51,76,19.4,10.0,41.0,166,1011.8,1.5,1.5,0.0,24.58,50400.0,53,4.55,468.12,70.0,1595.0,16.2,13.4,20.0,1.21,5.8,998.78
2025-06-05,23.6,17.0,20.2,98,59,77,14.9,9.6,35.6,249,1011.5,5.0,5.0,0.0,23.05,52198.73,68,4.17,544.79,25.0,1155.0,15.74,13.8,17.4,15.79,1.2,998.36
2025-06-06,25.1,14.6,20.0,87,51,72,20.4,11.5,52.6,218,1012.0,0.7,0.7,0.0,22.93,44363.89,79,4.42,717.5,75.0,1750.0,14.59,12.4,17.1,2.21,4.4,998.9
2025-06-07,21.0,15.9,18.2,94,77,82,18.1,10.8,36.0,200,1012.3,5.7,5.7,0.0,10.75,17358.22,88,2.17,424.58,35.0,725.0,15.15,13.2,18.0,1.33,2.2,999.08
2025-06-08,19.4,13.4,16.4,92,66,78,23.1,15.6,50.8,226,1011.1,2.2,2.2,0.0,16.8,34230.29,59,3.04,728.54,115.0,1315.0,12.52,8.2,14.2,3.0,7.3,997.84
2025-06-09,16.9,10.9,13.6,85,51,70,24.7,17.9,51.8,272,1020.8,0.5,0.5,0.0,23.64,53763.55,34,3.8,1055.42,95.0,1780.0,8.04,6.7,9.4,22.25,5.2,1007.26
2025-06-10,21.5,8.1,15.1,93,43,73,18.7,9.2,41.8,190,1018.6,6.1,6.1,0.0,19.66,33334.88,79,3.57,600.62,15.0,2110.0,9.6,6.9,13.5,6.46,1.5,1005.18
2025-06-11,18.4,12.6,14.9,93,51,76,24.7,16.5,54.7,289,1017.4,10.2,10.2,0.0,22.11,54787.85,49,3.37,857.92,65.0,1640.0,10.4,7.3,12.6,27.42,5.2,1003.98
2025-06-12,20.4,8.6,15.1,92,40,67,9.4,5.6,22.7,333,1023.2,0.0,0.0,0.0,29.08,57600.0,23,4.75,599.79,30.0,1540.0,8.39,5.9,10.9,1.0,0.7,1009.69
2025-06-13,21.2,9.5,15.6,83,46,64,11.9,7.0,27.0,73,1027.2,0.0,0.0,0.0,28.68,57600.0,8,4.78,661.25,55.0,1530.0,8.48,6.3,11.4,1.42,3.1,1013.65
2025-06-14,23.8,10.9,17.9,94,37,67,9.5,7.3,24.8,101,1024.6,0.0,0.0,0.0,28.72,57600.0,4,5.12,453.75,75.0,1155.0,10.93,8.1,12.4,0.0,3.5,1011.22
2025-06-15,27.4,12.6,20.8,77,36,59,12.0,9.3,30.2,123,1018.4,0.0,0.0,0.0,28.61,57600.0,17,5.71,335.42,35.0,920.0,11.92,8.6,15.8,0.0,2.3,1005.29
2025-06-16,20.0,15.6,17.9,96,69,85,20.5,14.8,44.3,295,1020.0,8.2,8.2,0.0,7.19,0.0,89,1.59,583.96,65.0,940.0,15.21,11.6,18.2,34.5,5.2,1006.69
2025-06-17,24.5,11.9,18.5,92,42,68,16.7,9.1,40.0,300,1024.2,0.0,0.0,0.0,26.2,57487.12,63,4.72,700.0,20.0,1955.0,11.95,10.6,15.2,7.12,1.0,1010.9
2025-06-18,26.6,13.1,21.0,92,42,65,18.4,9.5,41.0,267,1020.7,0.0,0.0,0.0,26.1,52727.66,77,5.44,727.71,30.0,2125.0,13.56,11.7,16.2,0.88,3.1,1007.54
2025-06-19,22.8,15.1,19.1,89,34,60,22.6,13.5,51.8,311,1020.1,0.1,0.1,0.0,24.17,51300.85,40,5.09,1021.04,30.0,2525.0,10.46,5.9,14.6,5.46,3.8,1006.86
2025-06-20,21.0,10.1,16.2,83,34,56,16.1,9.9,38.5,327,1024.3,0.0,0.0,0.0,24.24,57118.41,42,4.55,977.29,30.0,2490.0,6.78,4.5,9.1,9.0,3.5,1010.92
2025-06-21,23.6,9.7,17.6,86,35,60,8.5,4.8,19.4,217,1024.0,0.0,0.0,0.0,29.03,57600.0,9,5.14,505.42,10.0,1400.0,8.88,7.2,12.1,0.0,0.9,1010.64
2025-06-22,28.4,13.2,21.7,80,33,55,12.1,6.8,23.0,216,1018.8,0.0,0.0,0.0,27.84,57600.0,33,5.7,456.67,55.0,1450.0,11.49,9.8,13.7,0.0,3.6,1005.69
2025-06-23,29.9,16.1,22.3,87,40,59,22.5,12.3,46.8,231,1009.6,2.6,2.6,0.0,22.5,35138.29,86,5.43,716.04,55.0,2080.0,13.54,9.1,17.8,1.75,6.6,996.62
2025-06-24,22.0,12.9,17.7,85,40,60,24.8,16.3,58.3,275,1012.0,0.0,0.0,0.0,20.35,41911.07,53,4.45,1041.67,95.0,2110.0,9.38,7.7,10.9,8.46,5.9,998.77
2025-06-25,25.5,17.0,21.3,76,49,63,24.7,16.1,57.6,272,1010.8,0.8,0.8,0.0,24.81,56640.94,33,5.35,908.33,70.0,1805.0,13.79,10.6,15.3,9.79,5.7,997.8
2025-06-26,28.0,15.1,22.1,89,54,71,13.0,5.7,25.6,132,1013.5,0.0,0.0,0.0,25.79,43200.0,62,5.02,308.75,20.0,735.0,16.42,13.1,21.3,2.5,1.7,1000.45
2025-06-27,24.0,18.1,20.6,90,57,71,23.4,17.4,54.0,285,1017.1,1.3,1.3,0.0,19.68,45972.5,60,4.14,1025.0,490.0,1540.0,15.13,11.5,16.9,23.17,11.7,1003.98
2025-06-28,25.2,13.8,19.6,85,52,69,20.5,11.5,44.6,268,1022.2,0.0,0.0,0.0,22.13,48491.7,56,4.3,681.04,70.0,1580.0,13.56,11.1,16.9,19.79,4.1,1009.0
2025-06-29,27.5,18.9,23.4,83,49,67,18.1,13.1,40.3,298,1019.5,0.9,0.9,0.0,23.94,53484.97,45,5.23,847.92,85.0,1975.0,16.54,15.4,18.3,11.67,6.3,1006.49
2025-06-30,24.4,14.7,19.6,72,33,57,14.8,11.1,34.6,329,1020.4,0.0,0.0,0.0,28.8,56905.51,20,5.6,807.71,100.0,1730.0,10.37,6.9,15.2,0.54,7.3,1007.11
2025-07-01,25.0,11.2,19.0,94,44,66,10.1,6.3,25.9,118,1020.6,0.0,0.0,0.0,28.8,57600.0,1,5.12,352.5,10.0,855.0,11.97,10.4,16.4,0.0,0.6,1007.32
2025-07-02,29.7,13.2,22.2,90,37,62,10.7,8.1,25.9,125,1018.0,0.0,0.0,0.0,28.93,57600.0,0,5.87,261.04,45.0,755.0,13.85,11.1,16.7,0.0,5.6,1004.93
2025-07-03,30.1,17.5,23.1,75,40,61,19.7,10.8,44.6,308,1017.5,0.1,0.1,0.0,24.49,52037.37,19,5.51,623.54,45.0,1615.0,14.88,11.3,17.0,3.12,3.4,1004.44
2025-07-04,23.0,15.2,19.2,93,34,61,14.4,7.3,36.0,347,1024.2,0.0,0.0,0.0,24.71,56882.44,34,4.64,913.33,10.0,2520.0,10.85,6.1,15.3,7.04,0.3,1010.88
2025-07-05,27.4,11.1,20.2,92,31,60,14.3,8.7,33.5,185,1017.9,0.0,0.0,0.0,25.12,54440.72,54,5.27,726.46,35.0,2755.0,11.21,8.6,13.9,0.0,2.2,1004.76
2025-07-06,29.0,15.9,22.9,75,30,52,20.0,6.1,38.2,254,1008.6,0.0,0.0,0.0,25.05,44498.84,84,5.53,479.58,50.0,1940.0,11.75,7.2,13.8,0.0,1.4,995.68
2025-07-07,20.4,16.2,18.2,97,59,85,11.0,7.1,23.8,206,1003.4,9.1,9.1,0.0,10.66,11225.43,80,2.03,297.92,35.0,755.0,15.58,11.8,16.8,2.67,5.4,990.36
2025-07-08,16.9,14.8,15.8,95,81,87,19.8,11.2,40.7,301,1006.5,7.8,7.8,0.0,6.7,0.0,93,1.37,407.08,70.0,795.0,13.58,12.2,14.5,34.29,4.4,993.31
2025-07-09,20.1,13.6,16.5,88,60,75,19.1,15.4,42.5,305,1012.6,1.1,1.1,0.0,16.63,31471.32,100,3.11,697.29,335.0,1505.0,12.01,9.9,13.5,19.38,11.2,999.32
2025-07-10,20.9,13.9,17.3,94,46,73,22.5,15.5,51.1,311,1015.7,0.7,0.7,0.0,21.72,45415.76,91,3.98,861.04,315.0,1660.0,11.96,8.8,13.9,10.46,11.0,1002.4
2025-07-11,20.4,11.9,15.8,95,47,80,23.2,14.2,49.7,285,1013.5,6.2,6.2,0.0,14.82,30035.13,83,2.68,650.62,195.0,1665.0,12.2,8.7,13.9,4.25,9.3,1000.17
2025-07-12,18.8,13.4,15.7,96,73,89,16.8,11.7,32.4,230,1010.8,9.1,9.1,0.0,7.21,969.89,100,1.43,534.79,100.0,890.0,13.74,12.8,15.4,49.38,6.0,997.55
2025-07-13,22.8,14.4,18.6,94,63,81,14.0,9.6,35.6,162,1012.1,3.9,3.9,0.0,22.3,51728.23,83,3.78,420.21,55.0,1410.0,15.2,13.4,16.9,11.58,2.1,998.89
2025-07-14,26.5,14.9,20.5,98,43,76,15.4,6.7,34.6,251,1013.3,0.6,0.6,0.0,24.05,51128.52,40,4.59,520.83,30.0,1810.0,15.66,12.9,18.0,4.12,0.4,1000.18
2025-07-15,24.1,17.0,20.2,91,66,77,15.2,10.3,34.6,273,1014.4,2.0,2.0,0.0,19.75,43648.33,51,3.7,478.12,85.0,1185.0,16.04,14.1,17.6,9.21,5.8,1001.28
2025-07-16,21.9,14.4,17.7,95,50,75,14.0,10.6,34.6,275,1012.8,0.4,0.4,0.0,22.56,43155.18,40,3.94,673.75,25.0,1580.0,12.73,10.6,15.0,4.75,1.0,999.55
2025-07-17,21.0,13.4,16.1,97,59,87,12.0,8.2,31.7,271,1012.1,7.5,7.5,0.0,14.82,30111.29,82,2.47,422.29,80.0,1410.0,13.8,12.3,15.2,17.54,1.7,998.76
2025-07-18,22.5,13.6,18.2,99,57,78,8.6,4.4,18.4,102,1012.7,0.4,0.4,0.0,22.33,50232.5,68,3.85,441.04,15.0,1355.0,13.98,13.1,15.6,26.83,0.7,999.51
2025-07-19,25.0,14.1,20.1,96,51,73,9.1,5.4,22.7,289,1011.3,0.0,0.0,0.0,21.63,51050.82,51,3.99,586.46,20.0,1650.0,14.71,13.2,18.1,32.96,1.2,998.24
2025-07-20,27.8,15.8,22.3,93,50,72,7.6,3.9,17.3,292,1008.0,0.2,0.2,0.0,25.38,54585.9,21,4.79,473.12,25.0,1445.0,16.58,14.8,18.6,2.54,1.0,995.06
2025-07-21,30.6,17.9,23.8,96,40,70,22.3,8.5,42.5,142,1004.7,2.7,2.7,0.0,24.5,47379.52,61,5.16,629.79,55.0,2030.0,17.32,15.4,20.1,5.75,4.0,991.86
2025-07-22,24.5,15.1,19.7,94,48,72,23.4,14.9,45.7,262,1007.6,4.3,4.3,0.0,23.69,53000.27,45,4.51,830.42,205.0,1580.0,14.18,12.7,16.0,8.33,9.1,994.55
2025-07-23,24.4,15.4,19.8,83,53,72,15.0,10.3,37.1,238,1010.8,0.9,0.9,0.0,22.78,52216.53,33,4.25,670.0,95.0,1790.0,14.42,12.4,17.5,12.79,5.2,997.72
2025-07-24,25.0,15.6,20.8,79,48,66,11.7,8.3,29.2,274,1011.6,0.0,0.0,0.0,22.39,48918.62,67,4.4,645.21,80.0,1825.0,13.9,12.0,15.9,8.96,4.7,998.56
2025-07-25,24.6,17.4,20.8,96,59,78,10.6,7.5,28.8,280,1013.8,3.1,3.1,0.0,21.2,45643.31,65,3.91,489.79,20.0,1425.0,16.54,15.8,17.5,5.0,0.9,1000.66
2025-07-26,24.5,15.9,20.4,98,61,81,11.9,6.7,32.0,319,1013.3,1.6,1.6,0.0,19.0,42239.78,73,3.51,375.62,30.0,975.0,16.76,15.6,17.6,11.67,3.2,1000.22
2025-07-27,21.2,17.0,18.8,94,79,87,15.9,10.8,34.6,323,1009.6,8.8,8.8,0.0,10.4,8418.16,100,1.92,394.38,55.0,830.0,16.55,14.8,18.0,39.38,3.5,996.48
2025-07-28,20.0,16.5,17.9,97,73,86,20.6,14.5,46.1,310,1006.4,7.5,7.5,0.0,7.96,1356.1,96,1.64,572.71,130.0,1015.0,15.5,14.2,16.4,30.83,9.4,993.25
2025-07-29,21.9,14.8,18.0,87,50,69,21.5,14.9,47.5,294,1012.1,0.1,0.1,0.0,22.55,51381.98,40,4.13,813.12,80.0,1480.0,12.0,10.4,14.1,9.42,6.3,998.92
2025-07-30,22.4,12.2,17.5,86,44,69,12.4,7.3,28.4,268,1014.7,0.5,0.5,0.0,22.4,44624.96,36,4.02,520.83,30.0,1545.0,11.21,9.5,14.7,5.83,1.5,1001.46
2025-07-31,22.0,13.4,17.2,94,54,75,17.1,7.7,39.6,253,1013.9,6.4,6.4,0.0,19.97,44585.55,65,3.57,618.54,80.0,2030.0,12.37,10.9,14.2,9.92,3.8,1000.65
2025-08-01,21.6,13.9,17.0,91,63,82,13.5,7.9,29.9,221,1010.6,2.5,2.5,0.0,12.51,30244.59,65,2.21,340.62,90.0,1115.0,13.84,11.4,15.6,4.92,5.4,997.4
2025-08-02,22.9,13.3,18.3,94,58,80,8.7,3.6,24.5,231,1011.0,1.5,1.5,0.0,20.49,48320.2,47,3.5,364.38,35.0,1415.0,14.58,12.3,16.8,4.54,1.1,997.84
2025-08-03,19.4,15.4,17.0,98,68,86,15.5,10.7,36.0,295,1014.3,12.4,12.4,0.0,11.49,19374.05,79,1.97,440.21,55.0,975.0,14.54,12.9,15.7,36.71,4.0,1001.04
2025-08-04,20.9,12.7,16.9,91,58,76,12.6,7.7,25.2,225,1018.1,0.1,0.1,0.0,13.26,28610.4,53,2.49,447.5,65.0,1070.0,12.48,11.1,13.6,4.71,4.1,1004.78
2025-08-05,25.2,13.2,18.4,97,55,79,18.3,10.8,37.8,237,1016.7,9.1,9.1,0.0,19.32,36557.18,51,3.61,526.25,95.0,1285.0,14.33,11.4,17.8,8.62,6.5,1003.47
2025-08-06,20.1,11.9,15.9,96,47,72,17.9,12.4,41.4,280,1022.4,0.1,0.1,0.0,21.89,50400.0,12,3.66,755.62,45.0,1930.0,10.42,8.4,12.7,4.54,3.8,1008.97
2025-08-07,23.2,9.8,17.3,91,46,69,12.0,6.9,23.8,142,1021.4,0.0,0.0,0.0,23.41,50400.0,60,4.26,507.08,30.0,1400.0,10.86,8.4,13.9,0.0,2.7,1008.01
2025-08-08,26.6,13.4,19.5,86,45,68,13.8,7.7,27.7,234,1018.5,0.0,0.0,0.0,15.87,25899.43,87,3.52,398.96,50.0,1740.0,12.99,11.1,15.4,0.0,3.5,1005.25
2025-08-09,27.8,14.5,21.5,88,41,63,8.6,3.8,15.5,151,1020.8,0.0,0.0,0.0,22.64,48449.19,61,4.36,311.25,15.0,1045.0,13.57,11.9,17.0,0.0,0.8,1007.62
2025-08-10,25.6,16.8,21.1,91,41,64,20.6,11.8,45.7,306,1021.7,0.0,0.0,0.0,23.14,49424.33,27,4.83,746.25,30.0,1765.0,13.58,10.6,16.2,1.58,3.4,1008.5
2025-08-11,23.8,11.6,18.3,92,46,67,7.1,3.9,19.4,236,1025.8,0.0,0.0,0.0,23.97,50400.0,6,4.17,549.58,20.0,1590.0,11.57,10.4,13.9,4.17,1.0,1012.43
2025-08-12,26.2,11.9,19.8,93,40,65,10.9,5.8,23.0,122,1022.0,0.0,0.0,0.0,23.74,50400.0,6,4.51,388.75,15.0,1125.0,12.27,10.8,14.9,0.0,1.5,1008.75
2025-08-13,29.9,14.6,22.5,81,42,60,13.0,10.0,26.6,108,1018.5,0.0,0.0,0.0,23.44,50400.0,0,5.15,382.71,115.0,1270.0,13.98,10.9,16.6,0.0,8.1,1005.38
2025-08-14,31.2,17.6,24.6,84,40,61,12.8,8.6,24.8,96,1019.1,0.0,0.0,0.0,23.15,50400.0,0,5.17,439.58,90.0,1545.0,15.9,14.7,18.1,0.0,5.8,1006.09
2025-08-15,31.9,17.8,25.2,85,37,61,10.8,6.9,28.1,125,1019.1,0.0,0.0,0.0,22.99,50400.0,11,4.94,341.04,10.0,1160.0,16.53,14.7,19.4,0.0,0.4,1006.12
2025-08-16,27.6,19.4,23.5,80,44,63,14.8,11.4,35.6,315,1017.3,0.0,0.0,0.0,22.06,50400.0,36,5.0,818.75,15.0,2015.0,15.58,13.3,18.4,1.71,1.4,1004.3
2025-08-17,23.0,14.2,19.3,80,36,56,15.5,10.9,37.1,316,1017.2,0.0,0.0,0.0,21.36,50400.0,25,4.53,946.04,110.0,2130.0,9.67,6.7,13.9,5.88,6.1,1003.97
2025-08-18,20.9,12.2,17.3,78,49,62,13.0,6.1,26.3,5,1020.1,0.0,0.0,0.0,14.61,27518.59,62,2.93,652.5,45.0,1545.0,9.75,8.1,12.1,42.54,2.2,1006.77
2025-08-19,23.0,12.5,18.3,95,45,67,6.1,3.6,19.1,130,1016.3,0.0,0.0,0.0,17.7,41331.04,21,3.24,591.88,20.0,1715.0,11.43,10.4,12.4,20.83,0.7,1003.1
2025-08-20,27.1,12.4,20.2,92,35,61,16.8,7.8,34.2,317,1009.0,0.0,0.0,0.0,19.81,50257.44,16,4.31,766.67,35.0,2460.0,11.75,10.4,12.6,2.17,2.3,995.97
2025-08-21,22.9,13.9,18.7,76,41,56,11.8,8.4,25.9,60,1009.0,0.0,0.0,0.0,18.6,48654.54,75,3.88,695.21,100.0,1705.0,9.42,6.9,12.4,13.92,4.9,995.92
2025-08-22,20.2,14.1,17.2,69,38,52,18.6,13.9,42.5,310,1011.5,0.0,0.0,0.0,16.01,37934.56,69,3.97,1108.54,80.0,2215.0,6.87,5.3,9.1,15.88,4.7,998.25
2025-08-23,18.9,11.2,14.9,78,38,59,22.6,16.0,54.4,282,1013.4,4.3,4.3,0.0,16.53,36729.5,67,3.57,1051.67,330.0,2130.0,6.73,4.0,9.8,20.33,8.5,1000.06
2025-08-24,19.5,8.4,14.1,86,35,58,20.5,14.7,47.5,283,1018.0,0.0,0.0,0.0,18.85,49476.61,20,3.87,1072.92,225.0,2395.0,5.19,3.4,7.1,1.54,10.6,1004.5
2025-08-25,19.0,11.2,15.0,76,44,61,22.7,13.3,50.0,284,1017.4,0.0,0.0,0.0,15.66,41053.53,47,3.25,873.54,55.0,1920.0,7.25,6.3,8.5,17.46,4.2,1003.98
2025-08-26,22.4,7.9,15.3,89,37,64,13.1,5.2,30.2,273,1014.5,0.0,0.0,0.0,19.11,49108.65,19,3.41,626.46,10.0,1995.0,7.8,6.1,9.2,7.46,0.6,1001.15
2025-08-27,27.0,10.4,18.3,89,38,67,8.1,5.2,19.1,135,1012.6,0.0,0.0,0.0,19.66,43367.95,66,3.64,293.54,10.0,1475.0,11.33,8.4,14.9,0.0,0.4,999.44
2025-08-28,30.6,16.0,23.1,77,35,61,20.1,12.2,45.4,154,1007.1,0.0,0.0,0.0,19.09,47162.62,65,4.82,656.67,75.0,2230.0,14.42,11.8,17.0,0.04,7.4,994.2
2025-08-29,25.8,18.4,21.1,99,56,81,22.0,8.0,52.2,219,1004.3,1.8,1.8,0.0,14.86,39929.52,69,2.85,418.12,35.0,1575.0,17.47,15.4,19.2,12.96,1.9,991.32
2025-08-30,23.6,16.8,19.7,98,54,81,14.5,6.8,33.8,284,1007.3,5.5,5.5,0.0,13.27,28168.21,93,2.45,407.08,30.0,1150.0,16.04,13.6,17.1,25.42,1.8,994.27
2025-08-31,23.5,15.4,19.5,91,57,76,9.3,5.3,22.0,312,1012.9,0.1,0.1,0.0,16.18,43889.51,48,2.86,428.12,10.0,1295.0,14.8,13.9,16.2,5.21,0.0,999.74
2025-09-01,26.5,14.8,20.3,93,49,74,12.3,6.6,30.6,117,1010.9,0.0,0.0,0.0,16.41,42930.96,21,3.09,465.83,20.0,1625.0,15.26,13.6,17.9,11.58,1.6,997.84
2025-09-02,24.6,15.6,19.3,91,60,79,14.1,7.9,32.0,238,1009.5,1.5,1.5,0.0,14.18,37918.0,66,2.67,354.38,75.0,950.0,15.49,13.9,17.7,22.38,2.2,996.4
2025-09-03,24.1,13.4,18.8,98,48,76,9.8,5.2,19.8,159,1014.4,0.0,0.0,0.0,17.48,39600.0,54,3.26,470.0,35.0,1795.0,13.9,12.4,15.4,5.21,1.9,1001.17
2025-09-04,27.4,13.7,20.6,93,44,70,9.3,7.2,22.3,126,1015.1,0.0,0.0,0.0,19.1,45200.87,5,3.68,385.42,65.0,1430.0,14.18,12.4,15.9,0.0,3.1,1001.99
2025-09-05,24.8,15.1,20.0,86,55,71,16.2,10.9,36.7,281,1016.1,0.0,0.0,0.0,16.48,44503.67,49,3.43,564.38,60.0,1405.0,14.27,12.9,15.9,9.96,4.0,1002.98
2025-09-06,17.6,13.1,15.6,97,77,91,16.8,10.6,32.4,305,1023.3,24.0,24.0,0.0,5.58,12258.96,73,0.99,394.17,35.0,770.0,14.16,12.5,15.1,23.0,2.5,1009.86
2025-09-07,19.1,9.8,14.8,100,64,85,7.0,3.8,17.6,59,1023.2,0.9,0.9,0.0,14.26,38220.95,54,2.28,282.08,15.0,870.0,11.95,9.8,13.3,40.21,0.8,1009.73
2025-09-08,20.8,11.4,15.9,97,71,87,8.5,4.8,20.9,79,1018.3,0.3,0.3,0.0,10.95,28329.37,66,1.85,266.67,50.0,855.0,13.6,10.9,15.4,39.58,1.8,1004.95
2025-09-09,23.2,13.1,17.5,100,58,84,11.9,5.8,27.7,91,1015.1,0.0,0.0,0.0,14.74,33270.25,56,2.56,366.25,15.0,1310.0,14.42,13.1,16.1,40.21,0.7,1001.86
2025-09-10,23.9,14.8,18.8,96,59,81,16.1,10.1,30.2,125,1011.7,4.6,4.6,0.0,14.16,32400.0,84,2.74,467.08,120.0,1240.0,15.3,14.1,16.9,5.75,7.1,998.5
2025-09-11,22.8,15.6,18.6,97,48,76,18.7,12.5,36.7,228,1008.5,14.8,14.8,0.0,17.32,40591.66,49,3.16,703.12,140.0,1710.0,13.88,11.2,16.4,18.54,5.5,995.4
2025-09-12,21.9,12.9,16.8,92,49,76,16.8,7.9,36.7,230,1017.6,0.5,0.5,0.0,13.6,41638.74,35,2.5,426.25,30.0,1460.0,12.28,10.2,13.8,3.38,1.0,1004.28
2025-09-13,17.5,10.8,14.6,100,76,88,10.5,5.1,26.6,143,1021.0,0.6,0.6,0.0,10.66,34017.4,90,1.67,191.46,10.0,550.0,12.62,10.8,13.9,12.08,0.4,1007.56
2025-09-14,18.7,13.2,15.0,100,70,91,13.8,6.6,30.6,258,1014.9,1.4,1.4,0.0,6.54,9736.44,85,1.19,269.17,40.0,1070.0,13.43,11.5,14.7,40.5,1.2,1001.53
2025-09-15,21.9,10.2,16.3,93,63,80,16.7,11.8,33.5,196,1013.8,0.1,0.1,0.0,11.64,35589.33,62,2.29,450.0,90.0,940.0,12.66,8.9,16.0,14.04,4.9,1000.51
2025-09-16,19.1,14.4,16.9,84,48,65,22.0,15.4,52.9,256,1014.1,0.0,0.0,0.0,15.19,39679.5,62,3.18,963.75,305.0,1865.0,10.09,7.0,14.8,8.71,11.2,1000.88
2025-09-17,17.2,11.6,14.2,94,56,72,21.7,16.0,49.3,272,1018.9,4.3,4.3,0.0,14.26,42967.89,36,2.53,808.33,210.0,1380.0,9.19,6.8,11.0,16.04,10.1,1005.43
2025-09-18,19.2,10.6,15.2,87,69,78,14.1,9.0,34.2,229,1021.8,0.3,0.3,0.0,6.49,12941.37,74,1.39,160.0,140.0,180.0,11.38,7.5,15.1,42.5,4.9,1008.3
2025-09-19,23.8,15.7,18.9,89,56,77,12.6,8.6,30.6,264,1024.3,0.0,0.0,0.0,15.47,42693.01,22,2.72,,,,14.74,13.6,16.4,4.12,2.9,1011.03
2025-09-20,28.2,13.5,20.6,95,56,74,15.9,11.0,30.2,154,1019.4,0.0,0.0,0.0,16.03,42556.27,14,3.46,,,,15.51,12.4,19.5,0.0,5.3,1006.22
2025-09-21,27.0,16.9,21.5,84,51,69,17.7,11.2,38.9,172,1013.0,0.0,0.0,0.0,15.74,42420.16,10,3.4,,,,15.38,12.8,18.4,1.96,5.9,999.99
2025-09-22,19.5,11.7,14.6,94,71,82,15.9,13.1,33.8,341,1016.4,3.0,3.0,0.0,3.49,0.0,90,1.11,,,,11.42,8.5,16.6,83.29,7.6,1002.94
2025-09-23,15.3,10.6,12.6,93,51,73,11.4,7.9,23.4,7,1022.4,0.0,0.0,0.0,9.56,22650.38,100,1.73,,,,7.61,5.2,10.8,65.21,3.9,1008.82
2025-09-24,16.0,7.8,11.8,92,48,68,23.0,16.4,52.9,61,1025.5,0.0,0.0,0.0,14.71,39600.0,45,2.66,,,,5.79,3.7,7.5,10.08,9.1,1011.82
2025-09-25,14.6,7.6,10.9,69,49,60,21.8,18.0,47.9,83,1025.9,0.5,0.5,0.0,11.44,28800.0,75,2.6,,,,3.42,1.8,5.3,14.29,11.9,1012.17
2025-09-26,15.6,9.9,12.3,72,57,62,17.6,14.9,38.9,92,1027.0,0.1,0.1,0.0,11.65,35513.39,92,2.51,,,,5.18,2.8,7.7,12.92,13.1,1013.33
2025-09-27,17.0,8.6,12.6,75,62,68,15.3,10.5,30.6,91,1025.6,0.0,0.0,0.0,12.42,36121.3,50,2.24,,,,6.89,4.2,9.9,21.96,7.5,1011.93
2025-09-28,16.7,6.3,11.4,86,49,70,13.0,7.7,31.3,66,1023.7,0.0,0.0,0.0,14.5,39765.28,34,2.29,,,,5.97,4.2,7.3,13.0,2.8,1010.02
2025-09-29,13.5,7.1,9.9,94,56,78,12.1,8.6,28.8,63,1024.0,0.2,0.2,0.0,10.66,39833.38,36,1.56,,,,6.05,4.4,7.3,26.29,5.3,1010.26
2025-09-30,11.6,5.6,8.4,95,64,82,10.2,7.0,23.8,49,1026.8,0.2,0.2,0.0,7.15,20828.9,71,1.09,,,,5.42,4.3,6.3,57.46,4.1,1012.92
2025-10-01,12.4,6.8,9.1,97,59,85,13.5,11.0,30.2,38,1030.3,1.9,0.5,0.0,7.85,19555.69,79,1.2,,,,6.44,4.6,7.2,46.62,8.3,1016.48
2025-10-02,11.9,4.2,7.7,98,50,80,13.5,8.2,31.7,5,1029.9,0.0,0.0,0.0,12.33,39009.49,32,1.62,,,,4.05,1.1,6.4,31.46,3.7,1015.96
2025-10-03,11.8,1.2,6.0,100,47,79,9.4,3.0,17.3,112,1026.0,0.0,0.0,0.0,10.34,31828.55,28,1.37,,,,2.11,0.6,5.3,26.96,0.3,1012.0
2025-10-04,11.9,1.3,7.0,92,55,78,21.9,14.8,47.5,154,1010.2,6.2,5.6,0.0,9.29,25014.38,71,1.46,,,,3.13,-0.1,8.3,10.88,5.1,996.48
2025-10-05,14.2,8.2,10.7,87,55,75,25.6,15.3,52.6,245,1008.0,0.5,0.2,0.0,11.25,35716.28,39,1.87,,,,6.27,4.4,8.5,22.04,9.1,994.54
2025-10-06,12.8,8.2,10.4,94,75,87,22.2,15.7,51.1,270,1014.2,8.0,3.6,0.0,3.5,3600.0,89,0.78,,,,8.27,5.8,9.6,68.17,11.6,1000.58
2025-10-07,14.9,9.6,11.9,94,62,82,19.7,12.6,40.0,322,1021.5,0.7,0.3,0.0,8.06,29363.6,85,1.37,,,,8.69,7.6,10.4,71.08,1.8,1007.95
2025-10-08,13.1,6.8,10.3,100,86,96,9.8,5.5,18.0,150,1021.7,3.9,3.1,0.0,3.1,0.0,91,0.52,191.0,60.0,335.0,9.67,6.8,12.9,68.67,1.7,1008.05
2025-10-09,14.0,10.2,12.7,99,74,92,14.3,10.8,28.8,300,1020.6,4.3,0.7,0.0,3.21,7101.99,89,0.64,442.92,265.0,940.0,11.3,6.9,12.9,84.04,7.3,1007.08
2025-10-10,14.9,10.6,12.2,92,61,81,28.3,19.2,57.2,292,1024.5,2.0,1.0,0.0,5.5,9953.93,99,1.32,901.46,355.0,1665.0,8.87,6.9,10.7,87.88,10.7,1010.87
2025-10-11,14.6,12.6,13.4,87,73,82,24.3,18.6,55.1,292,1027.5,0.7,0.0,0.0,4.54,5205.31,96,1.19,932.92,845.0,1145.0,10.41,9.9,10.8,96.42,13.1,1013.85
2025-10-12,14.3,11.8,12.7,92,67,80,22.3,15.3,47.9,289,1025.6,1.2,0.7,0.0,5.03,4053.47,100,1.2,823.12,460.0,1095.0,9.21,8.1,10.6,99.71,11.0,1011.95
2025-10-13,13.5,5.5,9.9,98,57,84,14.3,7.5,29.2,326,1025.0,1.0,0.5,0.0,10.49,37690.73,68,1.43,410.0,20.0,1260.0,6.95,5.2,11.1,28.88,0.2,1011.21
2025-10-14,9.8,5.2,7.8,99,89,94,10.4,7.3,19.4,282,1023.1,4.7,4.3,0.0,1.45,0.0,100,0.34,235.62,85.0,525.0,6.88,4.2,9.4,61.08,4.2,1009.33
2025-10-15,11.6,7.2,9.3,99,70,88,6.5,5.2,16.2,299,1024.8,0.0,0.0,0.0,4.42,6808.01,96,0.7,274.58,70.0,735.0,7.25,6.2,8.8,82.54,3.9,1010.97
2025-10-16,12.4,7.8,10.4,91,79,84,14.1,9.0,29.9,250,1022.0,1.4,0.6,0.0,3.83,6726.85,88,0.69,339.17,85.0,745.0,7.84,6.3,10.0,79.92,5.6,1008.28
2025-10-17,13.1,8.6,10.6,95,65,84,15.9,12.3,36.7,268,1019.6,0.8,0.3,0.0,5.74,16826.06,81,0.99,583.96,225.0,1205.0,7.91,6.6,9.0,70.38,8.5,1005.95
2025-10-18,9.6,4.9,7.6,91,55,75,26.6,17.9,57.2,305,1023.4,1.2,0.0,0.0,7.56,29331.16,46,1.32,893.54,250.0,1370.0,3.24,1.0,6.8,40.0,9.2,1009.55
2025-10-19,10.4,0.4,5.1,98,57,81,12.8,7.2,24.8,136,1024.4,0.0,0.0,0.0,10.08,35703.77,5,1.23,304.17,35.0,990.0,1.82,0.0,4.1,3.62,0.6,1010.43
2025-10-20,13.1,0.9,6.4,93,57,75,17.3,14.1,37.4,129,1013.5,0.0,0.0,0.0,10.31,35635.33,10,1.52,342.29,140.0,880.0,2.1,-0.2,4.7,0.04,11.0,999.75
2025-10-21,15.2,5.9,9.9,81,61,71,16.1,13.7,33.5,150,1005.1,0.9,0.0,0.0,8.02,25127.62,86,1.58,333.54,170.0,640.0,4.83,1.6,8.6,2.75,11.4,991.58
2025-10-22,14.7,8.6,11.3,95,75,87,14.2,10.8,27.0,162,1003.5,2.9,2.9,0.0,4.04,11229.83,86,0.73,282.71,110.0,700.0,9.24,7.4,11.7,6.17,6.6,990.07
2025-10-23,17.4,8.7,12.7,97,70,87,15.1,11.2,32.0,158,995.6,3.0,2.7,0.0,5.27,19011.69,91,0.99,357.5,40.0,890.0,10.48,8.1,12.6,8.83,3.7,982.4
2025-10-24,12.4,7.2,10.2,94,56,76,24.6,16.5,56.2,264,998.0,5.7,5.7,0.0,4.96,14808.9,77,1.3,913.33,365.0,1355.0,6.01,1.7,10.1,21.17,8.8,984.66
2025-10-25,11.1,5.7,8.2,79,58,71,20.9,15.4,49.3,217,1002.5,0.1,0.1,0.0,8.12,33379.04,49,1.47,617.92,260.0,1055.0,3.28,1.8,5.6,6.58,10.7,988.94
2025-10-26,11.8,6.2,8.8,92,50,76,31.0,18.4,63.7,247,999.7,10.5,1.8,0.0,7.25,32400.0,71,1.43,1007.29,145.0,1910.0,4.63,-0.1,6.8,50.08,9.0,986.28
2025-10-27,8.9,5.3,7.5,92,58,72,28.3,18.1,60.1,239,998.2,5.1,1.5,0.0,3.86,8241.36,96,1.21,1075.42,540.0,1585.0,2.66,-0.4,5.5,59.12,12.5,984.65
2025-10-28,11.3,6.9,8.8,91,55,80,27.6,21.2,58.0,261,1004.1,9.8,1.6,0.0,5.65,18000.0,79,1.18,1078.75,620.0,1690.0,5.32,2.6,8.2,51.21,13.2,990.58
2025-10-29,14.2,7.0,10.3,84,56,76,19.6,13.0,40.0,233,1010.0,0.0,0.0,0.0,7.82,32437.24,44,1.31,607.08,50.0,1315.0,6.18,4.2,7.6,9.17,4.7,996.46
2025-10-30,14.2,7.4,10.0,92,58,75,30.2,17.6,68.4,236,1006.3,2.9,0.0,0.0,3.96,18509.9,59,1.27,773.33,95.0,1670.0,5.67,2.4,9.6,7.58,9.9,992.82
2025-10-31,12.3,3.8,8.0,87,57,74,18.9,8.7,38.9,228,1018.4,0.0,0.0,0.0,7.86,30161.74,68,1.18,291.04,85.0,850.0,3.38,1.8,5.1,0.0,2.4,1004.68
2025-11-01,16.2,3.3,9.2,91,69,83,12.0,8.3,22.7,141,1016.4,0.0,0.0,0.0,7.58,29214.33,79,1.05,154.17,45.0,475.0,6.42,2.0,10.5,0.42,5.0,1002.72
2025-11-02,11.8,10.5,11.2,98,90,94,9.2,4.8,16.6,256,1013.2,14.0,13.8,0.0,0.98,0.0,100,0.27,79.17,30.0,220.0,10.26,9.2,11.3,57.42,1.0,999.66
2025-11-03,10.3,5.4,9.1,98,81,93,19.6,11.3,37.4,282,1017.2,10.0,8.9,0.0,2.09,4768.11,71,0.36,355.83,110.0,725.0,7.89,3.5,9.9,43.33,6.5,1003.5
2025-11-04,13.6,4.2,7.8,94,64,82,7.7,6.0,17.6,198,1025.0,0.0,0.0,0.0,7.2,32400.0,32,0.91,166.25,50.0,695.0,4.77,2.3,7.4,1.29,4.0,1011.1
2025-11-05,14.3,3.6,7.6,96,65,86,12.4,9.0,23.4,137,1023.7,0.0,0.0,0.0,6.1,31324.79,66,0.84,140.0,55.0,325.0,5.31,3.0,8.1,0.67,5.5,1009.84
2025-11-06,13.6,3.1,7.6,92,65,79,14.1,10.6,26.3,124,1018.4,0.0,0.0,0.0,7.31,32400.0,4,1.06,162.08,60.0,315.0,4.18,2.0,7.5,0.04,8.1,1004.65
2025-11-07,13.4,3.6,7.9,90,62,79,14.6,11.3,32.0,133,1016.0,0.0,0.0,0.0,7.1,32321.58,8,1.04,282.92,75.0,825.0,4.35,2.2,6.6,0.0,9.1,1002.31
2025-11-08,12.1,3.5,7.1,96,68,86,10.4,8.2,20.5,117,1015.7,0.1,0.0,0.0,6.75,32215.7,11,0.79,119.79,70.0,275.0,4.82,2.6,6.8,1.08,5.7,1001.91
2025-11-09,7.8,3.2,5.9,100,88,96,7.4,5.5,18.4,260,1016.3,0.1,0.1,0.0,2.59,0.0,87,0.34,144.79,35.0,295.0,5.3,3.2,6.5,86.04,1.9,1002.48
2025-11-10,8.2,6.4,7.2,99,93,97,6.9,4.1,14.0,281,1015.8,1.7,1.7,0.0,1.03,0.0,99,0.23,139.58,25.0,320.0,6.78,6.2,7.7,93.33,1.0,1002.06
2025-11-11,10.4,5.2,7.7,100,79,93,14.3,8.3,27.0,236,1016.2,0.9,0.1,0.0,3.38,15168.2,74,0.47,257.71,35.0,605.0,6.6,4.9,7.8,48.46,3.1,1002.45
2025-11-12,11.6,3.4,6.7,99,75,90,12.6,7.7,24.8,170,1019.2,0.0,0.0,0.0,5.4,29392.47,65,0.62,146.46,25.0,505.0,5.14,3.2,7.7,16.92,2.1,1005.41
2025-11-13,14.4,5.2,9.0,87,57,71,14.4,9.6,25.6,193,1015.2,0.0,0.0,0.0,5.77,30837.24,97,1.15,200.21,65.0,345.0,3.79,2.6,5.9,0.08,5.9,1001.5
2025-11-14,13.7,5.7,9.1,83,59,71,12.2,8.1,22.3,181,1012.3,0.0,0.0,0.0,4.49,11664.2,89,0.95,150.62,45.0,355.0,4.02,2.5,6.2,0.04,3.7,998.66
2025-11-15,7.5,4.9,6.1,96,71,88,14.9,11.3,31.3,75,1015.2,3.0,3.0,0.0,1.32,0.0,100,0.32,364.38,65.0,580.0,4.31,2.6,5.9,69.54,5.3,1001.38
2025-11-16,10.1,5.0,7.3,98,82,91,12.9,10.0,24.5,182,1008.2,7.4,1.1,0.0,3.77,21106.92,87,0.46,271.46,140.0,390.0,6.0,4.6,7.9,37.75,6.0,994.53
2025-11-17,9.6,3.3,5.4,96,83,92,18.2,12.1,36.0,303,1005.2,3.5,3.5,0.0,0.78,0.0,100,0.21,490.0,225.0,875.0,4.13,2.0,7.0,95.17,8.0,991.5
2025-11-18,6.4,0.6,3.2,95,57,81,19.6,13.7,43.2,260,1016.4,0.3,0.0,0.0,4.98,26230.33,54,0.67,653.96,245.0,1310.0,0.07,-1.4,1.7,37.79,10.2,1002.43
2025-11-19,5.1,-0.6,1.8,88,55,75,14.8,10.5,28.8,183,1012.0,0.0,0.0,0.0,5.77,28554.32,46,0.71,384.58,65.0,855.0,-2.35,-3.2,-0.9,5.0,7.2,998.0
2025-11-20,5.2,0.8,3.0,91,68,78,17.9,13.4,36.4,203,1007.0,0.2,0.2,0.0,3.37,13639.35,89,0.63,613.75,330.0,820.0,-0.58,-2.7,0.2,29.5,10.8,993.2
2025-11-21,2.1,-2.0,0.4,92,60,78,13.0,10.7,29.5,309,1019.7,0.0,0.0,0.0,4.2,16519.93,99,0.52,582.71,240.0,850.0,-3.21,-5.0,-0.2,40.08,7.1,1005.58
2025-11-22,1.3,-4.4,-2.0,94,65,85,11.8,8.2,26.3,312,1026.9,0.0,0.0,0.0,5.19,26821.18,48,0.4,262.5,45.0,695.0,-4.18,-5.7,-3.2,12.29,3.1,1012.57
2025-11-23,-0.8,-5.3,-3.6,95,70,88,14.3,5.0,26.6,130,1019.5,0.0,0.0,0.0,3.83,18847.19,69,0.29,159.58,50.0,420.0,-5.45,-6.4,-4.7,15.67,0.9,1005.1
2025-11-24,2.0,-4.2,-1.0,94,74,84,15.8,10.8,30.2,145,1004.2,2.1,0.0,1.47,1.47,0.0,92,0.3,241.46,75.0,365.0,-3.45,-6.5,-1.0,45.75,4.8,990.21
2025-11-25,1.9,-0.3,0.7,100,85,95,11.5,7.0,23.0,49,1004.3,4.8,2.5,1.54,1.54,0.0,99,0.18,146.46,30.0,345.0,-0.05,-2.0,1.5,67.29,2.2,990.37
2025-11-26,0.9,-0.1,0.4,98,94,96,19.5,15.0,37.1,319,1010.6,11.8,0.4,7.98,1.14,0.0,100,0.15,539.58,370.0,675.0,-0.26,-0.9,0.3,99.62,11.4,996.56
2025-11-27,1.8,-4.3,0.1,96,89,93,21.6,13.3,41.0,278,1021.6,2.4,1.0,0.98,3.01,9430.93,81,0.25,418.75,20.0,770.0,-0.89,-5.1,0.8,64.54,1.5,1007.43
2025-11-28,-0.3,-6.2,-3.8,96,86,91,11.1,7.7,21.2,139,1021.5,0.0,0.0,0.0,4.98,28026.55,35,0.3,113.54,45.0,205.0,-5.01,-7.0,-2.5,12.83,5.5,1007.14
2025-11-29,0.6,-5.6,-2.5,98,89,95,9.0,6.2,18.7,126,1016.4,0.3,0.3,0.0,2.28,0.0,93,0.19,101.25,55.0,170.0,-3.12,-6.1,0.1,87.08,2.8,1002.14
2025-11-30,1.1,-1.5,-0.6,100,94,97,14.0,10.6,26.3,131,1015.2,0.0,0.0,0.0,2.56,1228.15,95,0.18,188.33,120.0,235.0,-0.95,-1.7,0.3,93.92,6.0,1001.11
2025-12-01,2.6,-2.1,0.6,100,96,98,9.4,5.3,16.9,212,1019.7,0.2,0.2,0.0,1.12,0.0,100,0.16,76.46,25.0,125.0,0.4,-2.2,2.0,99.54,0.9,1005.6
2025-12-02,3.2,-0.9,1.1,100,91,96,14.1,11.0,28.4,145,1019.2,0.0,0.0,0.0,2.64,7200.0,92,0.2,223.54,95.0,405.0,0.53,-1.0,2.0,91.58,6.8,1005.1
2025-12-03,4.2,0.5,2.0,95,85,92,12.3,10.4,23.0,157,1017.8,0.0,0.0,0.0,3.2,18474.04,77,0.28,205.21,95.0,440.0,0.83,-0.4,2.0,57.92,7.5,1003.74
2025-12-04,4.7,0.4,2.4,98,91,96,13.0,11.2,22.7,135,1014.5,0.0,0.0,0.0,1.65,763.57,91,0.18,162.08,85.0,305.0,1.78,0.2,3.8,76.25,9.3,1000.57
2025-12-05,5.6,0.6,3.7,100,95,97,12.4,9.2,21.6,113,1012.2,5.4,5.2,0.0,1.12,0.0,100,0.18,165.62,50.0,245.0,3.26,0.2,4.8,88.88,4.1,998.34
2025-12-06,6.2,2.1,4.2,99,92,96,12.6,7.7,23.8,155,1014.2,0.0,0.0,0.0,2.34,6559.46,100,0.22,153.96,15.0,275.0,3.5,1.9,5.1,76.67,0.4,1000.29
2025-12-07,9.3,1.9,4.6,96,79,90,9.9,6.8,15.8,189,1013.7,0.0,0.0,0.0,3.93,25476.12,42,0.38,110.0,40.0,240.0,3.04,0.5,5.8,10.62,4.7,999.84
2025-12-08,12.1,2.5,6.9,97,80,92,14.3,11.2,25.9,189,1015.7,0.9,0.9,0.0,2.01,11370.95,93,0.33,206.88,55.0,450.0,5.7,2.0,8.7,33.29,7.8,1001.97
2025-12-09,13.6,9.4,11.1,95,83,91,15.5,10.7,27.7,230,1016.8,1.9,0.4,0.0,1.9,169.81,100,0.35,292.71,80.0,715.0,9.67,8.6,10.7,35.75,6.3,1003.2
2025-12-10,12.9,7.4,9.7,95,75,88,11.3,8.5,22.0,233,1018.0,0.4,0.3,0.0,3.93,25992.04,68,0.49,212.71,45.0,700.0,7.72,6.8,8.9,32.83,5.0,1004.36
2025-12-11,10.8,7.2,9.3,97,75,88,14.3,11.4,29.2,270,1022.4,2.9,2.7,0.0,3.52,18102.89,84,0.52,495.62,225.0,895.0,7.32,3.6,8.8,20.5,8.5,1008.69
2025-12-12,8.1,0.5,4.9,100,78,90,13.6,7.0,27.4,285,1024.5,0.0,0.0,0.0,4.15,26978.17,34,0.39,215.62,10.0,470.0,3.25,0.5,4.8,12.42,0.2,1010.54
2025-12-13,5.7,-0.4,2.1,100,85,95,14.2,5.9,28.1,250,1027.6,0.0,0.0,0.0,2.21,8402.18,98,0.23,186.67,25.0,430.0,1.3,-0.5,4.2,98.5,2.0,1013.37
2025-12-14,7.1,0.6,4.5,96,71,88,13.4,9.8,28.4,255,1027.2,0.1,0.1,0.0,2.35,8639.69,96,0.36,430.0,100.0,780.0,2.65,0.1,4.2,75.17,5.8,1013.2
2025-12-15,5.8,-1.2,1.7,96,76,91,8.2,5.6,16.2,174,1022.8,0.0,0.0,0.0,3.74,26987.33,35,0.33,127.71,45.0,355.0,0.3,-2.3,2.0,32.38,4.2,1008.67
2025-12-16,2.5,-2.5,-0.8,95,78,90,7.5,5.0,15.5,145,1020.9,0.0,0.0,0.0,2.58,11788.88,77,0.23,89.17,25.0,280.0,-2.28,-3.5,-0.9,3.58,2.3,1006.68
2025-12-17,4.2,-1.5,0.6,94,75,88,10.4,6.5,19.1,233,1019.7,0.0,0.0,0.0,2.61,13597.32,61,0.28,154.17,10.0,405.0,-1.21,-2.8,0.5,9.12,0.4,1005.52
2025-12-18,4.8,-1.8,0.7,98,87,93,9.7,6.0,15.5,157,1025.0,0.0,0.0,0.0,3.79,26975.5,2,0.28,60.21,40.0,115.0,-0.35,-2.5,2.9,2.08,4.4,1010.78
2025-12-19,5.5,-0.1,1.6,98,90,95,10.7,7.6,18.7,162,1023.5,0.0,0.0,0.0,3.61,26967.04,21,0.27,80.21,35.0,170.0,0.91,-0.5,4.1,20.96,4.2,1009.36
2025-12-20,3.5,-0.9,1.4,100,95,97,7.0,4.5,12.6,150,1021.4,0.0,0.0,0.0,1.92,5510.63,75,0.2,47.71,25.0,75.0,1.01,-1.2,3.3,61.46,1.6,1007.31
2025-12-21,5.6,2.2,4.1,99,94,97,12.6,8.8,24.1,97,1020.3,0.0,0.0,0.0,1.59,530.59,99,0.18,170.21,45.0,265.0,3.69,2.1,5.0,97.54,4.8,1006.35
2025-12-22,5.7,3.8,4.8,97,80,92,15.7,12.3,34.6,105,1019.9,0.0,0.0,0.0,1.55,221.69,100,0.26,454.58,270.0,640.0,3.59,2.3,4.8,99.88,10.4,1006.02
2025-12-23,3.8,1.1,2.0,90,69,82,15.7,12.1,34.6,67,1023.0,0.0,0.0,0.0,0.78,0.0,97,0.33,578.54,310.0,1085.0,-0.81,-3.4,2.2,95.83,7.7,1008.92
2025-12-24,0.9,-5.3,-2.2,89,66,78,18.9,16.3,40.3,59,1032.8,0.9,0.0,0.56,2.73,11415.1,93,0.45,641.46,480.0,790.0,-5.65,-9.9,-0.9,92.71,13.0,1018.33
2025-12-25,-3.8,-8.1,-5.5,79,70,74,15.0,9.5,32.4,81,1037.8,0.0,0.0,0.0,1.85,2647.97,83,0.31,390.42,185.0,540.0,-9.31,-12.2,-7.3,82.62,4.9,1023.11
2025-12-26,-1.1,-5.1,-3.0,88,63,77,7.3,5.1,18.4,293,1034.1,0.0,0.0,0.0,3.7,22869.88,81,0.31,229.58,55.0,370.0,-6.53,-7.8,-3.7,78.88,2.1,1019.57
2025-12-27,0.7,-1.8,-0.9,95,84,88,23.5,14.1,50.0,286,1028.7,0.2,0.2,0.0,1.18,0.0,100,0.21,417.71,255.0,785.0,-2.74,-4.0,0.0,100.0,7.0,1014.33
2025-12-28,2.0,-1.6,0.1,96,72,86,19.8,17.7,40.0,299,1025.7,0.0,0.0,0.0,3.95,25079.32,21,0.41,684.58,505.0,1055.0,-2.05,-3.1,1.0,20.88,14.3,1011.47
2025-12-29,1.5,-2.3,-0.0,99,77,92,22.9,17.1,48.6,283,1017.3,0.9,0.5,0.14,0.96,0.0,80,0.21,687.5,375.0,940.0,-1.22,-4.9,1.0,79.33,12.4,1003.2
2025-12-30,0.8,-2.5,-1.1,97,52,71,25.3,19.9,55.1,303,1017.0,0.1,0.0,0.07,3.68,27844.08,30,0.76,1001.25,450.0,1540.0,-5.84,-8.9,0.3,6.04,13.8,1002.79
2025-12-31,0.7,-3.7,-1.8,96,61,80,20.1,15.4,40.7,283,1015.2,3.1,0.1,2.1,3.24,19472.11,60,0.48,629.38,390.0,895.0,-4.99,-8.4,0.0,40.83,10.5,1000.98
2026-01-01,1.9,-0.9,1.0,97,76,87,20.9,16.0,41.4,242,1003.9,1.1,0.6,0.28,2.38,7200.0,98,0.37,831.88,70.0,1265.0,-0.93,-2.9,0.7,86.21,5.6,989.99
2026-01-02,3.2,-0.7,1.5,80,61,72,21.6,19.6,44.3,241,993.8,0.6,0.0,0.42,3.35,23712.58,78,0.84,1180.0,615.0,1495.0,-3.14,-5.3,-1.8,40.04,15.0,980.1
2026-01-03,1.9,-1.4,-0.3,79,56,68,26.1,19.1,55.8,248,998.7,1.1,0.0,0.77,3.33,23353.91,63,0.83,1089.38,810.0,1575.0,-5.42,-7.1,-3.2,14.04,11.2,984.79
2026-01-04,0.6,-2.7,-1.3,80,65,71,24.4,15.7,50.4,242,1006.8,0.5,0.0,0.35,3.85,24726.73,56,0.68,859.79,245.0,1370.0,-5.83,-7.9,-4.1,26.75,10.3,992.71
2026-01-05,0.5,-6.2,-3.7,81,59,75,11.9,5.6,22.0,197,1014.7,0.0,0.0,0.0,4.58,28290.18,20,0.35,175.42,15.0,685.0,-7.58,-9.6,-5.4,2.0,0.7,1000.44
2026-01-06,-0.8,-8.6,-4.6,85,52,72,6.6,4.8,14.4,299,1016.0,0.0,0.0,0.0,4.0,21633.52,82,0.34,173.12,55.0,680.0,-9.02,-11.1,-7.4,46.58,2.2,1001.68
2026-01-07,-2.2,-6.0,-3.6,89,65,79,9.8,4.4,19.4,105,1017.2,0.0,0.0,0.0,1.63,0.0,97,0.21,328.96,40.0,730.0,-6.79,-8.2,-5.6,96.96,0.6,1002.91
2026-01-08,-3.7,-9.4,-7.2,91,68,84,8.1,4.8,16.2,102,1013.1,0.0,0.0,0.0,4.2,28599.76,21,0.25,141.25,35.0,355.0,-9.46,-10.8,-8.4,21.21,1.1,998.63
2026-01-09,-5.2,-11.1,-7.8,95,72,84,12.1,9.6,25.9,96,1006.6,0.0,0.0,0.0,2.43,1389.4,92,0.23,219.58,75.0,280.0,-10.11,-12.3,-8.6,45.04,6.8,992.22
2026-01-10,-6.2,-10.6,-8.1,88,57,76,18.3,10.4,38.5,341,1008.4,0.0,0.0,0.0,3.68,19510.02,80,0.33,326.88,215.0,410.0,-11.58,-13.4,-8.6,34.33,2.6,993.93
2026-01-11,-3.8,-6.7,-4.5,89,73,80,25.0,22.2,50.4,293,1016.9,0.1,0.0,0.07,2.66,10450.46,92,0.45,759.38,455.0,970.0,-7.44,-8.7,-6.0,70.17,18.4,1002.5
2026-01-12,-3.0,-10.3,-6.1,86,50,72,19.2,10.4,38.5,260,1019.4,0.0,0.0,0.0,4.2,18943.47,64,0.45,246.25,100.0,560.0,-10.53,-13.2,-7.4,5.12,0.5,1004.92
2026-01-13,0.9,-2.7,-1.1,97,74,91,12.8,6.9,25.9,143,1015.6,4.8,0.0,3.36,2.44,1522.0,100,0.26,130.42,20.0,275.0,-2.43,-6.4,-0.4,86.92,0.4,1001.44
2026-01-14,4.3,-0.6,2.3,98,85,93,15.3,11.9,28.1,184,1015.7,0.5,0.5,0.0,2.02,0.0,100,0.29,212.92,110.0,330.0,1.15,-0.9,3.0,57.62,6.6,1001.66
2026-01-15,3.5,-0.1,1.7,100,90,97,13.4,8.5,24.5,135,1019.2,0.3,0.1,0.0,2.33,3316.01,83,0.23,112.71,20.0,200.0,1.29,-0.4,2.2,57.5,1.9,1005.14
2026-01-16,3.5,-0.4,0.9,100,90,97,14.7,12.1,28.1,125,1022.1,0.0,0.0,0.0,3.66,14728.43,81,0.27,176.67,105.0,250.0,0.39,-0.8,2.2,57.92,9.3,1007.9
2026-01-17,4.2,-0.4,1.2,100,79,94,14.0,12.2,27.7,117,1028.2,0.0,0.0,0.0,4.13,22706.98,51,0.36,206.46,105.0,370.0,0.23,-1.2,2.0,50.54,9.3,1013.96
2026-01-18,3.2,-2.5,-0.6,96,63,84,13.8,12.6,28.8,120,1032.0,0.0,0.0,0.0,5.29,28720.12,13,0.52,209.58,145.0,340.0,-3.1,-5.8,-1.6,13.08,11.2,1017.6
2026-01-19,4.2,-4.5,-1.1,77,40,63,15.8,11.5,29.5,135,1031.0,0.0,0.0,0.0,5.67,28800.0,0,0.86,206.46,90.0,515.0,-7.6,-9.3,-6.3,0.0,6.9,1016.65
2026-01-20,2.8,-3.5,-0.7,75,51,62,16.7,12.8,32.4,156,1026.6,0.0,0.0,0.0,5.77,28800.0,2,0.94,366.67,85.0,655.0,-7.25,-8.7,-4.8,1.83,7.2,1012.33
2026-01-21,4.0,-4.1,-0.4,71,40,56,15.7,11.7,34.9,180,1014.2,0.0,0.0,0.0,5.96,28800.0,0,1.03,365.62,120.0,725.0,-8.25,-9.9,-6.4,0.42,6.4,1000.05
2026-01-22,3.5,-5.2,-1.3,71,39,57,10.7,7.9,21.6,120,1004.5,0.0,0.0,0.0,5.89,28800.0,2,0.81,158.75,60.0,470.0,-9.05,-10.5,-7.8,1.38,5.0,990.49
2026-01-23,-0.9,-4.0,-2.5,79,57,67,12.3,9.8,28.1,88,1006.2,0.0,0.0,0.0,2.07,567.38,97,0.5,296.04,125.0,455.0,-7.88,-11.0,-5.9,93.67,6.1,992.12
2026-01-24,-0.6,-2.9,-1.8,90,80,84,10.6,9.2,23.0,84,1008.5,0.2,0.0,0.14,1.12,0.0,100,0.25,345.62,305.0,370.0,-4.22,-5.6,-3.1,100.0,7.6,994.37
2026-01-25,2.0,-2.0,-0.0,96,82,88,16.2,11.1,30.2,94,1005.9,1.8,0.4,0.98,1.59,0.0,100,0.25,312.29,250.0,355.0,-1.75,-4.3,0.9,91.92,8.9,991.91
2026-01-26,7.1,0.9,3.0,98,61,88,18.2,12.2,38.9,155,998.6,2.2,1.6,0.0,5.04,21689.25,75,0.58,335.83,50.0,995.0,0.93,-0.9,2.8,50.67,6.5,984.87
2026-01-27,1.6,-0.5,0.4,98,79,90,8.8,4.6,18.4,231,1003.1,0.7,0.2,0.35,1.69,767.32,99,0.25,140.42,10.0,420.0,-1.03,-2.0,0.5,87.46,0.4,989.17
2026-01-28,1.8,-0.9,0.3,97,78,88,14.4,9.5,28.8,62,1000.6,0.0,0.0,0.0,2.07,0.0,100,0.32,357.29,70.0,625.0,-1.5,-3.1,-0.2,98.88,4.6,986.71
2026-01-29,0.9,-2.2,-0.8,90,77,84,14.5,12.3,30.6,69,1003.2,0.0,0.0,0.0,1.68,0.0,100,0.34,524.58,430.0,675.0,-3.15,-4.1,-2.4,100.0,7.4,989.22
2026-01-30,0.9,-2.2,-0.7,86,72,81,17.3,14.5,38.2,81,1006.4,0.0,0.0,0.0,2.08,0.0,100,0.45,543.33,435.0,710.0,-3.63,-4.8,-3.2,100.0,12.2,992.4
2026-01-31,-2.3,-7.2,-4.8,80,55,68,18.1,15.6,39.6,79,1012.5,0.0,0.0,0.0,2.98,9348.17,95,0.61,538.12,465.0,620.0,-9.88,-12.8,-5.2,90.83,12.1,998.2
2026-02-01,-4.8,-9.1,-7.5,67,50,59,16.6,14.2,37.4,96,1018.1,0.0,0.0,0.0,5.55,20465.61,85,0.72,594.79,440.0,830.0,-14.19,-15.6,-13.1,84.5,10.3,1003.6
2026-02-02,-5.8,-8.4,-7.1,65,46,57,17.3,13.4,36.7,95,1015.3,0.0,0.0,0.0,2.28,0.0,99,0.66,477.29,420.0,525.0,-14.25,-16.4,-13.4,94.58,11.1,1000.87
2026-02-03,-3.7,-8.7,-6.4,75,48,61,16.3,14.9,36.0,94,1014.3,0.8,0.0,0.56,4.3,12177.92,91,0.71,436.04,375.0,490.0,-12.7,-16.6,-7.6,88.83,13.1,999.84
2026-02-04,1.1,-4.3,-1.6,91,72,82,15.9,10.5,29.9,87,1008.6,1.1,0.5,0.42,3.92,4538.13,100,0.46,300.21,165.0,445.0,-4.43,-7.1,-2.2,100.0,8.0,994.53
2026-02-05,2.8,-1.8,0.0,97,80,92,15.3,11.9,30.6,100,1000.0,2.9,2.9,0.0,3.7,4503.67,95,0.38,302.08,145.0,405.0,-1.22,-2.5,0.3,81.04,7.7,986.08
2026-02-06,4.3,-0.8,1.5,99,87,96,12.0,8.7,22.0,97,996.3,0.0,0.0,0.0,3.76,9628.27,96,0.36,149.79,75.0,265.0,0.94,-1.0,2.5,79.21,6.4,982.58
2026-02-07,2.2,0.6,1.1,100,95,99,5.3,3.4,11.2,356,1004.7,1.7,1.7,0.0,1.4,0.0,100,0.22,52.71,20.0,90.0,0.95,0.4,1.8,100.0,0.8,990.77
2026-02-08,1.1,0.2,0.6,100,88,95,9.9,5.3,18.0,30,1011.1,0.8,0.6,0.14,1.32,0.0,100,0.23,179.79,45.0,320.0,-0.1,-0.8,0.7,100.0,3.2,997.1
2026-02-09,1.2,-2.2,-0.2,94,69,80,16.6,12.3,36.0,109,1013.8,0.0,0.0,0.0,4.39,7706.31,94,0.56,475.42,285.0,710.0,-3.39,-4.4,-0.9,94.08,9.6,999.75
2026-02-10,4.6,-1.8,1.0,97,82,90,14.4,10.6,26.3,141,1004.4,0.6,0.4,0.14,2.79,2089.46,90,0.35,212.71,140.0,365.0,-0.37,-4.2,2.0,81.04,8.3,990.55
2026-02-11,6.8,0.5,3.0,95,71,86,20.2,12.9,40.3,165,990.8,1.9,1.1,0.0,5.48,21717.12,93,0.67,344.58,40.0,585.0,0.84,-0.4,2.2,39.62,5.1,977.16
2026-02-12,11.8,3.0,6.4,97,65,88,16.1,10.0,32.0,190,983.2,2.6,2.1,0.0,5.94,17427.68,86,0.83,293.96,40.0,975.0,4.45,2.2,7.2,44.67,5.4,969.85
2026-02-13,8.9,1.2,5.5,96,71,87,24.0,15.6,50.0,272,989.3,0.1,0.0,0.0,4.99,17126.93,85,0.7,685.21,265.0,1150.0,3.35,0.7,4.9,71.08,6.9,975.88
2026-02-14,2.0,-0.7,0.7,97,76,87,10.6,8.3,24.5,343,1004.7,0.0,0.0,0.0,2.01,0.0,100,0.37,440.42,235.0,635.0,-1.28,-3.0,0.4,99.67,4.8,990.75
2026-02-15,-0.9,-3.7,-2.1,86,53,67,15.7,10.7,34.6,347,1016.6,0.5,0.0,0.35,5.15,11677.18,98,0.69,920.21,450.0,1285.0,-7.55,-11.6,-3.0,97.46,3.3,1002.41
2026-02-16,-2.5,-5.4,-4.0,90,57,73,20.6,14.4,46.1,121,1003.9,2.7,0.1,1.82,3.16,0.0,100,0.58,573.33,165.0,920.0,-8.3,-10.9,-4.1,93.38,6.3,989.71
2026-02-17,0.2,-4.0,-1.3,96,87,92,8.8,4.0,19.8,83,1003.1,1.5,0.0,1.05,3.42,3254.72,100,0.34,156.04,25.0,500.0,-2.5,-4.5,-1.3,94.46,0.3,989.12
2026-02-18,0.6,-2.9,-0.5,98,83,92,14.8,7.8,27.4,313,1011.6,2.6,0.1,1.47,4.72,4042.67,98,0.42,317.71,60.0,580.0,-1.71,-4.6,0.2,92.62,1.9,997.5
2026-02-19,-0.8,-8.8,-4.6,95,63,80,11.6,6.3,20.9,74,1014.4,0.0,0.0,0.0,9.94,35813.45,60,0.74,219.38,20.0,640.0,-7.67,-9.6,-4.8,14.96,0.7,1000.1
2026-02-20,-1.0,-10.3,-5.3,84,63,76,13.6,8.1,24.5,86,1025.1,0.0,0.0,0.0,9.42,34174.09,82,0.73,300.83,65.0,900.0,-9.0,-12.6,-6.4,4.96,2.9,1010.56
2026-02-21,5.8,-6.5,-0.4,95,74,84,17.1,11.8,32.8,208,1020.0,1.4,1.3,0.07,3.19,2383.73,80,0.49,291.88,65.0,695.0,-2.75,-9.2,2.8,40.42,7.2,1005.75
2026-02-22,8.1,1.6,4.7,96,89,94,18.2,12.4,33.1,234,1016.1,7.4,6.6,0.0,1.92,0.0,88,0.32,258.33,140.0,710.0,3.7,0.8,7.3,67.62,7.5,1002.24
2026-02-23,11.6,5.3,8.3,98,54,83,22.0,16.6,49.3,272,1010.9,2.1,0.4,0.0,8.65,33268.11,72,1.23,759.79,295.0,1310.0,5.41,1.9,8.2,42.88,10.7,997.25
2026-02-24,7.8,2.8,5.3,97,69,87,20.7,14.6,42.1,299,1016.3,1.8,0.1,0.28,6.71,29067.26,86,0.81,591.88,60.0,1015.0,3.18,2.2,4.2,68.46,3.2,1002.47
2026-02-25,6.3,0.2,3.9,96,73,86,11.9,8.2,29.5,354,1025.5,0.0,0.0,0.0,4.96,7471.8,81,0.66,310.62,30.0,855.0,1.69,-1.4,3.2,79.92,2.5,1011.42
2026-02-26,12.6,-1.1,4.0,93,57,80,13.4,10.5,28.1,141,1026.1,0.0,0.0,0.0,10.82,36000.0,36,1.3,226.46,55.0,665.0,0.74,-2.3,4.6,3.42,6.7,1012.06
2026-02-27,16.0,0.9,6.9,92,60,81,9.0,6.3,17.3,155,1022.3,0.0,0.0,0.0,10.3,36041.26,50,1.37,102.29,25.0,400.0,3.66,-0.7,8.8,0.0,3.9,1008.47
2026-02-28,17.0,3.7,9.3,88,47,71,13.3,9.9,26.3,169,1020.7,0.0,0.0,0.0,11.74,36000.0,5,1.93,231.67,45.0,640.0,4.0,1.6,6.0,0.0,6.0,1006.97
2026-03-01,11.6,5.1,7.9,93,48,75,14.3,9.8,34.2,267,1024.7,1.1,1.1,0.0,9.13,25025.09,63,1.43,372.71,45.0,1020.0,3.34,0.9,5.4,8.08,5.0,1010.83
2026-03-02,12.1,-0.9,4.8,96,41,77,7.2,4.7,17.3,171,1027.1,0.0,0.0,0.0,12.05,36254.69,9,1.49,143.12,15.0,610.0,0.52,-1.6,2.5,0.12,0.9,1013.07
2026-03-03,12.9,-1.0,4.7,93,41,74,7.2,4.9,15.5,144,1027.6,0.0,0.0,0.0,12.23,36575.4,2,1.52,96.46,35.0,325.0,-0.12,-2.1,4.2,0.0,3.0,1013.55
2026-03-04,11.9,-0.6,4.6,88,58,72,10.7,7.0,20.9,309,1027.4,0.0,0.0,0.0,12.21,36923.0,3,1.58,177.5,40.0,645.0,-0.26,-2.6,4.0,0.29,5.2,1013.32
2026-03-05,10.6,-2.2,3.2,91,45,71,8.0,3.9,16.6,339,1028.0,0.0,0.0,0.0,12.85,37213.19,14,1.49,147.71,20.0,600.0,-1.91,-3.5,2.4,0.0,1.7,1013.92
2026-03-06,13.2,-1.8,4.3,90,34,68,11.0,8.4,25.9,111,1026.8,0.0,0.0,0.0,13.36,37799.08,17,1.85,168.96,35.0,530.0,-1.93,-3.7,0.5,0.0,5.6,1012.72
2026-03-07,15.5,-0.6,6.2,83,35,61,10.7,7.9,21.2,106,1027.4,0.0,0.0,0.0,13.39,38419.81,6,2.03,137.08,55.0,530.0,-1.34,-3.6,3.8,0.0,4.7,1013.46
2026-03-08,13.9,-0.2,6.0,81,36,59,14.8,10.2,27.7,104,1029.5,0.0,0.0,0.0,12.99,37923.9,67,2.12,216.46,70.0,600.0,-1.98,-3.8,1.0,0.0,7.3,1015.47
2026-03-09,16.8,-0.1,7.7,89,27,60,14.9,12.0,34.6,133,1026.0,0.0,0.0,0.0,13.77,39283.61,11,2.5,406.67,105.0,1555.0,-0.49,-2.2,2.4,0.0,7.7,1012.12
2026-03-10,16.2,4.9,9.9,72,42,59,13.3,10.5,29.5,174,1019.6,0.0,0.0,0.0,12.39,37309.07,56,2.32,401.25,95.0,1525.0,2.08,-0.4,4.9,2.04,6.3,1005.93
2026-03-11,18.1,3.4,10.7,86,36,63,12.8,7.9,27.0,192,1017.8,0.0,0.0,0.0,13.17,39772.42,6,2.37,497.29,20.0,1990.0,3.34,1.3,5.9,0.62,2.3,1004.13
2026-03-12,12.6,5.8,8.6,96,56,79,9.9,7.1,21.6,243,1020.5,1.3,1.3,0.0,5.57,10950.15,66,0.92,270.0,30.0,1155.0,5.0,3.4,8.1,34.96,3.1,1006.8
2026-03-13,17.2,3.5,9.9,96,39,71,22.6,13.0,50.4,170,1015.2,0.0,0.0,0.0,13.92,40512.22,22,2.47,563.96,50.0,1630.0,4.12,2.8,6.1,1.12,4.8,1001.6
2026-03-14,18.2,6.8,12.4,82,30,57,23.7,15.9,54.7,149,1003.2,0.0,0.0,0.0,14.19,37362.09,57,3.25,854.79,190.0,2360.0,3.28,0.6,4.6,0.33,11.7,989.8
2026-03-15,11.4,4.7,7.9,99,56,79,12.1,9.4,28.1,299,1011.6,0.0,0.0,0.0,6.66,2331.12,100,1.11,407.08,75.0,785.0,4.29,3.0,5.9,66.04,5.1,997.92
2026-03-16,11.5,3.7,6.5,98,36,81,18.5,8.8,40.3,237,1015.0,1.9,1.7,0.0,6.35,11664.36,83,1.13,544.58,50.0,2030.0,2.95,-2.9,5.8,57.29,1.5,1001.23
2026-03-17,9.1,2.5,5.4,99,49,77,14.6,9.8,27.4,335,1023.6,1.3,0.7,0.0,11.79,39142.38,60,1.5,534.58,85.0,1220.0,1.25,-0.9,3.5,49.17,7.1,1009.65
2026-03-18,14.4,1.5,7.7,87,39,65,13.9,9.8,31.7,62,1029.4,0.0,0.0,0.0,15.24,42402.8,21,2.36,541.67,95.0,1920.0,1.15,-0.3,3.1,6.21,3.8,1015.48
2026-03-19,13.6,1.2,7.6,96,40,67,11.4,6.3,24.1,16,1025.9,0.0,0.0,0.0,14.33,42852.92,45,2.16,442.08,15.0,1845.0,1.24,-1.8,3.7,4.96,0.8,1012.0
2026-03-20,12.4,0.9,6.8,86,44,67,9.9,5.2,21.6,340,1020.1,0.0,0.0,0.0,9.62,19702.2,76,1.57,427.08,20.0,1645.0,0.6,-1.1,3.5,38.58,2.1,1006.31
2026-03-21,10.6,4.6,7.4,97,44,70,14.5,9.8,33.1,73,1019.9,2.7,1.1,0.0,13.0,40356.85,57,1.93,515.83,130.0,1605.0,1.87,-2.0,5.8,33.62,6.3,1006.15
2026-03-22,13.3,0.8,7.4,81,39,60,14.3,8.8,33.5,92,1020.4,0.1,0.0,0.0,13.14,37105.29,46,2.17,532.08,45.0,1930.0,-0.27,-2.2,2.8,5.54,5.0,1006.57
2026-03-23,14.9,1.4,8.9,91,31,62,10.3,4.6,24.5,324,1017.9,0.0,0.0,0.0,13.26,37183.28,54,2.17,589.38,10.0,2430.0,0.97,-2.0,2.8,0.38,0.4,1004.21
2026-03-24,14.9,2.8,8.9,81,36,60,10.9,6.9,20.9,258,1018.8,0.0,0.0,0.0,13.48,38290.55,96,2.21,367.5,40.0,1335.0,0.87,-0.4,4.3,0.0,2.5,1005.13
2026-03-25,16.4,6.4,11.0,93,36,57,20.9,14.7,47.2,217,1003.6,0.9,0.8,0.0,11.18,23414.91,99,2.78,662.5,135.0,1785.0,2.17,-0.1,6.8,2.17,9.6,990.16
2026-03-26,9.1,3.7,6.4,90,45,65,19.5,14.1,43.9,325,1007.3,0.0,0.0,0.0,11.46,24836.39,98,1.89,913.75,270.0,1685.0,-0.05,-3.2,4.9,45.21,8.2,993.63
2026-03-27,8.9,1.0,5.0,92,35,60,16.9,13.3,40.3,338,1018.5,0.0,0.0,0.0,14.25,34003.58,67,2.2,778.96,280.0,1610.0,-2.82,-6.1,0.0,24.46,9.7,1004.62
2026-03-28,7.8,1.3,4.5,92,44,63,13.3,9.9,29.5,326,1018.7,2.3,1.1,0.07,8.65,12462.96,97,1.52,414.58,165.0,835.0,-2.12,-4.0,3.2,50.25,5.6,1004.8
2026-03-29,7.9,3.0,5.3,97,66,83,19.0,13.2,42.1,322,1021.7,5.8,5.3,0.0,5.77,654.07,97,0.9,529.58,115.0,1065.0,2.53,1.9,3.2,91.54,6.7,1007.74
2026-03-30,9.0,0.9,5.4,91,52,70,14.9,9.9,35.6,249,1015.2,0.1,0.1,0.0,11.37,23958.83,79,1.66,535.62,45.0,1390.0,-0.03,-1.4,2.4,27.29,4.2,1001.33
2026-03-31,8.6,2.8,5.4,97,51,76,19.7,13.7,43.9,323,1019.2,0.7,0.3,0.0,11.37,28266.43,86,1.54,621.46,100.0,1355.0,1.23,-1.1,3.0,41.08,8.2,1005.31
